# MagicaVoxel @ Ephtracy

# group
o 

# material
mtllib CamoStellarJet.mtl
usemtl palette

# normals
vn -1 0 0
vn 1 0 0
vn 0 0 1
vn 0 0 -1
vn 0 -1 0
vn 0 1 0

# texcoords
vt 0.298828 0.5
vt 0.302734 0.5
vt 0.306641 0.5
vt 0.310547 0.5
vt 0.337891 0.5
vt 0.662109 0.5
vt 0.673828 0.5
vt 0.677734 0.5
vt 0.814453 0.5
vt 0.970703 0.5

# verts
v -3 -0.1 -0.7
v -3 -0.1 -0.9
v -3 -0.1 -1
v -3 -0.1 -1.1
v -3 -0.1 -1.3
v -3 -0.1 -1.7
v -3 0 -0.7
v -3 0 -0.9
v -3 0 -1
v -3 0 -1.1
v -3 0 -1.3
v -3 0 -1.7
v -2.9 0 -1.4
v -2.9 0 -1.5
v -2.9 0 -1.6
v -2.9 0.1 -1.4
v -2.9 0.1 -1.5
v -2.9 0.1 -1.6
v -2.8 -0.1 -0.6
v -2.8 -0.1 -0.7
v -2.8 0 -0.6
v -2.8 0 -0.7
v -2.6 -0.1 -0.5
v -2.6 -0.1 -0.6
v -2.6 0 -0.5
v -2.6 0 -0.6
v -2.4 -0.1 -0.4
v -2.4 -0.1 -0.5
v -2.4 0 -0.4
v -2.4 0 -0.5
v -2.2 -0.1 -0.3
v -2.2 -0.1 -0.4
v -2.2 0 -0.3
v -2.2 0 -0.4
v -2.1 -0.2 -0.2
v -2.1 -0.2 -0.4
v -2.1 -0.1 -0.3
v -2.1 -0.1 -0.4
v -2.1 0 -0.2
v -2.1 0 -0.3
v -2.1 0 -0.4
v -2.1 0 -0.5
v -2.1 0 -0.6
v -2.1 0 -0.7
v -2.1 0.1 -0.3
v -2.1 0.1 -0.5
v -2.1 0.1 -0.6
v -2.1 0.1 -0.7
v -2 -0.4 -1.3
v -2 -0.4 -1.5
v -2 -0.4 -1.6
v -2 -0.4 -1.7
v -2 -0.3 -1.3
v -2 -0.3 -1.5
v -2 -0.3 -1.6
v -2 -0.3 -1.7
v -1.9 -0.4 -1.2
v -1.9 -0.4 -1.3
v -1.9 -0.3 -1.2
v -1.9 -0.3 -1.3
v -1.9 -0.2 0.3
v -1.9 -0.2 0.2
v -1.9 -0.2 0.0999999
v -1.9 -0.2 -0.3
v -1.9 -0.1 -0.3
v -1.9 0 0.0999999
v -1.9 0 -0.1
v -1.9 0 -0.3
v -1.9 0.1 0.3
v -1.9 0.1 0.2
v -1.9 0.1 0.0999999
v -1.9 0.1 -0.1
v -1.8 -0.3 -1.1
v -1.8 -0.3 -1.2
v -1.8 -0.3 -1.3
v -1.8 -0.3 -1.4
v -1.8 -0.3 -1.5
v -1.8 -0.2 0.4
v -1.8 -0.2 0.3
v -1.8 -0.2 -1.1
v -1.8 -0.2 -1.3
v -1.8 -0.2 -1.4
v -1.8 -0.2 -1.5
v -1.8 -0.1 0.2
v -1.8 -0.1 0.0999999
v -1.8 0 0.4
v -1.8 0 0.3
v -1.8 0 0.2
v -1.8 0 0.0999999
v -1.8 0 -0.1
v -1.8 0 -0.5
v -1.8 0.1 0.4
v -1.8 0.1 0.3
v -1.8 0.1 -0.1
v -1.8 0.1 -0.5
v -1.7 -0.3 -1
v -1.7 -0.3 -1.1
v -1.7 -0.2 0.7
v -1.7 -0.2 0.6
v -1.7 -0.2 0.4
v -1.7 -0.2 -1
v -1.7 -0.2 -1.1
v -1.7 0 0.6
v -1.7 0 0.4
v -1.7 0 -0.5
v -1.7 0 -0.7
v -1.7 0 -0.8
v -1.7 0.1 0.7
v -1.7 0.1 0.4
v -1.7 0.1 -0.5
v -1.7 0.1 -0.8
v -1.6 -0.4 -0.7
v -1.6 -0.4 -1.3
v -1.6 -0.4 -1.5
v -1.6 -0.4 -1.8
v -1.6 -0.3 -0.4
v -1.6 -0.3 -0.7
v -1.6 -0.3 -0.9
v -1.6 -0.3 -1
v -1.6 -0.3 -1.2
v -1.6 -0.3 -1.3
v -1.6 -0.3 -1.4
v -1.6 -0.2 -0.3
v -1.6 -0.2 -0.4
v -1.6 -0.2 -0.7
v -1.6 -0.2 -0.9
v -1.6 -0.2 -1
v -1.6 -0.2 -1.3
v -1.6 -0.2 -1.4
v -1.6 -0.1 -0.3
v -1.6 -0.1 -0.4
v -1.6 -0.1 -1.3
v -1.6 0 -1
v -1.6 0 -1.2
v -1.6 0 -1.3
v -1.6 0 -1.5
v -1.6 0 -1.7
v -1.6 0.1 -1
v -1.6 0.1 -1.3
v -1.6 0.1 -1.5
v -1.6 0.1 -1.7
v -1.6 0.1 -1.8
v -1.5 -0.5 -0.7
v -1.5 -0.5 -1.3
v -1.5 -0.5 -1.5
v -1.5 -0.5 -1.8
v -1.5 -0.4 -0.4
v -1.5 -0.4 -0.7
v -1.5 -0.4 -1.3
v -1.5 -0.4 -1.5
v -1.5 -0.4 -1.8
v -1.5 -0.4 -2.1
v -1.5 -0.3 -0.1
v -1.5 -0.3 -0.4
v -1.5 -0.3 -0.7
v -1.5 -0.3 -0.9
v -1.5 -0.2 -0.1
v -1.5 -0.2 -0.4
v -1.5 -0.2 -0.7
v -1.5 -0.2 -0.9
v -1.5 0.1 -1
v -1.5 0.1 -1.3
v -1.5 0.1 -1.5
v -1.5 0.1 -1.7
v -1.5 0.1 -1.8
v -1.5 0.1 -2.1
v -1.5 0.2 -1
v -1.5 0.2 -1.3
v -1.5 0.2 -1.5
v -1.5 0.2 -1.8
v -1.4 -0.6 -1
v -1.4 -0.6 -1.3
v -1.4 -0.6 -1.5
v -1.4 -0.6 -1.8
v -1.4 -0.5 -1
v -1.4 -0.5 -1.3
v -1.4 -0.5 -1.5
v -1.4 -0.5 -1.8
v -1.4 -0.5 -2.1
v -1.4 -0.4 0
v -1.4 -0.4 -0.3
v -1.4 -0.4 -1.8
v -1.4 -0.4 -2.1
v -1.4 -0.4 -2.3
v -1.4 -0.3 -0.1
v -1.4 -0.3 -0.3
v -1.4 -0.2 0.8
v -1.4 -0.2 0.7
v -1.4 -0.2 0.2
v -1.4 -0.2 0.0999999
v -1.4 -0.2 0
v -1.4 -0.2 -0.1
v -1.4 -0.2 -0.4
v -1.4 -0.2 -1.3
v -1.4 -0.1 0.2
v -1.4 -0.1 0.0999999
v -1.4 -0.1 -0.4
v -1.4 -0.1 -0.9
v -1.4 -0.1 -1
v -1.4 -0.1 -1.3
v -1.4 0 0.2
v -1.4 0 0.0999999
v -1.4 0 -0.8
v -1.4 0 -0.9
v -1.4 0 -1
v -1.4 0 -2.1
v -1.4 0 -2.3
v -1.4 0.1 0.7
v -1.4 0.1 0.3
v -1.4 0.1 0.2
v -1.4 0.1 0.0999999
v -1.4 0.1 -0.5
v -1.4 0.1 -0.7
v -1.4 0.1 -0.8
v -1.4 0.1 -0.9
v -1.4 0.1 -1
v -1.4 0.2 0.8
v -1.4 0.2 0.7
v -1.4 0.2 0.3
v -1.4 0.2 0.2
v -1.4 0.2 0.0999999
v -1.4 0.2 -0.5
v -1.4 0.2 -0.7
v -1.4 0.2 -0.8
v -1.4 0.2 -0.9
v -1.2 -0.2 0.9
v -1.2 -0.2 0.8
v -1.2 -0.1 0.9
v -1.2 -0.1 0.8
v -1.2 0.1 0.9
v -1.2 0.1 0.8
v -1.2 0.2 0.9
v -1.2 0.2 0.8
v -1 0.6 -1.4
v -1 0.6 -1.9
v -1 0.6 -2.2
v -1 0.7 -1.4
v -1 0.7 -1.5
v -1 0.7 -1.9
v -1 0.7 -2.2
v -1 0.7 -2.3
v -1 0.8 -1.5
v -1 0.8 -2.3
v -0.9 -0.5 -1.6
v -0.9 -0.5 -1.8
v -0.9 -0.5 -2.1
v -0.9 -0.4 0
v -0.9 -0.4 -0.3
v -0.9 -0.4 -1.5
v -0.9 -0.4 -1.6
v -0.9 -0.4 -2.1
v -0.9 -0.4 -2.3
v -0.9 -0.3 -0.1
v -0.9 -0.3 -0.3
v -0.9 -0.2 0.3
v -0.9 -0.2 0.2
v -0.9 -0.2 0
v -0.9 -0.2 -0.1
v -0.9 -0.1 0.3
v -0.9 -0.1 0.2
v -0.9 -0.1 -1.5
v -0.9 -0.1 -1.6
v -0.9 -0.1 -2.3
v -0.9 0.1 0.2
v -0.9 0.1 0.0999999
v -0.9 0.2 0.2
v -0.9 0.2 0.0999999
v -0.9 0.4 -1.2
v -0.9 0.4 -1.3
v -0.9 0.4 -1.6
v -0.9 0.4 -1.7
v -0.9 0.4 -2
v -0.9 0.5 -1.2
v -0.9 0.5 -1.3
v -0.9 0.5 -1.4
v -0.9 0.5 -1.6
v -0.9 0.5 -1.8
v -0.9 0.5 -2
v -0.9 0.5 -2.1
v -0.9 0.6 -1.3
v -0.9 0.6 -1.4
v -0.9 0.6 -1.6
v -0.9 0.6 -1.7
v -0.9 0.6 -1.8
v -0.9 0.6 -2
v -0.9 0.6 -2.1
v -0.8 -0.5 -0.7
v -0.8 -0.5 -1
v -0.8 -0.5 -1.1
v -0.8 -0.4 -0.4
v -0.8 -0.4 -0.7
v -0.8 -0.3 -0.4
v -0.8 -0.3 -1.1
v -0.8 -0.2 1.1
v -0.8 -0.2 0.9
v -0.8 -0.2 0.5
v -0.8 -0.2 0.3
v -0.8 -0.2 0.2
v -0.8 -0.2 0
v -0.8 -0.2 -0.1
v -0.8 -0.1 1.1
v -0.8 -0.1 0.9
v -0.8 -0.1 0.5
v -0.8 -0.1 0.3
v -0.8 -0.1 0.2
v -0.8 -0.1 -0.1
v -0.8 0.1 1
v -0.8 0.1 0.9
v -0.8 0.1 0.5
v -0.8 0.1 0.3
v -0.8 0.1 0.2
v -0.8 0.1 0.0999999
v -0.8 0.1 -0.3
v -0.8 0.2 1
v -0.8 0.2 0.9
v -0.8 0.2 0.5
v -0.8 0.2 0.3
v -0.8 0.2 0.2
v -0.8 0.2 0.0999999
v -0.8 0.2 -0.3
v -0.8 0.2 -1.1
v -0.8 0.2 -1.3
v -0.8 0.2 -1.5
v -0.8 0.2 -1.8
v -0.8 0.2 -1.9
v -0.8 0.4 -1.1
v -0.8 0.4 -1.2
v -0.8 0.4 -1.3
v -0.8 0.4 -1.6
v -0.8 0.4 -1.7
v -0.8 0.4 -1.9
v -0.7 0.1 -0.3
v -0.7 0.1 -0.4
v -0.7 0.1 -0.5
v -0.7 0.1 -1.8
v -0.7 0.1 -1.9
v -0.7 0.2 -0.3
v -0.7 0.2 -0.4
v -0.7 0.2 -0.5
v -0.7 0.2 -0.7
v -0.7 0.2 -0.9
v -0.7 0.2 -1
v -0.7 0.2 -1.1
v -0.7 0.2 -1.8
v -0.7 0.2 -1.9
v -0.7 0.3 -0.7
v -0.7 0.3 -0.9
v -0.7 0.3 -1
v -0.7 0.3 -1.1
v -0.7 0.4 -1.2
v -0.7 0.4 -1.3
v -0.7 0.5 -1.2
v -0.7 0.5 -1.3
v -0.6 -0.3 -0.3
v -0.6 -0.3 -0.4
v -0.6 -0.2 -0.3
v -0.6 -0.2 -0.4
v -0.6 0.1 -0.7
v -0.6 0.1 -1.1
v -0.6 0.2 -0.6
v -0.6 0.2 -0.7
v -0.6 0.2 -0.9
v -0.6 0.2 -1
v -0.6 0.2 -1.1
v -0.6 0.3 -0.6
v -0.6 0.3 -0.7
v -0.5 -0.4 0.8
v -0.5 -0.4 0.7
v -0.5 -0.2 0.8
v -0.5 -0.2 0.7
v -0.5 -0.1 1.2
v -0.5 -0.1 1.1
v -0.5 -0.1 1
v -0.5 -0.1 0.7
v -0.5 0 1.2
v -0.5 0 1.1
v -0.5 0.1 1.1
v -0.5 0.1 1
v -0.5 0.1 0.9
v -0.5 0.1 0.7
v -0.5 0.2 -1.9
v -0.5 0.2 -2
v -0.5 0.3 -1.9
v -0.5 0.3 -2
v -0.4 -0.3 1.1
v -0.4 -0.3 0.8
v -0.4 -0.3 0.7
v -0.4 -0.3 -0.3
v -0.4 -0.2 1.1
v -0.4 -0.2 0.8
v -0.4 -0.2 0.7
v -0.4 -0.2 0.6
v -0.4 -0.2 0.5
v -0.4 -0.2 -0.3
v -0.4 -0.1 1.8
v -0.4 -0.1 1.6
v -0.4 -0.1 1.5
v -0.4 -0.1 1.2
v -0.4 -0.1 0.6
v -0.4 -0.1 0.5
v -0.4 0 1.9
v -0.4 0 1.8
v -0.4 0 1.5
v -0.4 0 1.2
v -0.4 0 1.1
v -0.4 0.1 2
v -0.4 0.1 1.9
v -0.4 0.1 1.8
v -0.4 0.1 1.7
v -0.4 0.1 1.5
v -0.4 0.1 1.1
v -0.4 0.1 1
v -0.4 0.1 0.6
v -0.4 0.1 0.5
v -0.4 0.2 2
v -0.4 0.2 1.8
v -0.4 0.2 1.7
v -0.4 0.2 1.6
v -0.4 0.2 1.5
v -0.4 0.2 1.4
v -0.4 0.2 1
v -0.4 0.2 0.9
v -0.4 0.2 0.8
v -0.4 0.2 0.6
v -0.4 0.2 0.5
v -0.4 0.2 0.3
v -0.4 0.2 -0.3
v -0.4 0.3 1.7
v -0.4 0.3 1.6
v -0.4 0.3 1.5
v -0.4 0.3 1.4
v -0.4 0.3 0.8
v -0.4 0.3 0.3
v -0.4 0.3 -0.3
v -0.3 -0.4 0.9
v -0.3 -0.4 0.8
v -0.3 -0.4 0.7
v -0.3 -0.4 -0.3
v -0.3 -0.3 0.9
v -0.3 -0.3 0.8
v -0.3 -0.3 0.7
v -0.3 -0.3 -0.3
v -0.3 -0.2 2
v -0.3 -0.2 1.6
v -0.3 -0.2 1.5
v -0.3 -0.2 1.1
v -0.3 -0.1 2.2
v -0.3 -0.1 2
v -0.3 -0.1 1.8
v -0.3 -0.1 1.6
v -0.3 -0.1 1.5
v -0.3 -0.1 1.1
v -0.3 0 2.3
v -0.3 0 2.2
v -0.3 0 1.9
v -0.3 0 1.8
v -0.3 0.1 2.3
v -0.3 0.1 2.1
v -0.3 0.1 2
v -0.3 0.1 1.9
v -0.3 0.2 2.1
v -0.3 0.2 2
v -0.3 0.2 1.9
v -0.3 0.2 1.8
v -0.3 0.2 1.7
v -0.3 0.3 1.9
v -0.3 0.3 1.7
v -0.3 0.3 1.6
v -0.3 0.3 1.5
v -0.3 0.3 1.4
v -0.3 0.3 1.3
v -0.3 0.3 0.9
v -0.3 0.3 0.8
v -0.3 0.3 0.3
v -0.3 0.3 0.0999999
v -0.3 0.3 -0.1
v -0.3 0.4 1.7
v -0.3 0.4 1.5
v -0.3 0.4 1.4
v -0.3 0.4 1.3
v -0.3 0.4 0.9
v -0.3 0.4 0.8
v -0.3 0.4 0.0999999
v -0.3 0.4 -0.1
v -0.2 -0.4 1.1
v -0.2 -0.4 1
v -0.2 -0.4 0.9
v -0.2 -0.3 1.5
v -0.2 -0.3 1.1
v -0.2 -0.3 1
v -0.2 -0.3 0.9
v -0.2 -0.2 2.2
v -0.2 -0.2 2
v -0.2 -0.2 1.5
v -0.2 -0.2 1.1
v -0.2 -0.1 2.4
v -0.2 -0.1 2.2
v -0.2 -0.1 2
v -0.2 0 2.5
v -0.2 0 2.4
v -0.2 0 2.3
v -0.2 0 2.2
v -0.2 0.1 2.5
v -0.2 0.1 2.3
v -0.2 0.1 2.1
v -0.2 0.1 -0.5
v -0.2 0.1 -0.7
v -0.2 0.2 2.3
v -0.2 0.2 2.1
v -0.2 0.2 1.9
v -0.2 0.2 -0.3
v -0.2 0.2 -0.5
v -0.2 0.2 -0.6
v -0.2 0.2 -0.7
v -0.2 0.3 2.1
v -0.2 0.3 1.9
v -0.2 0.3 1.7
v -0.2 0.3 -0.1
v -0.2 0.3 -0.2
v -0.2 0.3 -0.3
v -0.2 0.3 -0.6
v -0.2 0.3 -0.7
v -0.2 0.3 -0.9
v -0.2 0.4 1.9
v -0.2 0.4 1.7
v -0.2 0.4 1.3
v -0.2 0.4 0.9
v -0.2 0.4 0.8
v -0.2 0.4 0.7
v -0.2 0.4 0.5
v -0.2 0.4 0.0999999
v -0.2 0.4 0
v -0.2 0.4 -0.1
v -0.2 0.4 -0.2
v -0.2 0.4 -0.6
v -0.2 0.4 -0.7
v -0.2 0.4 -0.8
v -0.2 0.4 -0.9
v -0.2 0.5 1.3
v -0.2 0.5 1.2
v -0.2 0.5 0.8
v -0.2 0.5 0.7
v -0.2 0.5 0.6
v -0.2 0.5 0.5
v -0.2 0.5 0
v -0.2 0.5 -0.2
v -0.2 0.5 -0.7
v -0.2 0.5 -0.8
v -0.2 0.6 1.2
v -0.2 0.6 0.9
v -0.2 0.6 0.8
v -0.2 0.6 0.7
v -0.2 0.6 0.6
v -0.2 0.6 0.5
v -0.0999999 -0.2 2.3
v -0.0999999 -0.2 2.2
v -0.0999999 -0.1 2.6
v -0.0999999 -0.1 2.4
v -0.0999999 -0.1 2.3
v -0.0999999 -0.1 2.2
v -0.0999999 0 2.7
v -0.0999999 0 2.6
v -0.0999999 0 2.5
v -0.0999999 0 2.4
v -0.0999999 0.1 2.7
v -0.0999999 0.1 2.5
v -0.0999999 0.1 2.3
v -0.0999999 0.2 2.5
v -0.0999999 0.2 2.3
v -0.0999999 0.2 2.1
v -0.0999999 0.3 2.3
v -0.0999999 0.3 2.1
v 0.1 0.4 0.4
v 0.1 0.4 0.3
v 0.1 0.4 0.2
v 0.1 0.4 0.0999999
v 0.1 0.4 0
v 0.1 0.4 -0.1
v 0.1 0.4 -0.7
v 0.1 0.4 -0.8
v 0.1 0.5 0.4
v 0.1 0.5 0.3
v 0.1 0.5 0.2
v 0.1 0.5 0.0999999
v 0.1 0.5 0
v 0.1 0.5 -0.1
v 0.1 0.5 -0.7
v 0.1 0.5 -0.8
v 0.5 -0.2 -0.8
v 0.5 -0.2 -0.9
v 0.5 -0.2 -1.1
v 0.5 -0.1 -0.7
v 0.5 -0.1 -0.8
v 0.5 0 -0.7
v 0.5 0.1 -0.7
v 0.5 0.2 -0.7
v 0.5 0.2 -1
v 0.5 0.2 -1.1
v 0.5 0.3 -1.2
v 0.5 0.3 -1.3
v 0.5 0.5 -1.2
v 0.5 0.5 -1.3
v 0.6 -0.4 -0.7
v 0.6 -0.4 -1.3
v 0.6 -0.4 -1.5
v 0.6 -0.4 -1.8
v 0.6 -0.3 -0.7
v 0.6 -0.3 -0.9
v 0.6 -0.2 -0.9
v 0.6 -0.2 -1.1
v 0.6 0.1 -1.8
v 0.6 0.1 -1.9
v 0.6 0.2 -1
v 0.6 0.2 -1.1
v 0.6 0.2 -1.2
v 0.6 0.2 -1.3
v 0.6 0.2 -1.5
v 0.6 0.2 -1.7
v 0.6 0.2 -1.9
v 0.6 0.3 -1
v 0.6 0.3 -1.1
v 0.6 0.3 -1.2
v 0.6 0.3 -1.3
v 0.6 0.3 -1.5
v 0.6 0.3 -1.7
v 0.6 0.3 -1.8
v 0.6 0.4 -1.1
v 0.6 0.4 -1.2
v 0.6 0.4 -1.3
v 0.6 0.4 -1.8
v 0.7 -0.5 -0.7
v 0.7 -0.5 -1.3
v 0.7 -0.5 -1.5
v 0.7 -0.5 -1.8
v 0.7 -0.4 -0.4
v 0.7 -0.4 -0.7
v 0.7 -0.4 -1.3
v 0.7 -0.4 -1.5
v 0.7 -0.4 -1.8
v 0.7 -0.4 -2.1
v 0.7 -0.3 -0.1
v 0.7 -0.3 -0.4
v 0.7 -0.3 -0.7
v 0.7 -0.2 -0.1
v 0.7 -0.2 -0.4
v 0.7 0.1 -1.8
v 0.7 0.1 -1.9
v 0.7 0.1 -2.1
v 0.7 0.3 -1.8
v 0.7 0.3 -1.9
v 0.7 0.4 -1.8
v 0.7 0.4 -1.9
v 0.8 -0.6 -1
v 0.8 -0.6 -1.3
v 0.8 -0.6 -1.5
v 0.8 -0.6 -1.8
v 0.8 -0.5 -1
v 0.8 -0.5 -1.3
v 0.8 -0.5 -1.5
v 0.8 -0.5 -1.8
v 0.8 -0.5 -2.1
v 0.8 -0.4 0
v 0.8 -0.4 -0.3
v 0.8 -0.4 -1.8
v 0.8 -0.4 -2.1
v 0.8 -0.4 -2.3
v 0.8 -0.3 -0.1
v 0.8 -0.3 -0.3
v 0.8 -0.2 0.6
v 0.8 -0.2 0.5
v 0.8 -0.2 0
v 0.8 -0.2 -0.1
v 0.8 -0.1 0.6
v 0.8 -0.1 0.5
v 0.8 0 -2.1
v 0.8 0 -2.3
v 0.8 0.1 0.6
v 0.8 0.1 0.5
v 0.8 0.1 -0.3
v 0.8 0.1 -0.9
v 0.8 0.1 -1
v 0.8 0.1 -1.1
v 0.8 0.2 0.6
v 0.8 0.2 0.5
v 0.8 0.2 -0.3
v 0.8 0.2 -0.9
v 0.8 0.2 -1
v 0.8 0.2 -1.1
v 0.8 0.4 -1.2
v 0.8 0.4 -1.3
v 0.8 0.4 -1.6
v 0.8 0.4 -1.7
v 0.8 0.4 -1.9
v 0.8 0.4 -2
v 0.8 0.5 -1.2
v 0.8 0.5 -1.3
v 0.8 0.5 -1.4
v 0.8 0.5 -1.6
v 0.8 0.5 -1.8
v 0.8 0.5 -2
v 0.8 0.5 -2.1
v 0.8 0.6 -1.3
v 0.8 0.6 -1.4
v 0.8 0.6 -1.6
v 0.8 0.6 -1.7
v 0.8 0.6 -1.8
v 0.8 0.6 -2
v 0.8 0.6 -2.1
v 0.9 -0.2 0.5
v 0.9 -0.2 0.3
v 0.9 -0.2 0.2
v 0.9 -0.2 0
v 0.9 -0.2 -0.1
v 0.9 -0.1 0.5
v 0.9 -0.1 0.3
v 0.9 -0.1 0.2
v 0.9 -0.1 -0.1
v 0.9 0.1 0.5
v 0.9 0.1 0.4
v 0.9 0.1 0.2
v 0.9 0.1 0.0999999
v 0.9 0.1 0
v 0.9 0.1 -0.3
v 0.9 0.2 0.5
v 0.9 0.2 0.4
v 0.9 0.2 0.2
v 0.9 0.2 0.0999999
v 0.9 0.2 0
v 0.9 0.2 -0.3
v 0.9 0.6 -1.4
v 0.9 0.6 -1.6
v 0.9 0.6 -1.7
v 0.9 0.6 -1.8
v 0.9 0.6 -1.9
v 0.9 0.6 -2
v 0.9 0.6 -2.1
v 0.9 0.6 -2.2
v 0.9 0.7 -1.4
v 0.9 0.7 -1.5
v 0.9 0.7 -1.9
v 0.9 0.7 -2.2
v 0.9 0.7 -2.3
v 0.9 0.8 -1.5
v 0.9 0.8 -2.3
v 1.3 -0.5 -1.6
v 1.3 -0.5 -1.8
v 1.3 -0.5 -2.1
v 1.3 -0.4 0
v 1.3 -0.4 -0.3
v 1.3 -0.4 -1.5
v 1.3 -0.4 -1.6
v 1.3 -0.4 -2.1
v 1.3 -0.4 -2.3
v 1.3 -0.3 -0.1
v 1.3 -0.3 -0.3
v 1.3 -0.2 0
v 1.3 -0.2 -0.1
v 1.3 -0.1 0.8
v 1.3 -0.1 0.7
v 1.3 -0.1 -1.5
v 1.3 -0.1 -1.6
v 1.3 -0.1 -2.3
v 1.3 0.1 0.8
v 1.3 0.1 0.7
v 1.4 -0.5 -0.7
v 1.4 -0.5 -1
v 1.4 -0.5 -1.1
v 1.4 -0.4 -0.4
v 1.4 -0.4 -0.7
v 1.4 -0.3 -0.4
v 1.4 -0.3 -1.1
v 1.4 -0.2 0.3
v 1.4 -0.2 0.2
v 1.4 -0.1 0.3
v 1.4 -0.1 0.2
v 1.7 -0.3 -1.4
v 1.7 -0.3 -1.5
v 1.7 -0.2 -1.4
v 1.7 -0.2 -1.5
v 1.8 -0.4 -1.2
v 1.8 -0.4 -1.4
v 1.8 -0.4 -1.5
v 1.8 -0.4 -1.6
v 1.8 -0.3 -1.2
v 1.8 -0.3 -1.3
v 1.8 -0.3 -1.4
v 1.8 -0.3 -1.5
v 1.8 -0.3 -1.6
v 1.9 -0.4 -1.6
v 1.9 -0.4 -1.7
v 1.9 -0.3 -1.6
v 1.9 -0.3 -1.7
v 2 -0.2 -0.2
v 2 -0.2 -0.4
v 2 -0.1 -0.3
v 2 -0.1 -0.4
v 2 -0.1 -1.3
v 2 -0.1 -1.4
v 2 0 -0.2
v 2 0 -0.3
v 2 0 -0.5
v 2 0 -0.6
v 2 0 -0.7
v 2 0 -1.3
v 2 0 -1.4
v 2 0.1 -0.3
v 2 0.1 -0.5
v 2 0.1 -0.6
v 2 0.1 -0.7
v 2.4 -0.1 -1.4
v 2.4 -0.1 -1.5
v 2.4 0 -1.4
v 2.4 0 -1.5
v 2.8 -0.1 -1.5
v 2.8 -0.1 -1.6
v 2.8 0 -1.4
v 2.8 0 -1.5
v 2.8 0.1 -1.4
v 2.8 0.1 -1.5
v 2.8 0.1 -1.6
v 2.9 -0.1 -1.6
v 2.9 -0.1 -1.7
v 2.9 0 -1.6
v 2.9 0 -1.7
v -2.9 -0.1 -1.6
v -2.9 -0.1 -1.7
v -2.9 0 -1.6
v -2.9 0 -1.7
v -2.8 -0.1 -1.5
v -2.8 -0.1 -1.6
v -2.8 0 -1.4
v -2.8 0 -1.5
v -2.8 0.1 -1.4
v -2.8 0.1 -1.5
v -2.8 0.1 -1.6
v -2.4 -0.1 -1.4
v -2.4 -0.1 -1.5
v -2.4 0 -1.4
v -2.4 0 -1.5
v -2 -0.2 -0.2
v -2 -0.2 -0.4
v -2 -0.1 -0.3
v -2 -0.1 -0.4
v -2 -0.1 -1.3
v -2 -0.1 -1.4
v -2 0 -0.2
v -2 0 -0.3
v -2 0 -0.5
v -2 0 -0.6
v -2 0 -0.7
v -2 0 -1.3
v -2 0 -1.4
v -2 0.1 -0.3
v -2 0.1 -0.5
v -2 0.1 -0.6
v -2 0.1 -0.7
v -1.9 -0.4 -1.6
v -1.9 -0.4 -1.7
v -1.9 -0.3 -1.6
v -1.9 -0.3 -1.7
v -1.8 -0.4 -1.2
v -1.8 -0.4 -1.4
v -1.8 -0.4 -1.5
v -1.8 -0.4 -1.6
v -1.8 -0.3 -1.2
v -1.8 -0.3 -1.3
v -1.8 -0.3 -1.4
v -1.8 -0.3 -1.5
v -1.8 -0.3 -1.6
v -1.7 -0.3 -1.4
v -1.7 -0.3 -1.5
v -1.7 -0.2 -1.4
v -1.7 -0.2 -1.5
v -1.4 -0.5 -0.7
v -1.4 -0.5 -1
v -1.4 -0.5 -1.1
v -1.4 -0.4 -0.4
v -1.4 -0.4 -0.7
v -1.4 -0.3 -0.4
v -1.4 -0.3 -1.1
v -1.4 -0.2 0.3
v -1.4 -0.2 0.2
v -1.4 -0.1 0.3
v -1.4 -0.1 0.2
v -1.3 -0.5 -1.6
v -1.3 -0.5 -1.8
v -1.3 -0.5 -2.1
v -1.3 -0.4 0
v -1.3 -0.4 -0.3
v -1.3 -0.4 -1.5
v -1.3 -0.4 -1.6
v -1.3 -0.4 -2.1
v -1.3 -0.4 -2.3
v -1.3 -0.3 -0.1
v -1.3 -0.3 -0.3
v -1.3 -0.2 0
v -1.3 -0.2 -0.1
v -1.3 -0.1 0.8
v -1.3 -0.1 0.7
v -1.3 -0.1 -1.5
v -1.3 -0.1 -1.6
v -1.3 -0.1 -2.3
v -1.3 0.1 0.8
v -1.3 0.1 0.7
v -0.9 -0.2 0.5
v -0.9 -0.2 0.3
v -0.9 -0.2 0.2
v -0.9 -0.2 0
v -0.9 -0.2 -0.1
v -0.9 -0.1 0.5
v -0.9 -0.1 0.3
v -0.9 -0.1 0.2
v -0.9 -0.1 -0.1
v -0.9 0.1 0.5
v -0.9 0.1 0.4
v -0.9 0.1 0.2
v -0.9 0.1 0.0999999
v -0.9 0.1 0
v -0.9 0.1 -0.3
v -0.9 0.2 0.5
v -0.9 0.2 0.4
v -0.9 0.2 0.2
v -0.9 0.2 0.0999999
v -0.9 0.2 0
v -0.9 0.2 -0.3
v -0.9 0.6 -1.4
v -0.9 0.6 -1.6
v -0.9 0.6 -1.7
v -0.9 0.6 -1.8
v -0.9 0.6 -1.9
v -0.9 0.6 -2
v -0.9 0.6 -2.1
v -0.9 0.6 -2.2
v -0.9 0.7 -1.4
v -0.9 0.7 -1.5
v -0.9 0.7 -1.9
v -0.9 0.7 -2.2
v -0.9 0.7 -2.3
v -0.9 0.8 -1.5
v -0.9 0.8 -2.3
v -0.8 -0.6 -1
v -0.8 -0.6 -1.3
v -0.8 -0.6 -1.5
v -0.8 -0.6 -1.8
v -0.8 -0.5 -1
v -0.8 -0.5 -1.3
v -0.8 -0.5 -1.5
v -0.8 -0.5 -1.8
v -0.8 -0.5 -2.1
v -0.8 -0.4 0
v -0.8 -0.4 -0.3
v -0.8 -0.4 -1.8
v -0.8 -0.4 -2.1
v -0.8 -0.4 -2.3
v -0.8 -0.3 -0.1
v -0.8 -0.3 -0.3
v -0.8 -0.2 0.6
v -0.8 -0.2 0.5
v -0.8 -0.2 0
v -0.8 -0.2 -0.1
v -0.8 -0.1 0.6
v -0.8 -0.1 0.5
v -0.8 0 -2.1
v -0.8 0 -2.3
v -0.8 0.1 0.6
v -0.8 0.1 0.5
v -0.8 0.1 -0.3
v -0.8 0.1 -0.9
v -0.8 0.1 -1
v -0.8 0.1 -1.1
v -0.8 0.2 0.6
v -0.8 0.2 0.5
v -0.8 0.2 -0.3
v -0.8 0.2 -0.9
v -0.8 0.2 -1
v -0.8 0.2 -1.1
v -0.8 0.4 -1.2
v -0.8 0.4 -1.3
v -0.8 0.4 -1.6
v -0.8 0.4 -1.7
v -0.8 0.4 -1.9
v -0.8 0.4 -2
v -0.8 0.5 -1.2
v -0.8 0.5 -1.3
v -0.8 0.5 -1.4
v -0.8 0.5 -1.6
v -0.8 0.5 -1.8
v -0.8 0.5 -2
v -0.8 0.5 -2.1
v -0.8 0.6 -1.3
v -0.8 0.6 -1.4
v -0.8 0.6 -1.6
v -0.8 0.6 -1.7
v -0.8 0.6 -1.8
v -0.8 0.6 -2
v -0.8 0.6 -2.1
v -0.7 -0.5 -0.7
v -0.7 -0.5 -1.3
v -0.7 -0.5 -1.5
v -0.7 -0.5 -1.8
v -0.7 -0.4 -0.4
v -0.7 -0.4 -0.7
v -0.7 -0.4 -1.3
v -0.7 -0.4 -1.5
v -0.7 -0.4 -1.8
v -0.7 -0.4 -2.1
v -0.7 -0.3 -0.1
v -0.7 -0.3 -0.4
v -0.7 -0.3 -0.7
v -0.7 -0.2 -0.1
v -0.7 -0.2 -0.4
v -0.7 0.1 -1.8
v -0.7 0.1 -1.9
v -0.7 0.1 -2.1
v -0.7 0.3 -1.8
v -0.7 0.3 -1.9
v -0.7 0.4 -1.8
v -0.7 0.4 -1.9
v -0.6 -0.4 -0.7
v -0.6 -0.4 -1.3
v -0.6 -0.4 -1.5
v -0.6 -0.4 -1.8
v -0.6 -0.3 -0.7
v -0.6 -0.3 -0.9
v -0.6 -0.2 -0.9
v -0.6 -0.2 -1.1
v -0.6 0.1 -1.8
v -0.6 0.1 -1.9
v -0.6 0.2 -1
v -0.6 0.2 -1.1
v -0.6 0.2 -1.2
v -0.6 0.2 -1.3
v -0.6 0.2 -1.5
v -0.6 0.2 -1.7
v -0.6 0.2 -1.9
v -0.6 0.3 -1
v -0.6 0.3 -1.1
v -0.6 0.3 -1.2
v -0.6 0.3 -1.3
v -0.6 0.3 -1.5
v -0.6 0.3 -1.7
v -0.6 0.3 -1.8
v -0.6 0.4 -1.1
v -0.6 0.4 -1.2
v -0.6 0.4 -1.3
v -0.6 0.4 -1.8
v -0.5 -0.2 -0.8
v -0.5 -0.2 -0.9
v -0.5 -0.2 -1.1
v -0.5 -0.1 -0.7
v -0.5 -0.1 -0.8
v -0.5 0 -0.7
v -0.5 0.1 -0.7
v -0.5 0.2 -0.7
v -0.5 0.2 -1
v -0.5 0.2 -1.1
v -0.5 0.3 -1.2
v -0.5 0.3 -1.3
v -0.5 0.5 -1.2
v -0.5 0.5 -1.3
v -0.0999999 0.4 0.4
v -0.0999999 0.4 0.3
v -0.0999999 0.4 0.2
v -0.0999999 0.4 0.0999999
v -0.0999999 0.4 0
v -0.0999999 0.4 -0.1
v -0.0999999 0.4 -0.7
v -0.0999999 0.4 -0.8
v -0.0999999 0.5 0.4
v -0.0999999 0.5 0.3
v -0.0999999 0.5 0.2
v -0.0999999 0.5 0.0999999
v -0.0999999 0.5 0
v -0.0999999 0.5 -0.1
v -0.0999999 0.5 -0.7
v -0.0999999 0.5 -0.8
v 0.1 -0.2 2.3
v 0.1 -0.2 2.2
v 0.1 -0.1 2.6
v 0.1 -0.1 2.4
v 0.1 -0.1 2.3
v 0.1 -0.1 2.2
v 0.1 0 2.7
v 0.1 0 2.6
v 0.1 0 2.5
v 0.1 0 2.4
v 0.1 0.1 2.7
v 0.1 0.1 2.5
v 0.1 0.1 2.3
v 0.1 0.2 2.5
v 0.1 0.2 2.3
v 0.1 0.2 2.1
v 0.1 0.3 2.3
v 0.1 0.3 2.1
v 0.2 -0.4 1.1
v 0.2 -0.4 1
v 0.2 -0.4 0.9
v 0.2 -0.3 1.5
v 0.2 -0.3 1.1
v 0.2 -0.3 1
v 0.2 -0.3 0.9
v 0.2 -0.2 2.2
v 0.2 -0.2 2
v 0.2 -0.2 1.5
v 0.2 -0.2 1.1
v 0.2 -0.1 2.4
v 0.2 -0.1 2.2
v 0.2 -0.1 2
v 0.2 0 2.5
v 0.2 0 2.4
v 0.2 0 2.3
v 0.2 0 2.2
v 0.2 0.1 2.5
v 0.2 0.1 2.3
v 0.2 0.1 2.1
v 0.2 0.1 -0.5
v 0.2 0.1 -0.7
v 0.2 0.2 2.3
v 0.2 0.2 2.1
v 0.2 0.2 1.9
v 0.2 0.2 -0.3
v 0.2 0.2 -0.5
v 0.2 0.2 -0.6
v 0.2 0.2 -0.7
v 0.2 0.3 2.1
v 0.2 0.3 1.9
v 0.2 0.3 1.7
v 0.2 0.3 -0.1
v 0.2 0.3 -0.2
v 0.2 0.3 -0.3
v 0.2 0.3 -0.6
v 0.2 0.3 -0.7
v 0.2 0.3 -0.9
v 0.2 0.4 1.9
v 0.2 0.4 1.7
v 0.2 0.4 1.3
v 0.2 0.4 0.9
v 0.2 0.4 0.8
v 0.2 0.4 0.7
v 0.2 0.4 0.5
v 0.2 0.4 0.0999999
v 0.2 0.4 0
v 0.2 0.4 -0.1
v 0.2 0.4 -0.2
v 0.2 0.4 -0.6
v 0.2 0.4 -0.7
v 0.2 0.4 -0.8
v 0.2 0.4 -0.9
v 0.2 0.5 1.3
v 0.2 0.5 1.2
v 0.2 0.5 0.8
v 0.2 0.5 0.7
v 0.2 0.5 0.6
v 0.2 0.5 0.5
v 0.2 0.5 0
v 0.2 0.5 -0.2
v 0.2 0.5 -0.7
v 0.2 0.5 -0.8
v 0.2 0.6 1.2
v 0.2 0.6 0.9
v 0.2 0.6 0.8
v 0.2 0.6 0.7
v 0.2 0.6 0.6
v 0.2 0.6 0.5
v 0.3 -0.4 0.9
v 0.3 -0.4 0.8
v 0.3 -0.4 0.7
v 0.3 -0.4 -0.3
v 0.3 -0.3 0.9
v 0.3 -0.3 0.8
v 0.3 -0.3 0.7
v 0.3 -0.3 -0.3
v 0.3 -0.2 2
v 0.3 -0.2 1.6
v 0.3 -0.2 1.5
v 0.3 -0.2 1.1
v 0.3 -0.1 2.2
v 0.3 -0.1 2
v 0.3 -0.1 1.8
v 0.3 -0.1 1.6
v 0.3 -0.1 1.5
v 0.3 -0.1 1.1
v 0.3 0 2.3
v 0.3 0 2.2
v 0.3 0 1.9
v 0.3 0 1.8
v 0.3 0.1 2.3
v 0.3 0.1 2.1
v 0.3 0.1 2
v 0.3 0.1 1.9
v 0.3 0.2 2.1
v 0.3 0.2 2
v 0.3 0.2 1.9
v 0.3 0.2 1.8
v 0.3 0.2 1.7
v 0.3 0.3 1.9
v 0.3 0.3 1.7
v 0.3 0.3 1.6
v 0.3 0.3 1.5
v 0.3 0.3 1.4
v 0.3 0.3 1.3
v 0.3 0.3 0.9
v 0.3 0.3 0.8
v 0.3 0.3 0.3
v 0.3 0.3 0.0999999
v 0.3 0.3 -0.1
v 0.3 0.4 1.7
v 0.3 0.4 1.5
v 0.3 0.4 1.4
v 0.3 0.4 1.3
v 0.3 0.4 0.9
v 0.3 0.4 0.8
v 0.3 0.4 0.0999999
v 0.3 0.4 -0.1
v 0.4 -0.3 1.1
v 0.4 -0.3 0.8
v 0.4 -0.3 0.7
v 0.4 -0.3 -0.3
v 0.4 -0.2 1.1
v 0.4 -0.2 0.8
v 0.4 -0.2 0.7
v 0.4 -0.2 0.6
v 0.4 -0.2 0.5
v 0.4 -0.2 -0.3
v 0.4 -0.1 1.8
v 0.4 -0.1 1.6
v 0.4 -0.1 1.5
v 0.4 -0.1 1.2
v 0.4 -0.1 0.6
v 0.4 -0.1 0.5
v 0.4 0 1.9
v 0.4 0 1.8
v 0.4 0 1.5
v 0.4 0 1.2
v 0.4 0 1.1
v 0.4 0.1 2
v 0.4 0.1 1.9
v 0.4 0.1 1.8
v 0.4 0.1 1.7
v 0.4 0.1 1.5
v 0.4 0.1 1.1
v 0.4 0.1 1
v 0.4 0.1 0.6
v 0.4 0.1 0.5
v 0.4 0.2 2
v 0.4 0.2 1.8
v 0.4 0.2 1.7
v 0.4 0.2 1.6
v 0.4 0.2 1.5
v 0.4 0.2 1.4
v 0.4 0.2 1
v 0.4 0.2 0.9
v 0.4 0.2 0.8
v 0.4 0.2 0.6
v 0.4 0.2 0.5
v 0.4 0.2 0.3
v 0.4 0.2 -0.3
v 0.4 0.3 1.7
v 0.4 0.3 1.6
v 0.4 0.3 1.5
v 0.4 0.3 1.4
v 0.4 0.3 0.8
v 0.4 0.3 0.3
v 0.4 0.3 -0.3
v 0.5 -0.4 0.8
v 0.5 -0.4 0.7
v 0.5 -0.2 0.8
v 0.5 -0.2 0.7
v 0.5 -0.1 1.2
v 0.5 -0.1 1.1
v 0.5 -0.1 1
v 0.5 -0.1 0.7
v 0.5 0 1.2
v 0.5 0 1.1
v 0.5 0.1 1.1
v 0.5 0.1 1
v 0.5 0.1 0.9
v 0.5 0.1 0.7
v 0.5 0.2 -1.9
v 0.5 0.2 -2
v 0.5 0.3 -1.9
v 0.5 0.3 -2
v 0.6 -0.3 -0.3
v 0.6 -0.3 -0.4
v 0.6 -0.2 -0.3
v 0.6 -0.2 -0.4
v 0.6 0.1 -0.7
v 0.6 0.1 -1.1
v 0.6 0.2 -0.6
v 0.6 0.2 -0.7
v 0.6 0.2 -0.9
v 0.6 0.2 -1
v 0.6 0.2 -1.1
v 0.6 0.3 -0.6
v 0.6 0.3 -0.7
v 0.7 0.1 -0.3
v 0.7 0.1 -0.4
v 0.7 0.1 -0.5
v 0.7 0.1 -1.8
v 0.7 0.1 -1.9
v 0.7 0.2 -0.3
v 0.7 0.2 -0.4
v 0.7 0.2 -0.5
v 0.7 0.2 -0.7
v 0.7 0.2 -0.9
v 0.7 0.2 -1
v 0.7 0.2 -1.1
v 0.7 0.2 -1.8
v 0.7 0.2 -1.9
v 0.7 0.3 -0.7
v 0.7 0.3 -0.9
v 0.7 0.3 -1
v 0.7 0.3 -1.1
v 0.7 0.4 -1.2
v 0.7 0.4 -1.3
v 0.7 0.5 -1.2
v 0.7 0.5 -1.3
v 0.8 -0.5 -0.7
v 0.8 -0.5 -1
v 0.8 -0.5 -1.1
v 0.8 -0.4 -0.4
v 0.8 -0.4 -0.7
v 0.8 -0.3 -0.4
v 0.8 -0.3 -1.1
v 0.8 -0.2 1.1
v 0.8 -0.2 0.9
v 0.8 -0.2 0.5
v 0.8 -0.2 0.3
v 0.8 -0.2 0.2
v 0.8 -0.2 0
v 0.8 -0.2 -0.1
v 0.8 -0.1 1.1
v 0.8 -0.1 0.9
v 0.8 -0.1 0.5
v 0.8 -0.1 0.3
v 0.8 -0.1 0.2
v 0.8 -0.1 -0.1
v 0.8 0.1 1
v 0.8 0.1 0.9
v 0.8 0.1 0.5
v 0.8 0.1 0.3
v 0.8 0.1 0.2
v 0.8 0.1 0.0999999
v 0.8 0.1 -0.3
v 0.8 0.2 1
v 0.8 0.2 0.9
v 0.8 0.2 0.5
v 0.8 0.2 0.3
v 0.8 0.2 0.2
v 0.8 0.2 0.0999999
v 0.8 0.2 -0.3
v 0.8 0.2 -1.1
v 0.8 0.2 -1.3
v 0.8 0.2 -1.5
v 0.8 0.2 -1.8
v 0.8 0.2 -1.9
v 0.8 0.4 -1.1
v 0.8 0.4 -1.2
v 0.8 0.4 -1.3
v 0.8 0.4 -1.6
v 0.8 0.4 -1.7
v 0.8 0.4 -1.9
v 0.9 -0.5 -1.6
v 0.9 -0.5 -1.8
v 0.9 -0.5 -2.1
v 0.9 -0.4 0
v 0.9 -0.4 -0.3
v 0.9 -0.4 -1.5
v 0.9 -0.4 -1.6
v 0.9 -0.4 -2.1
v 0.9 -0.4 -2.3
v 0.9 -0.3 -0.1
v 0.9 -0.3 -0.3
v 0.9 -0.2 0.3
v 0.9 -0.2 0.2
v 0.9 -0.2 0
v 0.9 -0.2 -0.1
v 0.9 -0.1 0.3
v 0.9 -0.1 0.2
v 0.9 -0.1 -1.5
v 0.9 -0.1 -1.6
v 0.9 -0.1 -2.3
v 0.9 0.1 0.2
v 0.9 0.1 0.0999999
v 0.9 0.2 0.2
v 0.9 0.2 0.0999999
v 0.9 0.4 -1.2
v 0.9 0.4 -1.3
v 0.9 0.4 -1.6
v 0.9 0.4 -1.7
v 0.9 0.4 -2
v 0.9 0.5 -1.2
v 0.9 0.5 -1.3
v 0.9 0.5 -1.4
v 0.9 0.5 -1.6
v 0.9 0.5 -1.8
v 0.9 0.5 -2
v 0.9 0.5 -2.1
v 0.9 0.6 -1.3
v 0.9 0.6 -1.4
v 0.9 0.6 -1.6
v 0.9 0.6 -1.7
v 0.9 0.6 -1.8
v 0.9 0.6 -2
v 0.9 0.6 -2.1
v 1 0.6 -1.4
v 1 0.6 -1.9
v 1 0.6 -2.2
v 1 0.7 -1.4
v 1 0.7 -1.5
v 1 0.7 -1.9
v 1 0.7 -2.2
v 1 0.7 -2.3
v 1 0.8 -1.5
v 1 0.8 -2.3
v 1.2 -0.2 0.9
v 1.2 -0.2 0.8
v 1.2 -0.1 0.9
v 1.2 -0.1 0.8
v 1.2 0.1 0.9
v 1.2 0.1 0.8
v 1.2 0.2 0.9
v 1.2 0.2 0.8
v 1.4 -0.6 -1
v 1.4 -0.6 -1.3
v 1.4 -0.6 -1.5
v 1.4 -0.6 -1.8
v 1.4 -0.5 -1
v 1.4 -0.5 -1.3
v 1.4 -0.5 -1.5
v 1.4 -0.5 -1.8
v 1.4 -0.5 -2.1
v 1.4 -0.4 0
v 1.4 -0.4 -0.3
v 1.4 -0.4 -1.8
v 1.4 -0.4 -2.1
v 1.4 -0.4 -2.3
v 1.4 -0.3 -0.1
v 1.4 -0.3 -0.3
v 1.4 -0.2 0.8
v 1.4 -0.2 0.7
v 1.4 -0.2 0.2
v 1.4 -0.2 0.0999999
v 1.4 -0.2 0
v 1.4 -0.2 -0.1
v 1.4 -0.2 -0.4
v 1.4 -0.2 -1.3
v 1.4 -0.1 0.2
v 1.4 -0.1 0.0999999
v 1.4 -0.1 -0.4
v 1.4 -0.1 -0.9
v 1.4 -0.1 -1
v 1.4 -0.1 -1.3
v 1.4 0 0.2
v 1.4 0 0.0999999
v 1.4 0 -0.8
v 1.4 0 -0.9
v 1.4 0 -1
v 1.4 0 -2.1
v 1.4 0 -2.3
v 1.4 0.1 0.7
v 1.4 0.1 0.3
v 1.4 0.1 0.2
v 1.4 0.1 0.0999999
v 1.4 0.1 -0.5
v 1.4 0.1 -0.7
v 1.4 0.1 -0.8
v 1.4 0.1 -0.9
v 1.4 0.1 -1
v 1.4 0.2 0.8
v 1.4 0.2 0.7
v 1.4 0.2 0.3
v 1.4 0.2 0.2
v 1.4 0.2 0.0999999
v 1.4 0.2 -0.5
v 1.4 0.2 -0.7
v 1.4 0.2 -0.8
v 1.4 0.2 -0.9
v 1.5 -0.5 -0.7
v 1.5 -0.5 -1.3
v 1.5 -0.5 -1.5
v 1.5 -0.5 -1.8
v 1.5 -0.4 -0.4
v 1.5 -0.4 -0.7
v 1.5 -0.4 -1.3
v 1.5 -0.4 -1.5
v 1.5 -0.4 -1.8
v 1.5 -0.4 -2.1
v 1.5 -0.3 -0.1
v 1.5 -0.3 -0.4
v 1.5 -0.3 -0.7
v 1.5 -0.3 -0.9
v 1.5 -0.2 -0.1
v 1.5 -0.2 -0.4
v 1.5 -0.2 -0.7
v 1.5 -0.2 -0.9
v 1.5 0.1 -1
v 1.5 0.1 -1.3
v 1.5 0.1 -1.5
v 1.5 0.1 -1.7
v 1.5 0.1 -1.8
v 1.5 0.1 -2.1
v 1.5 0.2 -1
v 1.5 0.2 -1.3
v 1.5 0.2 -1.5
v 1.5 0.2 -1.8
v 1.6 -0.4 -0.7
v 1.6 -0.4 -1.3
v 1.6 -0.4 -1.5
v 1.6 -0.4 -1.8
v 1.6 -0.3 -0.4
v 1.6 -0.3 -0.7
v 1.6 -0.3 -0.9
v 1.6 -0.3 -1
v 1.6 -0.3 -1.2
v 1.6 -0.3 -1.3
v 1.6 -0.3 -1.4
v 1.6 -0.2 -0.3
v 1.6 -0.2 -0.4
v 1.6 -0.2 -0.7
v 1.6 -0.2 -0.9
v 1.6 -0.2 -1
v 1.6 -0.2 -1.3
v 1.6 -0.2 -1.4
v 1.6 -0.1 -0.3
v 1.6 -0.1 -0.4
v 1.6 -0.1 -1.3
v 1.6 0 -1
v 1.6 0 -1.2
v 1.6 0 -1.3
v 1.6 0 -1.5
v 1.6 0 -1.7
v 1.6 0.1 -1
v 1.6 0.1 -1.3
v 1.6 0.1 -1.5
v 1.6 0.1 -1.7
v 1.6 0.1 -1.8
v 1.7 -0.3 -1
v 1.7 -0.3 -1.1
v 1.7 -0.2 0.7
v 1.7 -0.2 0.6
v 1.7 -0.2 0.4
v 1.7 -0.2 -1
v 1.7 -0.2 -1.1
v 1.7 0 0.6
v 1.7 0 0.4
v 1.7 0 -0.5
v 1.7 0 -0.7
v 1.7 0 -0.8
v 1.7 0.1 0.7
v 1.7 0.1 0.4
v 1.7 0.1 -0.5
v 1.7 0.1 -0.8
v 1.8 -0.3 -1.1
v 1.8 -0.3 -1.2
v 1.8 -0.3 -1.3
v 1.8 -0.3 -1.4
v 1.8 -0.3 -1.5
v 1.8 -0.2 0.4
v 1.8 -0.2 0.3
v 1.8 -0.2 -1.1
v 1.8 -0.2 -1.3
v 1.8 -0.2 -1.4
v 1.8 -0.2 -1.5
v 1.8 -0.1 0.2
v 1.8 -0.1 0.0999999
v 1.8 0 0.4
v 1.8 0 0.3
v 1.8 0 0.2
v 1.8 0 0.0999999
v 1.8 0 -0.1
v 1.8 0 -0.5
v 1.8 0.1 0.4
v 1.8 0.1 0.3
v 1.8 0.1 -0.1
v 1.8 0.1 -0.5
v 1.9 -0.4 -1.2
v 1.9 -0.4 -1.3
v 1.9 -0.3 -1.2
v 1.9 -0.3 -1.3
v 1.9 -0.2 0.3
v 1.9 -0.2 0.2
v 1.9 -0.2 0.0999999
v 1.9 -0.2 -0.3
v 1.9 -0.1 -0.3
v 1.9 0 0.0999999
v 1.9 0 -0.1
v 1.9 0 -0.3
v 1.9 0.1 0.3
v 1.9 0.1 0.2
v 1.9 0.1 0.0999999
v 1.9 0.1 -0.1
v 2 -0.4 -1.3
v 2 -0.4 -1.5
v 2 -0.4 -1.6
v 2 -0.4 -1.7
v 2 -0.3 -1.3
v 2 -0.3 -1.5
v 2 -0.3 -1.6
v 2 -0.3 -1.7
v 2.1 -0.2 -0.2
v 2.1 -0.2 -0.4
v 2.1 -0.1 -0.3
v 2.1 -0.1 -0.4
v 2.1 0 -0.2
v 2.1 0 -0.3
v 2.1 0 -0.4
v 2.1 0 -0.5
v 2.1 0 -0.6
v 2.1 0 -0.7
v 2.1 0.1 -0.3
v 2.1 0.1 -0.5
v 2.1 0.1 -0.6
v 2.1 0.1 -0.7
v 2.2 -0.1 -0.3
v 2.2 -0.1 -0.4
v 2.2 0 -0.3
v 2.2 0 -0.4
v 2.4 -0.1 -0.4
v 2.4 -0.1 -0.5
v 2.4 0 -0.4
v 2.4 0 -0.5
v 2.6 -0.1 -0.5
v 2.6 -0.1 -0.6
v 2.6 0 -0.5
v 2.6 0 -0.6
v 2.8 -0.1 -0.6
v 2.8 -0.1 -0.7
v 2.8 0 -0.6
v 2.8 0 -0.7
v 2.9 0 -1.4
v 2.9 0 -1.5
v 2.9 0 -1.6
v 2.9 0.1 -1.4
v 2.9 0.1 -1.5
v 2.9 0.1 -1.6
v 3 -0.1 -0.7
v 3 -0.1 -0.9
v 3 -0.1 -1
v 3 -0.1 -1.1
v 3 -0.1 -1.3
v 3 -0.1 -1.7
v 3 0 -0.7
v 3 0 -0.9
v 3 0 -1
v 3 0 -1.1
v 3 0 -1.3
v 3 0 -1.7
v -0.0999999 0 2.7
v -0.0999999 0.1 2.7
v 0.1 0 2.7
v 0.1 0.1 2.7
v -0.0999999 -0.1 2.6
v -0.0999999 0 2.6
v 0.1 -0.1 2.6
v 0.1 0 2.6
v -0.2 0 2.5
v -0.2 0.1 2.5
v -0.0999999 0 2.5
v -0.0999999 0.1 2.5
v -0.0999999 0.2 2.5
v 0.1 0 2.5
v 0.1 0.1 2.5
v 0.1 0.2 2.5
v 0.2 0 2.5
v 0.2 0.1 2.5
v -0.2 -0.1 2.4
v -0.2 0 2.4
v -0.0999999 -0.1 2.4
v -0.0999999 0 2.4
v 0.1 -0.1 2.4
v 0.1 0 2.4
v 0.2 -0.1 2.4
v 0.2 0 2.4
v -0.3 0 2.3
v -0.3 0.1 2.3
v -0.2 0 2.3
v -0.2 0.1 2.3
v -0.2 0.2 2.3
v -0.0999999 -0.2 2.3
v -0.0999999 -0.1 2.3
v -0.0999999 0.1 2.3
v -0.0999999 0.2 2.3
v -0.0999999 0.3 2.3
v 0.1 -0.2 2.3
v 0.1 -0.1 2.3
v 0.1 0.1 2.3
v 0.1 0.2 2.3
v 0.1 0.3 2.3
v 0.2 0 2.3
v 0.2 0.1 2.3
v 0.2 0.2 2.3
v 0.3 0 2.3
v 0.3 0.1 2.3
v -0.3 -0.1 2.2
v -0.3 0 2.2
v -0.2 -0.2 2.2
v -0.2 -0.1 2.2
v -0.2 0 2.2
v -0.0999999 -0.2 2.2
v -0.0999999 -0.1 2.2
v 0.1 -0.2 2.2
v 0.1 -0.1 2.2
v 0.2 -0.2 2.2
v 0.2 -0.1 2.2
v 0.2 0 2.2
v 0.3 -0.1 2.2
v 0.3 0 2.2
v -0.3 0.1 2.1
v -0.3 0.2 2.1
v -0.2 0.1 2.1
v -0.2 0.2 2.1
v -0.2 0.3 2.1
v -0.0999999 0.2 2.1
v -0.0999999 0.3 2.1
v 0.1 0.2 2.1
v 0.1 0.3 2.1
v 0.2 0.1 2.1
v 0.2 0.2 2.1
v 0.2 0.3 2.1
v 0.3 0.1 2.1
v 0.3 0.2 2.1
v -0.4 0.1 2
v -0.4 0.2 2
v -0.3 -0.2 2
v -0.3 -0.1 2
v -0.3 0.1 2
v -0.3 0.2 2
v -0.2 -0.2 2
v -0.2 -0.1 2
v 0.2 -0.2 2
v 0.2 -0.1 2
v 0.3 -0.2 2
v 0.3 -0.1 2
v 0.3 0.1 2
v 0.3 0.2 2
v 0.4 0.1 2
v 0.4 0.2 2
v -0.4 0 1.9
v -0.4 0.1 1.9
v -0.3 0 1.9
v -0.3 0.1 1.9
v -0.3 0.2 1.9
v -0.3 0.3 1.9
v -0.2 0.2 1.9
v -0.2 0.3 1.9
v -0.2 0.4 1.9
v 0.2 0.2 1.9
v 0.2 0.3 1.9
v 0.2 0.4 1.9
v 0.3 0 1.9
v 0.3 0.1 1.9
v 0.3 0.2 1.9
v 0.3 0.3 1.9
v 0.4 0 1.9
v 0.4 0.1 1.9
v -0.4 -0.1 1.8
v -0.4 0 1.8
v -0.3 -0.1 1.8
v -0.3 0 1.8
v 0.3 -0.1 1.8
v 0.3 0 1.8
v 0.4 -0.1 1.8
v 0.4 0 1.8
v -0.4 0.2 1.7
v -0.4 0.3 1.7
v -0.3 0.2 1.7
v -0.3 0.3 1.7
v -0.3 0.4 1.7
v -0.2 0.3 1.7
v -0.2 0.4 1.7
v 0.2 0.3 1.7
v 0.2 0.4 1.7
v 0.3 0.2 1.7
v 0.3 0.3 1.7
v 0.3 0.4 1.7
v 0.4 0.2 1.7
v 0.4 0.3 1.7
v -0.2 -0.3 1.5
v -0.2 -0.2 1.5
v 0.2 -0.3 1.5
v 0.2 -0.2 1.5
v -0.2 0.4 1.3
v -0.2 0.5 1.3
v 0.2 0.4 1.3
v 0.2 0.5 1.3
v -0.5 -0.1 1.2
v -0.5 0 1.2
v -0.4 -0.1 1.2
v -0.4 0 1.2
v -0.2 0.5 1.2
v -0.2 0.6 1.2
v 0.2 0.5 1.2
v 0.2 0.6 1.2
v 0.4 -0.1 1.2
v 0.4 0 1.2
v 0.5 -0.1 1.2
v 0.5 0 1.2
v -0.8 -0.2 1.1
v -0.8 -0.1 1.1
v -0.5 -0.2 1.1
v -0.5 -0.1 1.1
v -0.5 0 1.1
v -0.5 0.1 1.1
v -0.4 -0.3 1.1
v -0.4 -0.2 1.1
v -0.4 0 1.1
v -0.4 0.1 1.1
v -0.3 -0.2 1.1
v -0.3 -0.1 1.1
v -0.2 -0.4 1.1
v -0.2 -0.3 1.1
v -0.2 -0.2 1.1
v -0.0999999 -0.4 1.1
v -0.0999999 -0.3 1.1
v 0.1 -0.4 1.1
v 0.1 -0.3 1.1
v 0.2 -0.4 1.1
v 0.2 -0.3 1.1
v 0.2 -0.2 1.1
v 0.3 -0.2 1.1
v 0.3 -0.1 1.1
v 0.4 -0.3 1.1
v 0.4 -0.2 1.1
v 0.4 0 1.1
v 0.4 0.1 1.1
v 0.5 -0.2 1.1
v 0.5 -0.1 1.1
v 0.5 0 1.1
v 0.5 0.1 1.1
v 0.8 -0.2 1.1
v 0.8 -0.1 1.1
v -0.8 0.1 1
v -0.8 0.2 1
v -0.5 0.1 1
v -0.4 0.1 1
v -0.4 0.2 1
v 0.4 0.1 1
v 0.4 0.2 1
v 0.5 0.1 1
v 0.8 0.1 1
v 0.8 0.2 1
v -1.2 -0.2 0.9
v -1.2 -0.1 0.9
v -1.2 0.1 0.9
v -1.2 0.2 0.9
v -0.8 -0.2 0.9
v -0.8 -0.1 0.9
v -0.8 0.1 0.9
v -0.8 0.2 0.9
v -0.3 -0.4 0.9
v -0.3 -0.3 0.9
v -0.2 -0.4 0.9
v -0.2 -0.3 0.9
v 0.2 -0.4 0.9
v 0.2 -0.3 0.9
v 0.3 -0.4 0.9
v 0.3 -0.3 0.9
v 0.8 -0.2 0.9
v 0.8 -0.1 0.9
v 0.8 0.1 0.9
v 0.8 0.2 0.9
v 1.2 -0.2 0.9
v 1.2 -0.1 0.9
v 1.2 0.1 0.9
v 1.2 0.2 0.9
v -1.4 -0.2 0.8
v -1.4 0.2 0.8
v -1.3 -0.1 0.8
v -1.3 0.1 0.8
v -1.2 -0.2 0.8
v -1.2 -0.1 0.8
v -1.2 0.1 0.8
v -1.2 0.2 0.8
v -0.5 -0.4 0.8
v -0.5 -0.2 0.8
v -0.4 -0.3 0.8
v -0.4 -0.2 0.8
v -0.3 -0.4 0.8
v -0.3 -0.3 0.8
v 0.3 -0.4 0.8
v 0.3 -0.3 0.8
v 0.4 -0.3 0.8
v 0.4 -0.2 0.8
v 0.5 -0.4 0.8
v 0.5 -0.2 0.8
v 1.2 -0.2 0.8
v 1.2 -0.1 0.8
v 1.2 0.1 0.8
v 1.2 0.2 0.8
v 1.3 -0.1 0.8
v 1.3 0.1 0.8
v 1.4 -0.2 0.8
v 1.4 0.2 0.8
v -1.7 -0.2 0.7
v -1.7 0.1 0.7
v -1.6 -0.2 0.7
v -1.6 0.1 0.7
v -1.4 -0.2 0.7
v -1.4 0.1 0.7
v -1.3 -0.1 0.7
v -1.3 0.1 0.7
v -1.2 -0.1 0.7
v -1.2 0.1 0.7
v -0.5 -0.1 0.7
v -0.5 0.1 0.7
v 0.5 -0.1 0.7
v 0.5 0.1 0.7
v 1.2 -0.1 0.7
v 1.2 0.1 0.7
v 1.3 -0.1 0.7
v 1.3 0.1 0.7
v 1.4 -0.2 0.7
v 1.4 0.1 0.7
v 1.6 -0.2 0.7
v 1.6 0.1 0.7
v 1.7 -0.2 0.7
v 1.7 0.1 0.7
v -0.8 -0.2 0.5
v -0.8 -0.1 0.5
v -0.8 0.1 0.5
v -0.8 0.2 0.5
v -0.4 -0.2 0.5
v -0.4 -0.1 0.5
v -0.4 0.1 0.5
v -0.4 0.2 0.5
v 0.4 -0.2 0.5
v 0.4 -0.1 0.5
v 0.4 0.1 0.5
v 0.4 0.2 0.5
v 0.8 -0.2 0.5
v 0.8 -0.1 0.5
v 0.8 0.1 0.5
v 0.8 0.2 0.5
v -1.8 -0.2 0.4
v -1.8 0 0.4
v -1.8 0.1 0.4
v -1.7 -0.2 0.4
v -1.7 0 0.4
v -1.7 0.1 0.4
v 1.7 -0.2 0.4
v 1.7 0 0.4
v 1.7 0.1 0.4
v 1.8 -0.2 0.4
v 1.8 0 0.4
v 1.8 0.1 0.4
v -1.9 -0.2 0.3
v -1.9 0.1 0.3
v -1.8 -0.2 0.3
v -1.8 0 0.3
v -1.8 0.1 0.3
v -0.9 -0.2 0.3
v -0.9 -0.1 0.3
v -0.8 -0.2 0.3
v -0.8 -0.1 0.3
v -0.0999999 0.4 0.3
v -0.0999999 0.5 0.3
v 0.1 0.4 0.3
v 0.1 0.5 0.3
v 0.8 -0.2 0.3
v 0.8 -0.1 0.3
v 0.9 -0.2 0.3
v 0.9 -0.1 0.3
v 1.8 -0.2 0.3
v 1.8 0 0.3
v 1.8 0.1 0.3
v 1.9 -0.2 0.3
v 1.9 0.1 0.3
v -1.4 -0.2 0.2
v -1.4 -0.1 0.2
v -0.9 -0.2 0.2
v -0.9 -0.1 0.2
v -0.9 0.1 0.2
v -0.9 0.2 0.2
v -0.8 0.1 0.2
v -0.8 0.2 0.2
v 0.8 0.1 0.2
v 0.8 0.2 0.2
v 0.9 -0.2 0.2
v 0.9 -0.1 0.2
v 0.9 0.1 0.2
v 0.9 0.2 0.2
v 1.4 -0.2 0.2
v 1.4 -0.1 0.2
v -1.9 -0.2 0.0999999
v -1.9 0 0.0999999
v -1.9 0.1 0.0999999
v -1.8 -0.1 0.0999999
v -1.8 0 0.0999999
v -1.8 0.1 0.0999999
v -1.4 -0.2 0.0999999
v -1.4 -0.1 0.0999999
v -1.4 0 0.0999999
v -1.4 0.1 0.0999999
v -1.4 0.2 0.0999999
v -0.9 0.1 0.0999999
v -0.9 0.2 0.0999999
v -0.0999999 0.4 0.0999999
v -0.0999999 0.5 0.0999999
v 0.1 0.4 0.0999999
v 0.1 0.5 0.0999999
v 0.9 0.1 0.0999999
v 0.9 0.2 0.0999999
v 1.4 -0.2 0.0999999
v 1.4 -0.1 0.0999999
v 1.4 0 0.0999999
v 1.4 0.1 0.0999999
v 1.4 0.2 0.0999999
v 1.8 -0.1 0.0999999
v 1.8 0 0.0999999
v 1.8 0.1 0.0999999
v 1.9 -0.2 0.0999999
v 1.9 0 0.0999999
v 1.9 0.1 0.0999999
v -1.4 -0.4 0
v -1.4 -0.2 0
v -1.3 -0.4 0
v -1.3 -0.2 0
v -0.9 -0.4 0
v -0.9 -0.2 0
v -0.8 -0.4 0
v -0.8 -0.2 0
v 0.8 -0.4 0
v 0.8 -0.2 0
v 0.9 -0.4 0
v 0.9 -0.2 0
v 1.3 -0.4 0
v 1.3 -0.2 0
v 1.4 -0.4 0
v 1.4 -0.2 0
v -1.5 -0.3 -0.1
v -1.5 -0.2 -0.1
v -1.4 -0.3 -0.1
v -1.4 -0.2 -0.1
v -1.3 -0.3 -0.1
v -1.3 -0.2 -0.1
v -0.9 -0.3 -0.1
v -0.9 -0.2 -0.1
v -0.9 -0.1 -0.1
v -0.8 -0.3 -0.1
v -0.8 -0.2 -0.1
v -0.8 -0.1 -0.1
v -0.7 -0.3 -0.1
v -0.7 -0.2 -0.1
v -0.0999999 0.4 -0.1
v -0.0999999 0.5 -0.1
v 0.1 0.4 -0.1
v 0.1 0.5 -0.1
v 0.7 -0.3 -0.1
v 0.7 -0.2 -0.1
v 0.8 -0.3 -0.1
v 0.8 -0.2 -0.1
v 0.8 -0.1 -0.1
v 0.9 -0.3 -0.1
v 0.9 -0.2 -0.1
v 0.9 -0.1 -0.1
v 1.3 -0.3 -0.1
v 1.3 -0.2 -0.1
v 1.4 -0.3 -0.1
v 1.4 -0.2 -0.1
v 1.5 -0.3 -0.1
v 1.5 -0.2 -0.1
v -2.1 -0.2 -0.2
v -2.1 0 -0.2
v -2 -0.2 -0.2
v -2 0 -0.2
v 2 -0.2 -0.2
v 2 0 -0.2
v 2.1 -0.2 -0.2
v 2.1 0 -0.2
v -2.2 -0.1 -0.3
v -2.2 0 -0.3
v -2.1 -0.1 -0.3
v -2.1 0 -0.3
v -2.1 0.1 -0.3
v -2 -0.1 -0.3
v -2 0 -0.3
v -2 0.1 -0.3
v -1.9 -0.1 -0.3
v -1.9 0 -0.3
v -0.9 0.1 -0.3
v -0.9 0.2 -0.3
v -0.8 0.1 -0.3
v -0.8 0.2 -0.3
v -0.6 -0.3 -0.3
v -0.6 -0.2 -0.3
v -0.4 -0.3 -0.3
v -0.4 -0.2 -0.3
v 0.4 -0.3 -0.3
v 0.4 -0.2 -0.3
v 0.6 -0.3 -0.3
v 0.6 -0.2 -0.3
v 0.8 0.1 -0.3
v 0.8 0.2 -0.3
v 0.9 0.1 -0.3
v 0.9 0.2 -0.3
v 1.9 -0.1 -0.3
v 1.9 0 -0.3
v 2 -0.1 -0.3
v 2 0 -0.3
v 2 0.1 -0.3
v 2.1 -0.1 -0.3
v 2.1 0 -0.3
v 2.1 0.1 -0.3
v 2.2 -0.1 -0.3
v 2.2 0 -0.3
v -2.4 -0.1 -0.4
v -2.4 0 -0.4
v -2.2 -0.1 -0.4
v -2.2 0 -0.4
v -1.6 -0.3 -0.4
v -1.6 -0.2 -0.4
v -1.5 -0.4 -0.4
v -1.5 -0.3 -0.4
v -1.5 -0.2 -0.4
v -1.4 -0.4 -0.4
v -1.4 -0.3 -0.4
v -0.8 -0.4 -0.4
v -0.8 -0.3 -0.4
v -0.7 -0.4 -0.4
v -0.7 -0.3 -0.4
v -0.7 -0.2 -0.4
v -0.6 -0.3 -0.4
v -0.6 -0.2 -0.4
v 0.6 -0.3 -0.4
v 0.6 -0.2 -0.4
v 0.7 -0.4 -0.4
v 0.7 -0.3 -0.4
v 0.7 -0.2 -0.4
v 0.8 -0.4 -0.4
v 0.8 -0.3 -0.4
v 1.4 -0.4 -0.4
v 1.4 -0.3 -0.4
v 1.5 -0.4 -0.4
v 1.5 -0.3 -0.4
v 1.5 -0.2 -0.4
v 1.6 -0.3 -0.4
v 1.6 -0.2 -0.4
v 2.2 -0.1 -0.4
v 2.2 0 -0.4
v 2.4 -0.1 -0.4
v 2.4 0 -0.4
v -2.6 -0.1 -0.5
v -2.6 0 -0.5
v -2.4 -0.1 -0.5
v -2.4 0 -0.5
v 2.4 -0.1 -0.5
v 2.4 0 -0.5
v 2.6 -0.1 -0.5
v 2.6 0 -0.5
v -2.8 -0.1 -0.6
v -2.8 0 -0.6
v -2.6 -0.1 -0.6
v -2.6 0 -0.6
v -0.6 0.2 -0.6
v -0.6 0.3 -0.6
v -0.2 0.2 -0.6
v -0.2 0.3 -0.6
v 0.2 0.2 -0.6
v 0.2 0.3 -0.6
v 0.6 0.2 -0.6
v 0.6 0.3 -0.6
v 2.6 -0.1 -0.6
v 2.6 0 -0.6
v 2.8 -0.1 -0.6
v 2.8 0 -0.6
v -3 -0.1 -0.7
v -3 0 -0.7
v -2.8 -0.1 -0.7
v -2.8 0 -0.7
v -1.6 -0.4 -0.7
v -1.6 -0.3 -0.7
v -1.5 -0.5 -0.7
v -1.5 -0.4 -0.7
v -1.5 -0.3 -0.7
v -1.4 -0.5 -0.7
v -1.4 -0.4 -0.7
v -0.8 -0.5 -0.7
v -0.8 -0.4 -0.7
v -0.7 -0.5 -0.7
v -0.7 -0.4 -0.7
v -0.7 -0.3 -0.7
v -0.7 0.2 -0.7
v -0.7 0.3 -0.7
v -0.6 -0.4 -0.7
v -0.6 -0.3 -0.7
v -0.6 0.1 -0.7
v -0.6 0.2 -0.7
v -0.6 0.3 -0.7
v -0.5 0.1 -0.7
v -0.5 0.2 -0.7
v -0.2 0.4 -0.7
v -0.2 0.5 -0.7
v -0.0999999 0.4 -0.7
v -0.0999999 0.5 -0.7
v 0.1 0.4 -0.7
v 0.1 0.5 -0.7
v 0.2 0.4 -0.7
v 0.2 0.5 -0.7
v 0.5 0.1 -0.7
v 0.5 0.2 -0.7
v 0.6 -0.4 -0.7
v 0.6 -0.3 -0.7
v 0.6 0.1 -0.7
v 0.6 0.2 -0.7
v 0.6 0.3 -0.7
v 0.7 -0.5 -0.7
v 0.7 -0.4 -0.7
v 0.7 -0.3 -0.7
v 0.7 0.2 -0.7
v 0.7 0.3 -0.7
v 0.8 -0.5 -0.7
v 0.8 -0.4 -0.7
v 1.4 -0.5 -0.7
v 1.4 -0.4 -0.7
v 1.5 -0.5 -0.7
v 1.5 -0.4 -0.7
v 1.5 -0.3 -0.7
v 1.6 -0.4 -0.7
v 1.6 -0.3 -0.7
v 2.8 -0.1 -0.7
v 2.8 0 -0.7
v 3 -0.1 -0.7
v 3 0 -0.7
v -1.6 -0.3 -0.9
v -1.6 -0.2 -0.9
v -1.5 -0.3 -0.9
v -1.5 -0.2 -0.9
v 1.5 -0.3 -0.9
v 1.5 -0.2 -0.9
v 1.6 -0.3 -0.9
v 1.6 -0.2 -0.9
v -1.7 -0.3 -1
v -1.7 -0.2 -1
v -1.6 -0.3 -1
v -1.6 -0.2 -1
v -1.6 0 -1
v -1.6 0.1 -1
v -1.5 0 -1
v -1.5 0.1 -1
v -1.5 0.2 -1
v -1.4 -0.6 -1
v -1.4 -0.5 -1
v -1.4 0 -1
v -1.4 0.1 -1
v -0.9 0.1 -1
v -0.9 0.2 -1
v -0.8 -0.6 -1
v -0.8 -0.5 -1
v -0.8 0.1 -1
v -0.8 0.2 -1
v 0.8 -0.6 -1
v 0.8 -0.5 -1
v 0.8 0.1 -1
v 0.8 0.2 -1
v 0.9 0.1 -1
v 0.9 0.2 -1
v 1.4 -0.6 -1
v 1.4 -0.5 -1
v 1.4 0 -1
v 1.4 0.1 -1
v 1.5 0 -1
v 1.5 0.1 -1
v 1.5 0.2 -1
v 1.6 -0.3 -1
v 1.6 -0.2 -1
v 1.6 0 -1
v 1.6 0.1 -1
v 1.7 -0.3 -1
v 1.7 -0.2 -1
v -1.8 -0.3 -1.1
v -1.8 -0.2 -1.1
v -1.7 -0.3 -1.1
v -1.7 -0.2 -1.1
v -1.4 -0.5 -1.1
v -1.4 -0.3 -1.1
v -0.8 -0.5 -1.1
v -0.8 -0.3 -1.1
v -0.8 0.1 -1.1
v -0.8 0.2 -1.1
v -0.8 0.4 -1.1
v -0.7 0.2 -1.1
v -0.7 0.3 -1.1
v -0.6 0.1 -1.1
v -0.6 0.2 -1.1
v -0.6 0.3 -1.1
v -0.6 0.4 -1.1
v -0.5 0.2 -1.1
v 0.5 0.2 -1.1
v 0.6 0.1 -1.1
v 0.6 0.2 -1.1
v 0.6 0.3 -1.1
v 0.6 0.4 -1.1
v 0.7 0.2 -1.1
v 0.7 0.3 -1.1
v 0.8 -0.5 -1.1
v 0.8 -0.3 -1.1
v 0.8 0.1 -1.1
v 0.8 0.2 -1.1
v 0.8 0.4 -1.1
v 1.4 -0.5 -1.1
v 1.4 -0.3 -1.1
v 1.7 -0.3 -1.1
v 1.7 -0.2 -1.1
v 1.8 -0.3 -1.1
v 1.8 -0.2 -1.1
v -1.9 -0.4 -1.2
v -1.9 -0.3 -1.2
v -1.8 -0.4 -1.2
v -1.8 -0.3 -1.2
v -0.9 0.4 -1.2
v -0.9 0.5 -1.2
v -0.8 0.4 -1.2
v -0.8 0.5 -1.2
v -0.7 0.4 -1.2
v -0.7 0.5 -1.2
v -0.6 0.3 -1.2
v -0.6 0.4 -1.2
v -0.5 0.3 -1.2
v -0.5 0.5 -1.2
v 0.5 0.3 -1.2
v 0.5 0.5 -1.2
v 0.6 0.3 -1.2
v 0.6 0.4 -1.2
v 0.7 0.4 -1.2
v 0.7 0.5 -1.2
v 0.8 0.4 -1.2
v 0.8 0.5 -1.2
v 0.9 0.4 -1.2
v 0.9 0.5 -1.2
v 1.8 -0.4 -1.2
v 1.8 -0.3 -1.2
v 1.9 -0.4 -1.2
v 1.9 -0.3 -1.2
v -2 -0.4 -1.3
v -2 -0.3 -1.3
v -1.9 -0.4 -1.3
v -1.9 -0.3 -1.3
v -1.6 -0.2 -1.3
v -1.6 -0.1 -1.3
v -1.5 -0.2 -1.3
v -1.5 -0.1 -1.3
v -1.4 -0.2 -1.3
v -1.4 -0.1 -1.3
v -0.9 0.5 -1.3
v -0.9 0.6 -1.3
v -0.8 0.5 -1.3
v -0.8 0.6 -1.3
v 0.8 0.5 -1.3
v 0.8 0.6 -1.3
v 0.9 0.5 -1.3
v 0.9 0.6 -1.3
v 1.4 -0.2 -1.3
v 1.4 -0.1 -1.3
v 1.5 -0.2 -1.3
v 1.5 -0.1 -1.3
v 1.6 -0.2 -1.3
v 1.6 -0.1 -1.3
v 1.9 -0.4 -1.3
v 1.9 -0.3 -1.3
v 2 -0.4 -1.3
v 2 -0.3 -1.3
v -2.9 0 -1.4
v -2.9 0.1 -1.4
v -2.8 0 -1.4
v -2.8 0.1 -1.4
v -1 0.6 -1.4
v -1 0.7 -1.4
v -0.9 0.6 -1.4
v -0.9 0.7 -1.4
v 0.9 0.6 -1.4
v 0.9 0.7 -1.4
v 1 0.6 -1.4
v 1 0.7 -1.4
v 2.8 0 -1.4
v 2.8 0.1 -1.4
v 2.9 0 -1.4
v 2.9 0.1 -1.4
v -1 0.7 -1.5
v -1 0.8 -1.5
v -0.9 0.7 -1.5
v -0.9 0.8 -1.5
v 0.9 0.7 -1.5
v 0.9 0.8 -1.5
v 1 0.7 -1.5
v 1 0.8 -1.5
v -0.9 0.5 -1.6
v -0.9 0.6 -1.6
v -0.8 0.5 -1.6
v -0.8 0.6 -1.6
v 0.8 0.5 -1.6
v 0.8 0.6 -1.6
v 0.9 0.5 -1.6
v 0.9 0.6 -1.6
v -0.9 0.5 -2
v -0.9 0.6 -2
v -0.8 0.5 -2
v -0.8 0.6 -2
v 0.8 0.5 -2
v 0.8 0.6 -2
v 0.9 0.5 -2
v 0.9 0.6 -2
v -0.5 -0.4 0.7
v -0.5 -0.2 0.7
v -0.4 -0.3 0.7
v -0.4 -0.2 0.7
v -0.3 -0.4 0.7
v -0.3 -0.3 0.7
v 0.3 -0.4 0.7
v 0.3 -0.3 0.7
v 0.4 -0.3 0.7
v 0.4 -0.2 0.7
v 0.5 -0.4 0.7
v 0.5 -0.2 0.7
v -0.8 -0.2 0.6
v -0.8 -0.1 0.6
v -0.8 0.1 0.6
v -0.8 0.2 0.6
v -0.4 -0.2 0.6
v -0.4 -0.1 0.6
v -0.4 0.1 0.6
v -0.4 0.2 0.6
v 0.4 -0.2 0.6
v 0.4 -0.1 0.6
v 0.4 0.1 0.6
v 0.4 0.2 0.6
v 0.8 -0.2 0.6
v 0.8 -0.1 0.6
v 0.8 0.1 0.6
v 0.8 0.2 0.6
v -0.9 -0.2 0.5
v -0.9 -0.1 0.5
v -0.9 0.1 0.5
v -0.9 0.2 0.5
v -0.8 -0.2 0.5
v -0.8 -0.1 0.5
v -0.8 0.1 0.5
v -0.8 0.2 0.5
v -0.2 0.5 0.5
v -0.2 0.6 0.5
v -0.0999999 0.5 0.5
v 0.1 0.5 0.5
v 0.2 0.5 0.5
v 0.2 0.6 0.5
v 0.8 -0.2 0.5
v 0.8 -0.1 0.5
v 0.8 0.1 0.5
v 0.8 0.2 0.5
v 0.9 -0.2 0.5
v 0.9 -0.1 0.5
v 0.9 0.1 0.5
v 0.9 0.2 0.5
v -0.0999999 0.4 0.4
v -0.0999999 0.5 0.4
v 0.1 0.4 0.4
v 0.1 0.5 0.4
v -1.4 -0.2 0.3
v -1.4 -0.1 0.3
v -0.9 -0.2 0.3
v -0.9 -0.1 0.3
v 0.9 -0.2 0.3
v 0.9 -0.1 0.3
v 1.4 -0.2 0.3
v 1.4 -0.1 0.3
v -1.9 -0.2 0.2
v -1.9 0.1 0.2
v -1.8 -0.2 0.2
v -1.8 -0.1 0.2
v -1.8 0 0.2
v -1.8 0.1 0.2
v -1.4 -0.2 0.2
v -1.4 -0.1 0.2
v -1.4 0 0.2
v -1.4 0.1 0.2
v -1.4 0.2 0.2
v -0.9 -0.2 0.2
v -0.9 -0.1 0.2
v -0.9 0.1 0.2
v -0.9 0.2 0.2
v -0.8 -0.2 0.2
v -0.8 -0.1 0.2
v -0.0999999 0.4 0.2
v -0.0999999 0.5 0.2
v 0.1 0.4 0.2
v 0.1 0.5 0.2
v 0.8 -0.2 0.2
v 0.8 -0.1 0.2
v 0.9 -0.2 0.2
v 0.9 -0.1 0.2
v 0.9 0.1 0.2
v 0.9 0.2 0.2
v 1.4 -0.2 0.2
v 1.4 -0.1 0.2
v 1.4 0 0.2
v 1.4 0.1 0.2
v 1.4 0.2 0.2
v 1.8 -0.2 0.2
v 1.8 -0.1 0.2
v 1.8 0 0.2
v 1.8 0.1 0.2
v 1.9 -0.2 0.2
v 1.9 0.1 0.2
v -0.9 0.1 0.0999999
v -0.9 0.2 0.0999999
v -0.8 0.1 0.0999999
v -0.8 0.2 0.0999999
v 0.8 0.1 0.0999999
v 0.8 0.2 0.0999999
v 0.9 0.1 0.0999999
v 0.9 0.2 0.0999999
v -0.0999999 0.4 0
v -0.0999999 0.5 0
v 0.1 0.4 0
v 0.1 0.5 0
v -1.9 0 -0.1
v -1.9 0.1 -0.1
v -1.8 0 -0.1
v -1.8 0.1 -0.1
v -0.3 0.3 -0.1
v -0.3 0.4 -0.1
v -0.2 0.3 -0.1
v -0.2 0.4 -0.1
v 0.2 0.3 -0.1
v 0.2 0.4 -0.1
v 0.3 0.3 -0.1
v 0.3 0.4 -0.1
v 1.8 0 -0.1
v 1.8 0.1 -0.1
v 1.9 0 -0.1
v 1.9 0.1 -0.1
v -0.2 0.4 -0.2
v -0.2 0.5 -0.2
v -0.0999999 0.4 -0.2
v 0.1 0.4 -0.2
v 0.2 0.4 -0.2
v 0.2 0.5 -0.2
v -1.9 -0.2 -0.3
v -1.9 -0.1 -0.3
v -1.6 -0.2 -0.3
v -1.6 -0.1 -0.3
v -1.4 -0.4 -0.3
v -1.4 -0.3 -0.3
v -1.3 -0.4 -0.3
v -1.3 -0.3 -0.3
v -0.9 -0.4 -0.3
v -0.9 -0.3 -0.3
v -0.8 -0.4 -0.3
v -0.8 -0.3 -0.3
v -0.8 0.1 -0.3
v -0.8 0.2 -0.3
v -0.7 0.1 -0.3
v -0.7 0.2 -0.3
v -0.4 0.2 -0.3
v -0.4 0.3 -0.3
v -0.3 -0.4 -0.3
v -0.3 -0.3 -0.3
v -0.2 0.2 -0.3
v -0.2 0.3 -0.3
v 0.2 0.2 -0.3
v 0.2 0.3 -0.3
v 0.3 -0.4 -0.3
v 0.3 -0.3 -0.3
v 0.4 0.2 -0.3
v 0.4 0.3 -0.3
v 0.7 0.1 -0.3
v 0.7 0.2 -0.3
v 0.8 -0.4 -0.3
v 0.8 -0.3 -0.3
v 0.8 0.1 -0.3
v 0.8 0.2 -0.3
v 0.9 -0.4 -0.3
v 0.9 -0.3 -0.3
v 1.3 -0.4 -0.3
v 1.3 -0.3 -0.3
v 1.4 -0.4 -0.3
v 1.4 -0.3 -0.3
v 1.6 -0.2 -0.3
v 1.6 -0.1 -0.3
v 1.9 -0.2 -0.3
v 1.9 -0.1 -0.3
v -2.1 -0.2 -0.4
v -2.1 -0.1 -0.4
v -2 -0.2 -0.4
v -2 -0.1 -0.4
v -1.6 -0.2 -0.4
v -1.6 -0.1 -0.4
v -1.4 -0.2 -0.4
v -1.4 -0.1 -0.4
v 1.4 -0.2 -0.4
v 1.4 -0.1 -0.4
v 1.6 -0.2 -0.4
v 1.6 -0.1 -0.4
v 2 -0.2 -0.4
v 2 -0.1 -0.4
v 2.1 -0.2 -0.4
v 2.1 -0.1 -0.4
v -1.8 0 -0.5
v -1.8 0.1 -0.5
v -1.7 0 -0.5
v -1.7 0.1 -0.5
v -0.7 0.1 -0.5
v -0.7 0.2 -0.5
v -0.6 0.1 -0.5
v -0.6 0.2 -0.5
v -0.2 0.1 -0.5
v -0.2 0.2 -0.5
v 0.2 0.1 -0.5
v 0.2 0.2 -0.5
v 0.6 0.1 -0.5
v 0.6 0.2 -0.5
v 0.7 0.1 -0.5
v 0.7 0.2 -0.5
v 1.7 0 -0.5
v 1.7 0.1 -0.5
v 1.8 0 -0.5
v 1.8 0.1 -0.5
v -2.1 0 -0.7
v -2.1 0.1 -0.7
v -2 0 -0.7
v -2 0.1 -0.7
v -1.6 -0.3 -0.7
v -1.6 -0.2 -0.7
v -1.5 -0.3 -0.7
v -1.5 -0.2 -0.7
v -0.5 -0.1 -0.7
v -0.5 0 -0.7
v -0.5 0.1 -0.7
v -0.2 0 -0.7
v -0.2 0.1 -0.7
v -0.2 0.2 -0.7
v 0.2 0 -0.7
v 0.2 0.1 -0.7
v 0.2 0.2 -0.7
v 0.5 -0.1 -0.7
v 0.5 0 -0.7
v 0.5 0.1 -0.7
v 1.5 -0.3 -0.7
v 1.5 -0.2 -0.7
v 1.6 -0.3 -0.7
v 1.6 -0.2 -0.7
v 2 0 -0.7
v 2 0.1 -0.7
v 2.1 0 -0.7
v 2.1 0.1 -0.7
v -1.7 0 -0.8
v -1.7 0.1 -0.8
v -1.6 0 -0.8
v -1.6 0.1 -0.8
v -1.4 0 -0.8
v -1.4 0.1 -0.8
v -0.5 -0.2 -0.8
v -0.5 -0.1 -0.8
v -0.2 0.4 -0.8
v -0.2 0.5 -0.8
v -0.0999999 0.4 -0.8
v -0.0999999 0.5 -0.8
v 0.1 0.4 -0.8
v 0.1 0.5 -0.8
v 0.2 0.4 -0.8
v 0.2 0.5 -0.8
v 0.5 -0.2 -0.8
v 0.5 -0.1 -0.8
v 1.4 0 -0.8
v 1.4 0.1 -0.8
v 1.6 0 -0.8
v 1.6 0.1 -0.8
v 1.7 0 -0.8
v 1.7 0.1 -0.8
v -1.4 0.1 -0.9
v -1.4 0.2 -0.9
v -0.8 0.1 -0.9
v -0.8 0.2 -0.9
v -0.6 -0.3 -0.9
v -0.6 -0.2 -0.9
v -0.5 -0.2 -0.9
v -0.2 0.3 -0.9
v -0.2 0.4 -0.9
v 0.2 0.3 -0.9
v 0.2 0.4 -0.9
v 0.5 -0.2 -0.9
v 0.6 -0.3 -0.9
v 0.6 -0.2 -0.9
v 0.8 0.1 -0.9
v 0.8 0.2 -0.9
v 1.4 0.1 -0.9
v 1.4 0.2 -0.9
v -0.6 0.2 -1
v -0.6 0.3 -1
v -0.5 0.2 -1
v 0.5 0.2 -1
v 0.6 0.2 -1
v 0.6 0.3 -1
v -0.6 -0.2 -1.1
v -0.6 0.2 -1.1
v -0.5 -0.2 -1.1
v -0.5 0.2 -1.1
v 0.5 -0.2 -1.1
v 0.5 0.2 -1.1
v 0.6 -0.2 -1.1
v 0.6 0.2 -1.1
v -2 -0.1 -1.3
v -2 0 -1.3
v -1.9 -0.1 -1.3
v -1.9 0 -1.3
v -1.6 -0.1 -1.3
v -1.6 0 -1.3
v -0.7 0.4 -1.3
v -0.7 0.5 -1.3
v -0.6 0.3 -1.3
v -0.6 0.4 -1.3
v -0.5 0.3 -1.3
v -0.5 0.5 -1.3
v 0.5 0.3 -1.3
v 0.5 0.5 -1.3
v 0.6 0.3 -1.3
v 0.6 0.4 -1.3
v 0.7 0.4 -1.3
v 0.7 0.5 -1.3
v 1.6 -0.1 -1.3
v 1.6 0 -1.3
v 1.9 -0.1 -1.3
v 1.9 0 -1.3
v 2 -0.1 -1.3
v 2 0 -1.3
v -2.4 -0.1 -1.4
v -2.4 0 -1.4
v -2.3 -0.1 -1.4
v -2.3 0 -1.4
v -2 -0.1 -1.4
v -2 0 -1.4
v -1.7 -0.3 -1.4
v -1.7 -0.2 -1.4
v -1.6 -0.3 -1.4
v -1.6 -0.2 -1.4
v -0.9 0.5 -1.4
v -0.9 0.6 -1.4
v -0.8 0.5 -1.4
v -0.8 0.6 -1.4
v 0.8 0.5 -1.4
v 0.8 0.6 -1.4
v 0.9 0.5 -1.4
v 0.9 0.6 -1.4
v 1.6 -0.3 -1.4
v 1.6 -0.2 -1.4
v 1.7 -0.3 -1.4
v 1.7 -0.2 -1.4
v 2 -0.1 -1.4
v 2 0 -1.4
v 2.3 -0.1 -1.4
v 2.3 0 -1.4
v 2.4 -0.1 -1.4
v 2.4 0 -1.4
v -2.8 -0.1 -1.5
v -2.8 0 -1.5
v -2.4 -0.1 -1.5
v -2.4 0 -1.5
v -1.8 -0.3 -1.5
v -1.8 -0.2 -1.5
v -1.7 -0.3 -1.5
v -1.7 -0.2 -1.5
v -1.3 -0.4 -1.5
v -1.3 -0.1 -1.5
v -0.9 -0.4 -1.5
v -0.9 -0.1 -1.5
v 0.9 -0.4 -1.5
v 0.9 -0.1 -1.5
v 1.3 -0.4 -1.5
v 1.3 -0.1 -1.5
v 1.7 -0.3 -1.5
v 1.7 -0.2 -1.5
v 1.8 -0.3 -1.5
v 1.8 -0.2 -1.5
v 2.4 -0.1 -1.5
v 2.4 0 -1.5
v 2.8 -0.1 -1.5
v 2.8 0 -1.5
v -2.9 -0.1 -1.6
v -2.9 0 -1.6
v -2.9 0.1 -1.6
v -2.8 -0.1 -1.6
v -2.8 0.1 -1.6
v -1.9 -0.4 -1.6
v -1.9 -0.3 -1.6
v -1.8 -0.4 -1.6
v -1.8 -0.3 -1.6
v -1.3 -0.5 -1.6
v -1.3 -0.4 -1.6
v -0.9 -0.5 -1.6
v -0.9 -0.4 -1.6
v 0.9 -0.5 -1.6
v 0.9 -0.4 -1.6
v 1.3 -0.5 -1.6
v 1.3 -0.4 -1.6
v 1.8 -0.4 -1.6
v 1.8 -0.3 -1.6
v 1.9 -0.4 -1.6
v 1.9 -0.3 -1.6
v 2.8 -0.1 -1.6
v 2.8 0.1 -1.6
v 2.9 -0.1 -1.6
v 2.9 0 -1.6
v 2.9 0.1 -1.6
v -3 -0.1 -1.7
v -3 0 -1.7
v -2.9 -0.1 -1.7
v -2.9 0 -1.7
v -2 -0.4 -1.7
v -2 -0.3 -1.7
v -1.9 -0.4 -1.7
v -1.9 -0.3 -1.7
v 1.9 -0.4 -1.7
v 1.9 -0.3 -1.7
v 2 -0.4 -1.7
v 2 -0.3 -1.7
v 2.9 -0.1 -1.7
v 2.9 0 -1.7
v 3 -0.1 -1.7
v 3 0 -1.7
v -1.6 -0.4 -1.8
v -1.6 0.1 -1.8
v -1.5 -0.5 -1.8
v -1.5 -0.4 -1.8
v -1.5 0.1 -1.8
v -1.5 0.2 -1.8
v -1.4 -0.6 -1.8
v -1.4 -0.5 -1.8
v -1.4 -0.4 -1.8
v -1.3 -0.5 -1.8
v -0.9 -0.5 -1.8
v -0.9 0.5 -1.8
v -0.9 0.6 -1.8
v -0.8 -0.6 -1.8
v -0.8 -0.5 -1.8
v -0.8 -0.4 -1.8
v -0.8 0.2 -1.8
v -0.8 0.5 -1.8
v -0.8 0.6 -1.8
v -0.7 -0.5 -1.8
v -0.7 -0.4 -1.8
v -0.7 0.1 -1.8
v -0.7 0.2 -1.8
v -0.7 0.3 -1.8
v -0.7 0.4 -1.8
v -0.6 -0.4 -1.8
v -0.6 0.1 -1.8
v -0.6 0.3 -1.8
v -0.6 0.4 -1.8
v 0.6 -0.4 -1.8
v 0.6 0.1 -1.8
v 0.6 0.3 -1.8
v 0.6 0.4 -1.8
v 0.7 -0.5 -1.8
v 0.7 -0.4 -1.8
v 0.7 0.1 -1.8
v 0.7 0.2 -1.8
v 0.7 0.3 -1.8
v 0.7 0.4 -1.8
v 0.8 -0.6 -1.8
v 0.8 -0.5 -1.8
v 0.8 -0.4 -1.8
v 0.8 0.2 -1.8
v 0.8 0.5 -1.8
v 0.8 0.6 -1.8
v 0.9 -0.5 -1.8
v 0.9 0.5 -1.8
v 0.9 0.6 -1.8
v 1.3 -0.5 -1.8
v 1.4 -0.6 -1.8
v 1.4 -0.5 -1.8
v 1.4 -0.4 -1.8
v 1.5 -0.5 -1.8
v 1.5 -0.4 -1.8
v 1.5 0.1 -1.8
v 1.5 0.2 -1.8
v 1.6 -0.4 -1.8
v 1.6 0.1 -1.8
v -0.8 0.2 -1.9
v -0.8 0.4 -1.9
v -0.7 0.1 -1.9
v -0.7 0.2 -1.9
v -0.7 0.3 -1.9
v -0.7 0.4 -1.9
v -0.6 0.1 -1.9
v -0.6 0.2 -1.9
v -0.5 0.2 -1.9
v -0.5 0.3 -1.9
v 0.5 0.2 -1.9
v 0.5 0.3 -1.9
v 0.6 0.1 -1.9
v 0.6 0.2 -1.9
v 0.7 0.1 -1.9
v 0.7 0.2 -1.9
v 0.7 0.3 -1.9
v 0.7 0.4 -1.9
v 0.8 0.2 -1.9
v 0.8 0.4 -1.9
v -0.9 0.4 -2
v -0.9 0.5 -2
v -0.8 0.4 -2
v -0.8 0.5 -2
v -0.5 0.2 -2
v -0.5 0.3 -2
v 0.5 0.2 -2
v 0.5 0.3 -2
v 0.8 0.4 -2
v 0.8 0.5 -2
v 0.9 0.4 -2
v 0.9 0.5 -2
v -1.5 -0.4 -2.1
v -1.5 0.1 -2.1
v -1.4 -0.5 -2.1
v -1.4 -0.4 -2.1
v -1.4 0 -2.1
v -1.3 -0.5 -2.1
v -1.3 -0.4 -2.1
v -0.9 -0.5 -2.1
v -0.9 -0.4 -2.1
v -0.9 0.5 -2.1
v -0.9 0.6 -2.1
v -0.8 -0.5 -2.1
v -0.8 -0.4 -2.1
v -0.8 0 -2.1
v -0.8 0.5 -2.1
v -0.8 0.6 -2.1
v -0.7 -0.4 -2.1
v -0.7 0.1 -2.1
v 0.7 -0.4 -2.1
v 0.7 0.1 -2.1
v 0.8 -0.5 -2.1
v 0.8 -0.4 -2.1
v 0.8 0 -2.1
v 0.8 0.5 -2.1
v 0.8 0.6 -2.1
v 0.9 -0.5 -2.1
v 0.9 -0.4 -2.1
v 0.9 0.5 -2.1
v 0.9 0.6 -2.1
v 1.3 -0.5 -2.1
v 1.3 -0.4 -2.1
v 1.4 -0.5 -2.1
v 1.4 -0.4 -2.1
v 1.4 0 -2.1
v 1.5 -0.4 -2.1
v 1.5 0.1 -2.1
v -1 0.6 -2.2
v -1 0.7 -2.2
v -0.9 0.6 -2.2
v -0.9 0.7 -2.2
v 0.9 0.6 -2.2
v 0.9 0.7 -2.2
v 1 0.6 -2.2
v 1 0.7 -2.2
v -1.4 -0.4 -2.3
v -1.4 0 -2.3
v -1.3 -0.4 -2.3
v -1.3 -0.1 -2.3
v -1 0.7 -2.3
v -1 0.8 -2.3
v -0.9 -0.4 -2.3
v -0.9 -0.1 -2.3
v -0.9 0.7 -2.3
v -0.9 0.8 -2.3
v -0.8 -0.4 -2.3
v -0.8 0 -2.3
v 0.8 -0.4 -2.3
v 0.8 0 -2.3
v 0.9 -0.4 -2.3
v 0.9 -0.1 -2.3
v 0.9 0.7 -2.3
v 0.9 0.8 -2.3
v 1 0.7 -2.3
v 1 0.8 -2.3
v 1.3 -0.4 -2.3
v 1.3 -0.1 -2.3
v 1.4 -0.4 -2.3
v 1.4 0 -2.3
v -1.4 -0.6 -1
v -0.8 -0.6 -1
v 0.8 -0.6 -1
v 1.4 -0.6 -1
v -1.4 -0.6 -1.3
v -0.8 -0.6 -1.3
v 0.8 -0.6 -1.3
v 1.4 -0.6 -1.3
v -1.4 -0.6 -1.5
v -0.8 -0.6 -1.5
v 0.8 -0.6 -1.5
v 1.4 -0.6 -1.5
v -1.4 -0.6 -1.8
v -0.8 -0.6 -1.8
v 0.8 -0.6 -1.8
v 1.4 -0.6 -1.8
v -1.5 -0.5 -0.7
v -1.4 -0.5 -0.7
v -0.8 -0.5 -0.7
v -0.7 -0.5 -0.7
v 0.7 -0.5 -0.7
v 0.8 -0.5 -0.7
v 1.4 -0.5 -0.7
v 1.5 -0.5 -0.7
v -1.4 -0.5 -1
v -0.8 -0.5 -1
v 0.8 -0.5 -1
v 1.4 -0.5 -1
v -1.5 -0.5 -1.3
v -1.4 -0.5 -1.3
v -0.8 -0.5 -1.3
v -0.7 -0.5 -1.3
v 0.7 -0.5 -1.3
v 0.8 -0.5 -1.3
v 1.4 -0.5 -1.3
v 1.5 -0.5 -1.3
v -1.5 -0.5 -1.5
v -1.4 -0.5 -1.5
v -0.8 -0.5 -1.5
v -0.7 -0.5 -1.5
v 0.7 -0.5 -1.5
v 0.8 -0.5 -1.5
v 1.4 -0.5 -1.5
v 1.5 -0.5 -1.5
v -1.5 -0.5 -1.8
v -1.4 -0.5 -1.8
v -1.3 -0.5 -1.8
v -0.9 -0.5 -1.8
v -0.8 -0.5 -1.8
v -0.7 -0.5 -1.8
v 0.7 -0.5 -1.8
v 0.8 -0.5 -1.8
v 0.9 -0.5 -1.8
v 1.3 -0.5 -1.8
v 1.4 -0.5 -1.8
v 1.5 -0.5 -1.8
v -1.4 -0.5 -2.1
v -1.3 -0.5 -2.1
v -0.9 -0.5 -2.1
v -0.8 -0.5 -2.1
v 0.8 -0.5 -2.1
v 0.9 -0.5 -2.1
v 1.3 -0.5 -2.1
v 1.4 -0.5 -2.1
v -0.2 -0.4 1.1
v -0.0999999 -0.4 1.1
v 0.1 -0.4 1.1
v 0.2 -0.4 1.1
v -0.2 -0.4 1
v -0.0999999 -0.4 1
v 0.1 -0.4 1
v 0.2 -0.4 1
v -0.3 -0.4 0.9
v -0.2 -0.4 0.9
v 0.2 -0.4 0.9
v 0.3 -0.4 0.9
v -0.5 -0.4 0.8
v -0.3 -0.4 0.8
v 0.3 -0.4 0.8
v 0.5 -0.4 0.8
v -0.5 -0.4 0.7
v -0.3 -0.4 0.7
v 0.3 -0.4 0.7
v 0.5 -0.4 0.7
v -1.4 -0.4 0
v -1.3 -0.4 0
v -0.9 -0.4 0
v -0.8 -0.4 0
v 0.8 -0.4 0
v 0.9 -0.4 0
v 1.3 -0.4 0
v 1.4 -0.4 0
v -1.4 -0.4 -0.3
v -1.3 -0.4 -0.3
v -0.9 -0.4 -0.3
v -0.8 -0.4 -0.3
v -0.3 -0.4 -0.3
v 0.3 -0.4 -0.3
v 0.8 -0.4 -0.3
v 0.9 -0.4 -0.3
v 1.3 -0.4 -0.3
v 1.4 -0.4 -0.3
v -1.5 -0.4 -0.4
v -1.4 -0.4 -0.4
v -0.8 -0.4 -0.4
v -0.7 -0.4 -0.4
v 0.7 -0.4 -0.4
v 0.8 -0.4 -0.4
v 1.4 -0.4 -0.4
v 1.5 -0.4 -0.4
v -1.6 -0.4 -0.7
v -1.5 -0.4 -0.7
v -1.4 -0.4 -0.7
v -0.8 -0.4 -0.7
v -0.7 -0.4 -0.7
v -0.6 -0.4 -0.7
v 0.6 -0.4 -0.7
v 0.7 -0.4 -0.7
v 0.8 -0.4 -0.7
v 1.4 -0.4 -0.7
v 1.5 -0.4 -0.7
v 1.6 -0.4 -0.7
v -1.9 -0.4 -1.2
v -1.8 -0.4 -1.2
v 1.8 -0.4 -1.2
v 1.9 -0.4 -1.2
v -2 -0.4 -1.3
v -1.9 -0.4 -1.3
v -1.6 -0.4 -1.3
v -1.5 -0.4 -1.3
v -0.7 -0.4 -1.3
v -0.6 -0.4 -1.3
v 0.6 -0.4 -1.3
v 0.7 -0.4 -1.3
v 1.5 -0.4 -1.3
v 1.6 -0.4 -1.3
v 1.9 -0.4 -1.3
v 2 -0.4 -1.3
v -1.9 -0.4 -1.4
v -1.8 -0.4 -1.4
v 1.8 -0.4 -1.4
v 1.9 -0.4 -1.4
v -2 -0.4 -1.5
v -1.9 -0.4 -1.5
v -1.8 -0.4 -1.5
v -1.6 -0.4 -1.5
v -1.5 -0.4 -1.5
v -0.7 -0.4 -1.5
v -0.6 -0.4 -1.5
v 0.6 -0.4 -1.5
v 0.7 -0.4 -1.5
v 1.5 -0.4 -1.5
v 1.6 -0.4 -1.5
v 1.8 -0.4 -1.5
v 1.9 -0.4 -1.5
v 2 -0.4 -1.5
v -2 -0.4 -1.6
v -1.9 -0.4 -1.6
v -1.8 -0.4 -1.6
v 1.8 -0.4 -1.6
v 1.9 -0.4 -1.6
v 2 -0.4 -1.6
v -2 -0.4 -1.7
v -1.9 -0.4 -1.7
v 1.9 -0.4 -1.7
v 2 -0.4 -1.7
v -1.6 -0.4 -1.8
v -1.5 -0.4 -1.8
v -1.4 -0.4 -1.8
v -0.8 -0.4 -1.8
v -0.7 -0.4 -1.8
v -0.6 -0.4 -1.8
v 0.6 -0.4 -1.8
v 0.7 -0.4 -1.8
v 0.8 -0.4 -1.8
v 1.4 -0.4 -1.8
v 1.5 -0.4 -1.8
v 1.6 -0.4 -1.8
v -1.5 -0.4 -2.1
v -1.4 -0.4 -2.1
v -1.3 -0.4 -2.1
v -0.9 -0.4 -2.1
v -0.8 -0.4 -2.1
v -0.7 -0.4 -2.1
v 0.7 -0.4 -2.1
v 0.8 -0.4 -2.1
v 0.9 -0.4 -2.1
v 1.3 -0.4 -2.1
v 1.4 -0.4 -2.1
v 1.5 -0.4 -2.1
v -1.4 -0.4 -2.3
v -1.3 -0.4 -2.3
v -0.9 -0.4 -2.3
v -0.8 -0.4 -2.3
v 0.8 -0.4 -2.3
v 0.9 -0.4 -2.3
v 1.3 -0.4 -2.3
v 1.4 -0.4 -2.3
v -0.2 -0.3 1.5
v 0.2 -0.3 1.5
v -0.4 -0.3 1.1
v -0.2 -0.3 1.1
v -0.0999999 -0.3 1.1
v 0.1 -0.3 1.1
v 0.2 -0.3 1.1
v 0.4 -0.3 1.1
v -0.2 -0.3 1
v 0.2 -0.3 1
v -0.3 -0.3 0.9
v -0.2 -0.3 0.9
v 0.2 -0.3 0.9
v 0.3 -0.3 0.9
v -0.4 -0.3 0.8
v -0.3 -0.3 0.8
v 0.3 -0.3 0.8
v 0.4 -0.3 0.8
v -0.4 -0.3 0.7
v -0.3 -0.3 0.7
v 0.3 -0.3 0.7
v 0.4 -0.3 0.7
v -1.5 -0.3 -0.1
v -1.4 -0.3 -0.1
v -1.3 -0.3 -0.1
v -0.9 -0.3 -0.1
v -0.8 -0.3 -0.1
v -0.7 -0.3 -0.1
v 0.7 -0.3 -0.1
v 0.8 -0.3 -0.1
v 0.9 -0.3 -0.1
v 1.3 -0.3 -0.1
v 1.4 -0.3 -0.1
v 1.5 -0.3 -0.1
v -1.4 -0.3 -0.3
v -1.3 -0.3 -0.3
v -0.9 -0.3 -0.3
v -0.8 -0.3 -0.3
v -0.6 -0.3 -0.3
v -0.4 -0.3 -0.3
v -0.3 -0.3 -0.3
v 0.3 -0.3 -0.3
v 0.4 -0.3 -0.3
v 0.6 -0.3 -0.3
v 0.8 -0.3 -0.3
v 0.9 -0.3 -0.3
v 1.3 -0.3 -0.3
v 1.4 -0.3 -0.3
v -1.6 -0.3 -0.4
v -1.5 -0.3 -0.4
v -1.4 -0.3 -0.4
v -0.8 -0.3 -0.4
v -0.7 -0.3 -0.4
v -0.6 -0.3 -0.4
v 0.6 -0.3 -0.4
v 0.7 -0.3 -0.4
v 0.8 -0.3 -0.4
v 1.4 -0.3 -0.4
v 1.5 -0.3 -0.4
v 1.6 -0.3 -0.4
v -1.6 -0.3 -0.7
v -1.5 -0.3 -0.7
v -0.7 -0.3 -0.7
v -0.6 -0.3 -0.7
v 0.6 -0.3 -0.7
v 0.7 -0.3 -0.7
v 1.5 -0.3 -0.7
v 1.6 -0.3 -0.7
v -0.6 -0.3 -0.9
v 0.6 -0.3 -0.9
v -1.7 -0.3 -1
v -1.6 -0.3 -1
v 1.6 -0.3 -1
v 1.7 -0.3 -1
v -1.8 -0.3 -1.1
v -1.7 -0.3 -1.1
v -1.4 -0.3 -1.1
v -0.8 -0.3 -1.1
v 0.8 -0.3 -1.1
v 1.4 -0.3 -1.1
v 1.7 -0.3 -1.1
v 1.8 -0.3 -1.1
v -1.8 -0.3 -1.2
v -1.7 -0.3 -1.2
v -1.6 -0.3 -1.2
v 1.6 -0.3 -1.2
v 1.7 -0.3 -1.2
v 1.8 -0.3 -1.2
v -1.8 -0.3 -1.3
v -1.7 -0.3 -1.3
v -1.6 -0.3 -1.3
v 1.6 -0.3 -1.3
v 1.7 -0.3 -1.3
v 1.8 -0.3 -1.3
v -1.8 -0.3 -1.4
v -1.7 -0.3 -1.4
v -1.6 -0.3 -1.4
v 1.6 -0.3 -1.4
v 1.7 -0.3 -1.4
v 1.8 -0.3 -1.4
v -1.8 -0.3 -1.5
v -1.7 -0.3 -1.5
v 1.7 -0.3 -1.5
v 1.8 -0.3 -1.5
v -0.0999999 -0.2 2.3
v 0.1 -0.2 2.3
v -0.2 -0.2 2.2
v -0.0999999 -0.2 2.2
v 0.1 -0.2 2.2
v 0.2 -0.2 2.2
v -0.3 -0.2 2
v -0.2 -0.2 2
v 0.2 -0.2 2
v 0.3 -0.2 2
v -0.3 -0.2 1.6
v 0.3 -0.2 1.6
v -0.3 -0.2 1.5
v -0.2 -0.2 1.5
v 0.2 -0.2 1.5
v 0.3 -0.2 1.5
v -0.8 -0.2 1.1
v -0.5 -0.2 1.1
v -0.4 -0.2 1.1
v -0.3 -0.2 1.1
v -0.2 -0.2 1.1
v 0.2 -0.2 1.1
v 0.3 -0.2 1.1
v 0.4 -0.2 1.1
v 0.5 -0.2 1.1
v 0.8 -0.2 1.1
v -0.7 -0.2 1
v -0.5 -0.2 1
v 0.5 -0.2 1
v 0.7 -0.2 1
v -1.2 -0.2 0.9
v -0.8 -0.2 0.9
v -0.7 -0.2 0.9
v 0.7 -0.2 0.9
v 0.8 -0.2 0.9
v 1.2 -0.2 0.9
v -1.4 -0.2 0.8
v -1.2 -0.2 0.8
v -0.8 -0.2 0.8
v -0.5 -0.2 0.8
v -0.4 -0.2 0.8
v 0.4 -0.2 0.8
v 0.5 -0.2 0.8
v 0.8 -0.2 0.8
v 1.2 -0.2 0.8
v 1.4 -0.2 0.8
v -1.7 -0.2 0.7
v -1.6 -0.2 0.7
v -1.4 -0.2 0.7
v -1.2 -0.2 0.7
v -0.5 -0.2 0.7
v -0.4 -0.2 0.7
v 0.4 -0.2 0.7
v 0.5 -0.2 0.7
v 1.2 -0.2 0.7
v 1.4 -0.2 0.7
v 1.6 -0.2 0.7
v 1.7 -0.2 0.7
v -1.7 -0.2 0.6
v -1.6 -0.2 0.6
v -0.8 -0.2 0.6
v -0.4 -0.2 0.6
v 0.4 -0.2 0.6
v 0.8 -0.2 0.6
v 1.6 -0.2 0.6
v 1.7 -0.2 0.6
v -0.9 -0.2 0.5
v -0.8 -0.2 0.5
v -0.4 -0.2 0.5
v 0.4 -0.2 0.5
v 0.8 -0.2 0.5
v 0.9 -0.2 0.5
v -1.8 -0.2 0.4
v -1.7 -0.2 0.4
v 1.7 -0.2 0.4
v 1.8 -0.2 0.4
v -1.9 -0.2 0.3
v -1.8 -0.2 0.3
v -1.4 -0.2 0.3
v -0.9 -0.2 0.3
v -0.8 -0.2 0.3
v 0.8 -0.2 0.3
v 0.9 -0.2 0.3
v 1.4 -0.2 0.3
v 1.8 -0.2 0.3
v 1.9 -0.2 0.3
v -1.9 -0.2 0.2
v -1.8 -0.2 0.2
v -1.4 -0.2 0.2
v -0.9 -0.2 0.2
v -0.8 -0.2 0.2
v 0.8 -0.2 0.2
v 0.9 -0.2 0.2
v 1.4 -0.2 0.2
v 1.8 -0.2 0.2
v 1.9 -0.2 0.2
v -1.9 -0.2 0.0999999
v -1.4 -0.2 0.0999999
v 1.4 -0.2 0.0999999
v 1.9 -0.2 0.0999999
v -1.4 -0.2 0
v -1.3 -0.2 0
v -0.9 -0.2 0
v -0.8 -0.2 0
v 0.8 -0.2 0
v 0.9 -0.2 0
v 1.3 -0.2 0
v 1.4 -0.2 0
v -1.5 -0.2 -0.1
v -1.4 -0.2 -0.1
v -1.3 -0.2 -0.1
v -0.9 -0.2 -0.1
v -0.8 -0.2 -0.1
v -0.7 -0.2 -0.1
v 0.7 -0.2 -0.1
v 0.8 -0.2 -0.1
v 0.9 -0.2 -0.1
v 1.3 -0.2 -0.1
v 1.4 -0.2 -0.1
v 1.5 -0.2 -0.1
v -2.1 -0.2 -0.2
v -2 -0.2 -0.2
v 2 -0.2 -0.2
v 2.1 -0.2 -0.2
v -1.9 -0.2 -0.3
v -1.6 -0.2 -0.3
v -0.6 -0.2 -0.3
v -0.4 -0.2 -0.3
v 0.4 -0.2 -0.3
v 0.6 -0.2 -0.3
v 1.6 -0.2 -0.3
v 1.9 -0.2 -0.3
v -2.1 -0.2 -0.4
v -2 -0.2 -0.4
v -1.6 -0.2 -0.4
v -1.5 -0.2 -0.4
v -0.7 -0.2 -0.4
v -0.6 -0.2 -0.4
v 0.6 -0.2 -0.4
v 0.7 -0.2 -0.4
v 1.5 -0.2 -0.4
v 1.6 -0.2 -0.4
v 2 -0.2 -0.4
v 2.1 -0.2 -0.4
v -0.6 -0.2 -0.9
v -0.5 -0.2 -0.9
v 0.5 -0.2 -0.9
v 0.6 -0.2 -0.9
v -0.6 -0.2 -1.1
v -0.5 -0.2 -1.1
v 0.5 -0.2 -1.1
v 0.6 -0.2 -1.1
v -0.0999999 -0.1 2.6
v 0.1 -0.1 2.6
v -0.2 -0.1 2.4
v -0.0999999 -0.1 2.4
v 0.1 -0.1 2.4
v 0.2 -0.1 2.4
v -0.0999999 -0.1 2.3
v 0.1 -0.1 2.3
v -0.3 -0.1 2.2
v -0.2 -0.1 2.2
v -0.0999999 -0.1 2.2
v 0.1 -0.1 2.2
v 0.2 -0.1 2.2
v 0.3 -0.1 2.2
v -0.3 -0.1 2
v -0.2 -0.1 2
v 0.2 -0.1 2
v 0.3 -0.1 2
v -0.4 -0.1 1.8
v -0.3 -0.1 1.8
v 0.3 -0.1 1.8
v 0.4 -0.1 1.8
v -0.4 -0.1 1.6
v -0.3 -0.1 1.6
v 0.3 -0.1 1.6
v 0.4 -0.1 1.6
v -0.4 -0.1 1.5
v -0.3 -0.1 1.5
v 0.3 -0.1 1.5
v 0.4 -0.1 1.5
v -0.5 -0.1 1.2
v -0.4 -0.1 1.2
v 0.4 -0.1 1.2
v 0.5 -0.1 1.2
v -0.5 -0.1 1.1
v -0.3 -0.1 1.1
v 0.3 -0.1 1.1
v 0.5 -0.1 1.1
v -0.8 -0.1 0.6
v -0.4 -0.1 0.6
v 0.4 -0.1 0.6
v 0.8 -0.1 0.6
v -0.9 -0.1 0.5
v -0.8 -0.1 0.5
v -0.4 -0.1 0.5
v 0.4 -0.1 0.5
v 0.8 -0.1 0.5
v 0.9 -0.1 0.5
v -1.4 -0.1 0.3
v -0.9 -0.1 0.3
v -0.8 -0.1 0.3
v 0.8 -0.1 0.3
v 0.9 -0.1 0.3
v 1.4 -0.1 0.3
v -1.8 -0.1 0.2
v -1.4 -0.1 0.2
v -0.9 -0.1 0.2
v -0.8 -0.1 0.2
v 0.8 -0.1 0.2
v 0.9 -0.1 0.2
v 1.4 -0.1 0.2
v 1.8 -0.1 0.2
v -1.8 -0.1 0.0999999
v -1.4 -0.1 0.0999999
v 1.4 -0.1 0.0999999
v 1.8 -0.1 0.0999999
v -0.9 -0.1 -0.1
v -0.8 -0.1 -0.1
v 0.8 -0.1 -0.1
v 0.9 -0.1 -0.1
v -2.2 -0.1 -0.3
v -2.1 -0.1 -0.3
v -2 -0.1 -0.3
v -1.9 -0.1 -0.3
v -1.6 -0.1 -0.3
v 1.6 -0.1 -0.3
v 1.9 -0.1 -0.3
v 2 -0.1 -0.3
v 2.1 -0.1 -0.3
v 2.2 -0.1 -0.3
v -2.4 -0.1 -0.4
v -2.2 -0.1 -0.4
v -2.1 -0.1 -0.4
v -2 -0.1 -0.4
v -1.6 -0.1 -0.4
v -1.4 -0.1 -0.4
v 1.4 -0.1 -0.4
v 1.6 -0.1 -0.4
v 2 -0.1 -0.4
v 2.1 -0.1 -0.4
v 2.2 -0.1 -0.4
v 2.4 -0.1 -0.4
v -2.6 -0.1 -0.5
v -2.4 -0.1 -0.5
v -2.2 -0.1 -0.5
v -1.8 -0.1 -0.5
v -1.7 -0.1 -0.5
v 1.7 -0.1 -0.5
v 1.8 -0.1 -0.5
v 2.2 -0.1 -0.5
v 2.4 -0.1 -0.5
v 2.6 -0.1 -0.5
v -2.8 -0.1 -0.6
v -2.6 -0.1 -0.6
v -2.4 -0.1 -0.6
v -2 -0.1 -0.6
v -1.8 -0.1 -0.6
v 1.8 -0.1 -0.6
v 2 -0.1 -0.6
v 2.4 -0.1 -0.6
v 2.6 -0.1 -0.6
v 2.8 -0.1 -0.6
v -3 -0.1 -0.7
v -2.8 -0.1 -0.7
v -2.6 -0.1 -0.7
v -2.1 -0.1 -0.7
v -2 -0.1 -0.7
v -1.9 -0.1 -0.7
v -1.7 -0.1 -0.7
v 1.7 -0.1 -0.7
v 1.9 -0.1 -0.7
v 2 -0.1 -0.7
v 2.1 -0.1 -0.7
v 2.6 -0.1 -0.7
v 2.8 -0.1 -0.7
v 3 -0.1 -0.7
v -2.9 -0.1 -0.8
v -2.8 -0.1 -0.8
v -2.2 -0.1 -0.8
v -1.9 -0.1 -0.8
v 1.9 -0.1 -0.8
v 2.2 -0.1 -0.8
v 2.8 -0.1 -0.8
v 2.9 -0.1 -0.8
v -3 -0.1 -0.9
v -2.9 -0.1 -0.9
v -2.5 -0.1 -0.9
v -2.2 -0.1 -0.9
v -1.9 -0.1 -0.9
v -1.4 -0.1 -0.9
v 1.4 -0.1 -0.9
v 1.9 -0.1 -0.9
v 2.2 -0.1 -0.9
v 2.5 -0.1 -0.9
v 2.9 -0.1 -0.9
v 3 -0.1 -0.9
v -3 -0.1 -1
v -2.9 -0.1 -1
v -2.8 -0.1 -1
v -2.5 -0.1 -1
v -2.2 -0.1 -1
v -1.9 -0.1 -1
v -1.6 -0.1 -1
v -1.4 -0.1 -1
v 1.4 -0.1 -1
v 1.6 -0.1 -1
v 1.9 -0.1 -1
v 2.2 -0.1 -1
v 2.5 -0.1 -1
v 2.8 -0.1 -1
v 2.9 -0.1 -1
v 3 -0.1 -1
v -3 -0.1 -1.1
v -2.9 -0.1 -1.1
v -2.8 -0.1 -1.1
v -2.5 -0.1 -1.1
v -2.2 -0.1 -1.1
v 2.2 -0.1 -1.1
v 2.5 -0.1 -1.1
v 2.8 -0.1 -1.1
v 2.9 -0.1 -1.1
v 3 -0.1 -1.1
v -2.8 -0.1 -1.2
v -2.5 -0.1 -1.2
v -1.9 -0.1 -1.2
v -1.6 -0.1 -1.2
v 1.6 -0.1 -1.2
v 1.9 -0.1 -1.2
v 2.5 -0.1 -1.2
v 2.8 -0.1 -1.2
v -3 -0.1 -1.3
v -2.9 -0.1 -1.3
v -2.8 -0.1 -1.3
v -2.3 -0.1 -1.3
v -2 -0.1 -1.3
v -1.9 -0.1 -1.3
v -1.6 -0.1 -1.3
v -1.5 -0.1 -1.3
v -1.4 -0.1 -1.3
v 1.4 -0.1 -1.3
v 1.5 -0.1 -1.3
v 1.6 -0.1 -1.3
v 1.9 -0.1 -1.3
v 2 -0.1 -1.3
v 2.3 -0.1 -1.3
v 2.8 -0.1 -1.3
v 2.9 -0.1 -1.3
v 3 -0.1 -1.3
v -2.9 -0.1 -1.4
v -2.8 -0.1 -1.4
v -2.4 -0.1 -1.4
v -2.3 -0.1 -1.4
v -2 -0.1 -1.4
v 2 -0.1 -1.4
v 2.3 -0.1 -1.4
v 2.4 -0.1 -1.4
v 2.8 -0.1 -1.4
v 2.9 -0.1 -1.4
v -2.8 -0.1 -1.5
v -2.4 -0.1 -1.5
v -1.3 -0.1 -1.5
v -0.9 -0.1 -1.5
v 0.9 -0.1 -1.5
v 1.3 -0.1 -1.5
v 2.4 -0.1 -1.5
v 2.8 -0.1 -1.5
v -2.9 -0.1 -1.6
v -2.8 -0.1 -1.6
v -1.3 -0.1 -1.6
v -0.9 -0.1 -1.6
v 0.9 -0.1 -1.6
v 1.3 -0.1 -1.6
v 2.8 -0.1 -1.6
v 2.9 -0.1 -1.6
v -3 -0.1 -1.7
v -2.9 -0.1 -1.7
v 2.9 -0.1 -1.7
v 3 -0.1 -1.7
v -1.3 -0.1 -2.3
v -0.9 -0.1 -2.3
v 0.9 -0.1 -2.3
v 1.3 -0.1 -2.3
v -0.0999999 0 2.7
v 0.1 0 2.7
v -0.0999999 0 2.6
v 0.1 0 2.6
v -0.2 0 2.5
v -0.0999999 0 2.5
v 0.1 0 2.5
v 0.2 0 2.5
v -0.2 0 2.4
v -0.0999999 0 2.4
v 0.1 0 2.4
v 0.2 0 2.4
v -0.3 0 2.3
v -0.2 0 2.3
v 0.2 0 2.3
v 0.3 0 2.3
v -0.3 0 2.2
v -0.2 0 2.2
v 0.2 0 2.2
v 0.3 0 2.2
v -0.4 0 1.9
v -0.3 0 1.9
v 0.3 0 1.9
v 0.4 0 1.9
v -0.4 0 1.8
v -0.3 0 1.8
v 0.3 0 1.8
v 0.4 0 1.8
v -0.4 0.1 2
v -0.3 0.1 2
v 0.3 0.1 2
v 0.4 0.1 2
v -0.4 0.1 1.9
v -0.3 0.1 1.9
v 0.3 0.1 1.9
v 0.4 0.1 1.9
v -0.8 0.1 1
v -0.5 0.1 1
v 0.5 0.1 1
v 0.8 0.1 1
v -1.2 0.1 0.9
v -0.8 0.1 0.9
v -0.5 0.1 0.9
v 0.5 0.1 0.9
v 0.8 0.1 0.9
v 1.2 0.1 0.9
v -1.3 0.1 0.8
v -1.2 0.1 0.8
v -0.8 0.1 0.8
v 0.8 0.1 0.8
v 1.2 0.1 0.8
v 1.3 0.1 0.8
v -1.3 0.1 0.7
v -1.2 0.1 0.7
v -0.5 0.1 0.7
v 0.5 0.1 0.7
v 1.2 0.1 0.7
v 1.3 0.1 0.7
v -0.7 0.1 -1.8
v -0.6 0.1 -1.8
v 0.6 0.1 -1.8
v 0.7 0.1 -1.8
v -0.7 0.1 -1.9
v -0.6 0.1 -1.9
v 0.6 0.1 -1.9
v 0.7 0.1 -1.9
v -0.6 0.2 -0.6
v -0.2 0.2 -0.6
v 0.2 0.2 -0.6
v 0.6 0.2 -0.6
v -0.7 0.2 -0.7
v -0.6 0.2 -0.7
v -0.5 0.2 -0.7
v -0.2 0.2 -0.7
v 0.2 0.2 -0.7
v 0.5 0.2 -0.7
v 0.6 0.2 -0.7
v 0.7 0.2 -0.7
v -0.7 0.2 -0.9
v -0.6 0.2 -0.9
v 0.6 0.2 -0.9
v 0.7 0.2 -0.9
v -0.7 0.2 -1
v -0.6 0.2 -1
v -0.5 0.2 -1
v 0.5 0.2 -1
v 0.6 0.2 -1
v 0.7 0.2 -1
v -0.7 0.2 -1.1
v -0.6 0.2 -1.1
v -0.5 0.2 -1.1
v 0.5 0.2 -1.1
v 0.6 0.2 -1.1
v 0.7 0.2 -1.1
v -0.6 0.2 -1.2
v 0.6 0.2 -1.2
v -0.6 0.2 -1.3
v 0.6 0.2 -1.3
v -0.6 0.2 -1.5
v 0.6 0.2 -1.5
v -0.6 0.2 -1.7
v 0.6 0.2 -1.7
v -0.8 0.2 -1.8
v -0.7 0.2 -1.8
v 0.7 0.2 -1.8
v 0.8 0.2 -1.8
v -0.8 0.2 -1.9
v -0.7 0.2 -1.9
v -0.6 0.2 -1.9
v -0.5 0.2 -1.9
v 0.5 0.2 -1.9
v 0.6 0.2 -1.9
v 0.7 0.2 -1.9
v 0.8 0.2 -1.9
v -0.5 0.2 -2
v 0.5 0.2 -2
v -0.9 0.4 -1.2
v -0.8 0.4 -1.2
v 0.8 0.4 -1.2
v 0.9 0.4 -1.2
v -0.9 0.4 -1.3
v -0.8 0.4 -1.3
v 0.8 0.4 -1.3
v 0.9 0.4 -1.3
v -0.9 0.4 -1.6
v -0.8 0.4 -1.6
v 0.8 0.4 -1.6
v 0.9 0.4 -1.6
v -0.9 0.4 -1.7
v -0.8 0.4 -1.7
v 0.8 0.4 -1.7
v 0.9 0.4 -1.7
v -0.8 0.4 -1.9
v 0.8 0.4 -1.9
v -0.9 0.4 -2
v -0.8 0.4 -2
v 0.8 0.4 -2
v 0.9 0.4 -2
v -0.9 0.5 -2
v -0.8 0.5 -2
v 0.8 0.5 -2
v 0.9 0.5 -2
v -0.9 0.5 -2.1
v -0.8 0.5 -2.1
v 0.8 0.5 -2.1
v 0.9 0.5 -2.1
v -1 0.6 -1.4
v -0.9 0.6 -1.4
v 0.9 0.6 -1.4
v 1 0.6 -1.4
v -0.9 0.6 -1.6
v 0.9 0.6 -1.6
v -0.9 0.6 -1.7
v 0.9 0.6 -1.7
v -0.9 0.6 -1.8
v 0.9 0.6 -1.8
v -1 0.6 -1.9
v -0.9 0.6 -1.9
v 0.9 0.6 -1.9
v 1 0.6 -1.9
v -0.9 0.6 -2
v 0.9 0.6 -2
v -0.9 0.6 -2.1
v 0.9 0.6 -2.1
v -1 0.6 -2.2
v -0.9 0.6 -2.2
v 0.9 0.6 -2.2
v 1 0.6 -2.2
v -1 0.7 -2.2
v -0.9 0.7 -2.2
v 0.9 0.7 -2.2
v 1 0.7 -2.2
v -1 0.7 -2.3
v -0.9 0.7 -2.3
v 0.9 0.7 -2.3
v 1 0.7 -2.3
v -1.4 -0.5 -1
v -0.8 -0.5 -1
v 0.8 -0.5 -1
v 1.4 -0.5 -1
v -1.4 -0.5 -1.1
v -0.8 -0.5 -1.1
v 0.8 -0.5 -1.1
v 1.4 -0.5 -1.1
v -1.3 -0.5 -1.6
v -0.9 -0.5 -1.6
v 0.9 -0.5 -1.6
v 1.3 -0.5 -1.6
v -1.3 -0.5 -1.8
v -0.9 -0.5 -1.8
v 0.9 -0.5 -1.8
v 1.3 -0.5 -1.8
v -1.3 -0.4 -1.5
v -0.9 -0.4 -1.5
v 0.9 -0.4 -1.5
v 1.3 -0.4 -1.5
v -1.3 -0.4 -1.6
v -0.9 -0.4 -1.6
v 0.9 -0.4 -1.6
v 1.3 -0.4 -1.6
v -1.6 -0.3 -0.7
v -1.5 -0.3 -0.7
v 1.5 -0.3 -0.7
v 1.6 -0.3 -0.7
v -1.6 -0.3 -0.9
v -1.5 -0.3 -0.9
v 1.5 -0.3 -0.9
v 1.6 -0.3 -0.9
v -1.9 -0.3 -1.2
v -1.8 -0.3 -1.2
v 1.8 -0.3 -1.2
v 1.9 -0.3 -1.2
v -2 -0.3 -1.3
v -1.9 -0.3 -1.3
v -1.8 -0.3 -1.3
v 1.8 -0.3 -1.3
v 1.9 -0.3 -1.3
v 2 -0.3 -1.3
v -1.9 -0.3 -1.4
v -1.8 -0.3 -1.4
v 1.8 -0.3 -1.4
v 1.9 -0.3 -1.4
v -2 -0.3 -1.5
v -1.9 -0.3 -1.5
v -1.8 -0.3 -1.5
v 1.8 -0.3 -1.5
v 1.9 -0.3 -1.5
v 2 -0.3 -1.5
v -2 -0.3 -1.6
v -1.9 -0.3 -1.6
v -1.8 -0.3 -1.6
v 1.8 -0.3 -1.6
v 1.9 -0.3 -1.6
v 2 -0.3 -1.6
v -2 -0.3 -1.7
v -1.9 -0.3 -1.7
v 1.9 -0.3 -1.7
v 2 -0.3 -1.7
v -0.9 -0.2 0
v -0.8 -0.2 0
v 0.8 -0.2 0
v 0.9 -0.2 0
v -0.9 -0.2 -0.1
v -0.8 -0.2 -0.1
v 0.8 -0.2 -0.1
v 0.9 -0.2 -0.1
v -1.6 -0.2 -0.4
v -1.4 -0.2 -0.4
v 1.4 -0.2 -0.4
v 1.6 -0.2 -0.4
v -1.6 -0.2 -0.7
v -1.5 -0.2 -0.7
v 1.5 -0.2 -0.7
v 1.6 -0.2 -0.7
v -0.5 -0.2 -0.8
v 0.5 -0.2 -0.8
v -1.6 -0.2 -0.9
v -1.5 -0.2 -0.9
v -0.5 -0.2 -0.9
v 0.5 -0.2 -0.9
v 1.5 -0.2 -0.9
v 1.6 -0.2 -0.9
v -1.7 -0.2 -1
v -1.6 -0.2 -1
v 1.6 -0.2 -1
v 1.7 -0.2 -1
v -1.8 -0.2 -1.1
v -1.7 -0.2 -1.1
v 1.7 -0.2 -1.1
v 1.8 -0.2 -1.1
v -1.7 -0.2 -1.2
v -1.6 -0.2 -1.2
v 1.6 -0.2 -1.2
v 1.7 -0.2 -1.2
v -1.8 -0.2 -1.3
v -1.7 -0.2 -1.3
v -1.6 -0.2 -1.3
v -1.5 -0.2 -1.3
v -1.4 -0.2 -1.3
v 1.4 -0.2 -1.3
v 1.5 -0.2 -1.3
v 1.6 -0.2 -1.3
v 1.7 -0.2 -1.3
v 1.8 -0.2 -1.3
v -1.8 -0.2 -1.4
v -1.7 -0.2 -1.4
v -1.6 -0.2 -1.4
v 1.6 -0.2 -1.4
v 1.7 -0.2 -1.4
v 1.8 -0.2 -1.4
v -1.8 -0.2 -1.5
v -1.7 -0.2 -1.5
v 1.7 -0.2 -1.5
v 1.8 -0.2 -1.5
v -0.8 -0.1 1.1
v -0.5 -0.1 1.1
v 0.5 -0.1 1.1
v 0.8 -0.1 1.1
v -0.7 -0.1 1
v -0.5 -0.1 1
v 0.5 -0.1 1
v 0.7 -0.1 1
v -1.2 -0.1 0.9
v -0.8 -0.1 0.9
v -0.7 -0.1 0.9
v 0.7 -0.1 0.9
v 0.8 -0.1 0.9
v 1.2 -0.1 0.9
v -1.3 -0.1 0.8
v -1.2 -0.1 0.8
v -0.8 -0.1 0.8
v 0.8 -0.1 0.8
v 1.2 -0.1 0.8
v 1.3 -0.1 0.8
v -1.3 -0.1 0.7
v -1.2 -0.1 0.7
v -0.5 -0.1 0.7
v 0.5 -0.1 0.7
v 1.2 -0.1 0.7
v 1.3 -0.1 0.7
v -0.5 -0.1 -0.7
v 0.5 -0.1 -0.7
v -0.5 -0.1 -0.8
v 0.5 -0.1 -0.8
v -0.5 0 1.2
v -0.4 0 1.2
v 0.4 0 1.2
v 0.5 0 1.2
v -0.5 0 1.1
v -0.4 0 1.1
v 0.4 0 1.1
v 0.5 0 1.1
v -1.8 0 0.2
v -1.4 0 0.2
v 1.4 0 0.2
v 1.8 0 0.2
v -1.8 0 0.0999999
v -1.4 0 0.0999999
v 1.4 0 0.0999999
v 1.8 0 0.0999999
v -1.9 0 -0.1
v -1.8 0 -0.1
v 1.8 0 -0.1
v 1.9 0 -0.1
v -2.1 0 -0.2
v -2 0 -0.2
v 2 0 -0.2
v 2.1 0 -0.2
v -2.2 0 -0.3
v -2.1 0 -0.3
v -2 0 -0.3
v -1.9 0 -0.3
v 1.9 0 -0.3
v 2 0 -0.3
v 2.1 0 -0.3
v 2.2 0 -0.3
v -2.4 0 -0.4
v -2.2 0 -0.4
v -2.1 0 -0.4
v 2.1 0 -0.4
v 2.2 0 -0.4
v 2.4 0 -0.4
v -2.6 0 -0.5
v -2.4 0 -0.5
v -2.2 0 -0.5
v -2.1 0 -0.5
v -2 0 -0.5
v -1.8 0 -0.5
v -1.7 0 -0.5
v 1.7 0 -0.5
v 1.8 0 -0.5
v 2 0 -0.5
v 2.1 0 -0.5
v 2.2 0 -0.5
v 2.4 0 -0.5
v 2.6 0 -0.5
v -2.8 0 -0.6
v -2.6 0 -0.6
v -2.4 0 -0.6
v -2.1 0 -0.6
v -2 0 -0.6
v -1.8 0 -0.6
v 1.8 0 -0.6
v 2 0 -0.6
v 2.1 0 -0.6
v 2.4 0 -0.6
v 2.6 0 -0.6
v 2.8 0 -0.6
v -3 0 -0.7
v -2.8 0 -0.7
v -2.6 0 -0.7
v -2.1 0 -0.7
v -2 0 -0.7
v -1.9 0 -0.7
v -1.7 0 -0.7
v 1.7 0 -0.7
v 1.9 0 -0.7
v 2 0 -0.7
v 2.1 0 -0.7
v 2.6 0 -0.7
v 2.8 0 -0.7
v 3 0 -0.7
v -2.9 0 -0.8
v -2.8 0 -0.8
v -2.2 0 -0.8
v -1.9 0 -0.8
v -1.7 0 -0.8
v -1.6 0 -0.8
v -1.4 0 -0.8
v 1.4 0 -0.8
v 1.6 0 -0.8
v 1.7 0 -0.8
v 1.9 0 -0.8
v 2.2 0 -0.8
v 2.8 0 -0.8
v 2.9 0 -0.8
v -3 0 -0.9
v -2.9 0 -0.9
v -2.5 0 -0.9
v -2.2 0 -0.9
v -1.9 0 -0.9
v -1.4 0 -0.9
v 1.4 0 -0.9
v 1.9 0 -0.9
v 2.2 0 -0.9
v 2.5 0 -0.9
v 2.9 0 -0.9
v 3 0 -0.9
v -3 0 -1
v -2.9 0 -1
v -2.8 0 -1
v -2.5 0 -1
v -2.2 0 -1
v -1.9 0 -1
v -1.6 0 -1
v -1.5 0 -1
v -1.4 0 -1
v 1.4 0 -1
v 1.5 0 -1
v 1.6 0 -1
v 1.9 0 -1
v 2.2 0 -1
v 2.5 0 -1
v 2.8 0 -1
v 2.9 0 -1
v 3 0 -1
v -3 0 -1.1
v -2.9 0 -1.1
v -2.8 0 -1.1
v -2.5 0 -1.1
v -2.2 0 -1.1
v 2.2 0 -1.1
v 2.5 0 -1.1
v 2.8 0 -1.1
v 2.9 0 -1.1
v 3 0 -1.1
v -2.8 0 -1.2
v -2.5 0 -1.2
v -1.9 0 -1.2
v -1.6 0 -1.2
v 1.6 0 -1.2
v 1.9 0 -1.2
v 2.5 0 -1.2
v 2.8 0 -1.2
v -3 0 -1.3
v -2.9 0 -1.3
v -2.8 0 -1.3
v -2.3 0 -1.3
v -2 0 -1.3
v -1.9 0 -1.3
v -1.6 0 -1.3
v 1.6 0 -1.3
v 1.9 0 -1.3
v 2 0 -1.3
v 2.3 0 -1.3
v 2.8 0 -1.3
v 2.9 0 -1.3
v 3 0 -1.3
v -2.9 0 -1.4
v -2.8 0 -1.4
v -2.4 0 -1.4
v -2.3 0 -1.4
v -2 0 -1.4
v 2 0 -1.4
v 2.3 0 -1.4
v 2.4 0 -1.4
v 2.8 0 -1.4
v 2.9 0 -1.4
v -2.9 0 -1.5
v -2.8 0 -1.5
v -2.4 0 -1.5
v 2.4 0 -1.5
v 2.8 0 -1.5
v 2.9 0 -1.5
v -2.9 0 -1.6
v 2.9 0 -1.6
v -3 0 -1.7
v -2.9 0 -1.7
v 2.9 0 -1.7
v 3 0 -1.7
v -1.4 0 -2.1
v -0.8 0 -2.1
v 0.8 0 -2.1
v 1.4 0 -2.1
v -1.4 0 -2.3
v -0.8 0 -2.3
v 0.8 0 -2.3
v 1.4 0 -2.3
v -0.0999999 0.1 2.7
v 0.1 0.1 2.7
v -0.2 0.1 2.5
v -0.0999999 0.1 2.5
v 0.1 0.1 2.5
v 0.2 0.1 2.5
v -0.3 0.1 2.3
v -0.2 0.1 2.3
v -0.0999999 0.1 2.3
v 0.1 0.1 2.3
v 0.2 0.1 2.3
v 0.3 0.1 2.3
v -0.3 0.1 2.1
v -0.2 0.1 2.1
v 0.2 0.1 2.1
v 0.3 0.1 2.1
v -0.5 0.1 1.1
v -0.4 0.1 1.1
v 0.4 0.1 1.1
v 0.5 0.1 1.1
v -0.5 0.1 1
v -0.4 0.1 1
v 0.4 0.1 1
v 0.5 0.1 1
v -1.7 0.1 0.7
v -1.6 0.1 0.7
v -1.4 0.1 0.7
v 1.4 0.1 0.7
v 1.6 0.1 0.7
v 1.7 0.1 0.7
v -0.8 0.1 0.6
v -0.4 0.1 0.6
v 0.4 0.1 0.6
v 0.8 0.1 0.6
v -0.9 0.1 0.5
v -0.8 0.1 0.5
v -0.4 0.1 0.5
v 0.4 0.1 0.5
v 0.8 0.1 0.5
v 0.9 0.1 0.5
v -1.8 0.1 0.4
v -1.7 0.1 0.4
v -1.6 0.1 0.4
v -0.9 0.1 0.4
v 0.9 0.1 0.4
v 1.6 0.1 0.4
v 1.7 0.1 0.4
v 1.8 0.1 0.4
v -1.9 0.1 0.3
v -1.8 0.1 0.3
v -1.7 0.1 0.3
v -1.4 0.1 0.3
v -0.8 0.1 0.3
v 0.8 0.1 0.3
v 1.4 0.1 0.3
v 1.7 0.1 0.3
v 1.8 0.1 0.3
v 1.9 0.1 0.3
v -1.9 0.1 0.2
v -1.8 0.1 0.2
v -1.4 0.1 0.2
v -0.9 0.1 0.2
v -0.8 0.1 0.2
v 0.8 0.1 0.2
v 0.9 0.1 0.2
v 1.4 0.1 0.2
v 1.8 0.1 0.2
v 1.9 0.1 0.2
v -1.9 0.1 0.0999999
v -1.8 0.1 0.0999999
v -1.4 0.1 0.0999999
v -0.9 0.1 0.0999999
v -0.8 0.1 0.0999999
v 0.8 0.1 0.0999999
v 0.9 0.1 0.0999999
v 1.4 0.1 0.0999999
v 1.8 0.1 0.0999999
v 1.9 0.1 0.0999999
v -0.9 0.1 0
v 0.9 0.1 0
v -1.9 0.1 -0.1
v -1.8 0.1 -0.1
v -1.7 0.1 -0.1
v 1.7 0.1 -0.1
v 1.8 0.1 -0.1
v 1.9 0.1 -0.1
v -2.1 0.1 -0.3
v -2 0.1 -0.3
v -0.9 0.1 -0.3
v -0.8 0.1 -0.3
v -0.7 0.1 -0.3
v 0.7 0.1 -0.3
v 0.8 0.1 -0.3
v 0.9 0.1 -0.3
v 2 0.1 -0.3
v 2.1 0.1 -0.3
v -0.7 0.1 -0.4
v 0.7 0.1 -0.4
v -2.1 0.1 -0.5
v -2 0.1 -0.5
v -1.8 0.1 -0.5
v -1.7 0.1 -0.5
v -1.6 0.1 -0.5
v -1.4 0.1 -0.5
v -0.7 0.1 -0.5
v -0.6 0.1 -0.5
v -0.2 0.1 -0.5
v 0.2 0.1 -0.5
v 0.6 0.1 -0.5
v 0.7 0.1 -0.5
v 1.4 0.1 -0.5
v 1.6 0.1 -0.5
v 1.7 0.1 -0.5
v 1.8 0.1 -0.5
v 2 0.1 -0.5
v 2.1 0.1 -0.5
v -2.1 0.1 -0.6
v -2 0.1 -0.6
v 2 0.1 -0.6
v 2.1 0.1 -0.6
v -2.1 0.1 -0.7
v -2 0.1 -0.7
v -1.4 0.1 -0.7
v -0.6 0.1 -0.7
v -0.5 0.1 -0.7
v -0.2 0.1 -0.7
v 0.2 0.1 -0.7
v 0.5 0.1 -0.7
v 0.6 0.1 -0.7
v 1.4 0.1 -0.7
v 2 0.1 -0.7
v 2.1 0.1 -0.7
v -1.7 0.1 -0.8
v -1.6 0.1 -0.8
v -1.4 0.1 -0.8
v 1.4 0.1 -0.8
v 1.6 0.1 -0.8
v 1.7 0.1 -0.8
v -1.4 0.1 -0.9
v -0.8 0.1 -0.9
v 0.8 0.1 -0.9
v 1.4 0.1 -0.9
v -1.6 0.1 -1
v -1.5 0.1 -1
v -1.4 0.1 -1
v -0.9 0.1 -1
v -0.8 0.1 -1
v 0.8 0.1 -1
v 0.9 0.1 -1
v 1.4 0.1 -1
v 1.5 0.1 -1
v 1.6 0.1 -1
v -0.8 0.1 -1.1
v -0.6 0.1 -1.1
v 0.6 0.1 -1.1
v 0.8 0.1 -1.1
v -1.6 0.1 -1.3
v -1.5 0.1 -1.3
v 1.5 0.1 -1.3
v 1.6 0.1 -1.3
v -2.9 0.1 -1.4
v -2.8 0.1 -1.4
v 2.8 0.1 -1.4
v 2.9 0.1 -1.4
v -2.9 0.1 -1.5
v -2.8 0.1 -1.5
v -1.6 0.1 -1.5
v -1.5 0.1 -1.5
v 1.5 0.1 -1.5
v 1.6 0.1 -1.5
v 2.8 0.1 -1.5
v 2.9 0.1 -1.5
v -2.9 0.1 -1.6
v -2.8 0.1 -1.6
v 2.8 0.1 -1.6
v 2.9 0.1 -1.6
v -1.6 0.1 -1.7
v -1.5 0.1 -1.7
v 1.5 0.1 -1.7
v 1.6 0.1 -1.7
v -1.6 0.1 -1.8
v -1.5 0.1 -1.8
v -0.7 0.1 -1.8
v 0.7 0.1 -1.8
v 1.5 0.1 -1.8
v 1.6 0.1 -1.8
v -0.7 0.1 -1.9
v 0.7 0.1 -1.9
v -1.5 0.1 -2.1
v -0.7 0.1 -2.1
v 0.7 0.1 -2.1
v 1.5 0.1 -2.1
v -0.0999999 0.2 2.5
v 0.1 0.2 2.5
v -0.2 0.2 2.3
v -0.0999999 0.2 2.3
v 0.1 0.2 2.3
v 0.2 0.2 2.3
v -0.3 0.2 2.1
v -0.2 0.2 2.1
v -0.0999999 0.2 2.1
v 0.1 0.2 2.1
v 0.2 0.2 2.1
v 0.3 0.2 2.1
v -0.4 0.2 2
v -0.3 0.2 2
v 0.3 0.2 2
v 0.4 0.2 2
v -0.3 0.2 1.9
v -0.2 0.2 1.9
v 0.2 0.2 1.9
v 0.3 0.2 1.9
v -0.4 0.2 1.8
v -0.3 0.2 1.8
v 0.3 0.2 1.8
v 0.4 0.2 1.8
v -0.4 0.2 1.7
v -0.3 0.2 1.7
v 0.3 0.2 1.7
v 0.4 0.2 1.7
v -0.8 0.2 1
v -0.4 0.2 1
v 0.4 0.2 1
v 0.8 0.2 1
v -1.2 0.2 0.9
v -0.8 0.2 0.9
v -0.4 0.2 0.9
v 0.4 0.2 0.9
v 0.8 0.2 0.9
v 1.2 0.2 0.9
v -1.4 0.2 0.8
v -1.2 0.2 0.8
v -0.8 0.2 0.8
v -0.4 0.2 0.8
v 0.4 0.2 0.8
v 0.8 0.2 0.8
v 1.2 0.2 0.8
v 1.4 0.2 0.8
v -1.4 0.2 0.7
v -1.2 0.2 0.7
v 1.2 0.2 0.7
v 1.4 0.2 0.7
v -0.8 0.2 0.6
v -0.4 0.2 0.6
v 0.4 0.2 0.6
v 0.8 0.2 0.6
v -0.9 0.2 0.5
v -0.8 0.2 0.5
v -0.4 0.2 0.5
v 0.4 0.2 0.5
v 0.8 0.2 0.5
v 0.9 0.2 0.5
v -1.3 0.2 0.4
v -0.9 0.2 0.4
v 0.9 0.2 0.4
v 1.3 0.2 0.4
v -1.4 0.2 0.3
v -1.3 0.2 0.3
v -0.8 0.2 0.3
v -0.4 0.2 0.3
v 0.4 0.2 0.3
v 0.8 0.2 0.3
v 1.3 0.2 0.3
v 1.4 0.2 0.3
v -1.4 0.2 0.2
v -0.9 0.2 0.2
v -0.8 0.2 0.2
v 0.8 0.2 0.2
v 0.9 0.2 0.2
v 1.4 0.2 0.2
v -1.4 0.2 0.0999999
v -0.9 0.2 0.0999999
v -0.8 0.2 0.0999999
v -0.7 0.2 0.0999999
v 0.7 0.2 0.0999999
v 0.8 0.2 0.0999999
v 0.9 0.2 0.0999999
v 1.4 0.2 0.0999999
v -1.3 0.2 0
v -0.9 0.2 0
v 0.9 0.2 0
v 1.3 0.2 0
v -0.9 0.2 -0.3
v -0.8 0.2 -0.3
v -0.7 0.2 -0.3
v -0.4 0.2 -0.3
v -0.2 0.2 -0.3
v 0.2 0.2 -0.3
v 0.4 0.2 -0.3
v 0.7 0.2 -0.3
v 0.8 0.2 -0.3
v 0.9 0.2 -0.3
v -0.7 0.2 -0.4
v -0.6 0.2 -0.4
v 0.6 0.2 -0.4
v 0.7 0.2 -0.4
v -1.4 0.2 -0.5
v -1.3 0.2 -0.5
v -0.7 0.2 -0.5
v -0.6 0.2 -0.5
v -0.2 0.2 -0.5
v 0.2 0.2 -0.5
v 0.6 0.2 -0.5
v 0.7 0.2 -0.5
v 1.3 0.2 -0.5
v 1.4 0.2 -0.5
v -1.4 0.2 -0.7
v -1.3 0.2 -0.7
v 1.3 0.2 -0.7
v 1.4 0.2 -0.7
v -1.4 0.2 -0.8
v -1.3 0.2 -0.8
v 1.3 0.2 -0.8
v 1.4 0.2 -0.8
v -1.4 0.2 -0.9
v -0.8 0.2 -0.9
v 0.8 0.2 -0.9
v 1.4 0.2 -0.9
v -1.5 0.2 -1
v -0.9 0.2 -1
v -0.8 0.2 -1
v -0.6 0.2 -1
v -0.5 0.2 -1
v 0.5 0.2 -1
v 0.6 0.2 -1
v 0.8 0.2 -1
v 0.9 0.2 -1
v 1.5 0.2 -1
v -1.4 0.2 -1.1
v -0.9 0.2 -1.1
v -0.8 0.2 -1.1
v -0.6 0.2 -1.1
v -0.5 0.2 -1.1
v 0.5 0.2 -1.1
v 0.6 0.2 -1.1
v 0.8 0.2 -1.1
v 0.9 0.2 -1.1
v 1.4 0.2 -1.1
v -1.5 0.2 -1.3
v -1.4 0.2 -1.3
v -0.8 0.2 -1.3
v 0.8 0.2 -1.3
v 1.4 0.2 -1.3
v 1.5 0.2 -1.3
v -1.5 0.2 -1.5
v -0.8 0.2 -1.5
v 0.8 0.2 -1.5
v 1.5 0.2 -1.5
v -1.5 0.2 -1.8
v -0.8 0.2 -1.8
v 0.8 0.2 -1.8
v 1.5 0.2 -1.8
v -0.0999999 0.3 2.3
v 0.1 0.3 2.3
v -0.2 0.3 2.1
v -0.0999999 0.3 2.1
v 0.1 0.3 2.1
v 0.2 0.3 2.1
v -0.3 0.3 1.9
v -0.2 0.3 1.9
v 0.2 0.3 1.9
v 0.3 0.3 1.9
v -0.4 0.3 1.7
v -0.3 0.3 1.7
v -0.2 0.3 1.7
v 0.2 0.3 1.7
v 0.3 0.3 1.7
v 0.4 0.3 1.7
v -0.4 0.3 1.6
v -0.3 0.3 1.6
v 0.3 0.3 1.6
v 0.4 0.3 1.6
v -0.4 0.3 1.5
v -0.3 0.3 1.5
v 0.3 0.3 1.5
v 0.4 0.3 1.5
v -0.4 0.3 1.4
v -0.3 0.3 1.4
v 0.3 0.3 1.4
v 0.4 0.3 1.4
v -0.3 0.3 1.3
v 0.3 0.3 1.3
v -0.3 0.3 0.9
v 0.3 0.3 0.9
v -0.4 0.3 0.8
v -0.3 0.3 0.8
v 0.3 0.3 0.8
v 0.4 0.3 0.8
v -0.4 0.3 0.3
v -0.3 0.3 0.3
v 0.3 0.3 0.3
v 0.4 0.3 0.3
v -0.3 0.3 0.0999999
v 0.3 0.3 0.0999999
v -0.3 0.3 -0.1
v -0.2 0.3 -0.1
v 0.2 0.3 -0.1
v 0.3 0.3 -0.1
v -0.2 0.3 -0.2
v 0.2 0.3 -0.2
v -0.4 0.3 -0.3
v -0.2 0.3 -0.3
v 0.2 0.3 -0.3
v 0.4 0.3 -0.3
v -0.6 0.3 -0.6
v -0.2 0.3 -0.6
v 0.2 0.3 -0.6
v 0.6 0.3 -0.6
v -0.7 0.3 -0.7
v -0.6 0.3 -0.7
v -0.2 0.3 -0.7
v 0.2 0.3 -0.7
v 0.6 0.3 -0.7
v 0.7 0.3 -0.7
v -0.7 0.3 -0.9
v -0.6 0.3 -0.9
v -0.2 0.3 -0.9
v 0.2 0.3 -0.9
v 0.6 0.3 -0.9
v 0.7 0.3 -0.9
v -0.7 0.3 -1
v -0.6 0.3 -1
v 0.6 0.3 -1
v 0.7 0.3 -1
v -0.7 0.3 -1.1
v -0.6 0.3 -1.1
v 0.6 0.3 -1.1
v 0.7 0.3 -1.1
v -0.6 0.3 -1.2
v -0.5 0.3 -1.2
v 0.5 0.3 -1.2
v 0.6 0.3 -1.2
v -0.6 0.3 -1.3
v -0.5 0.3 -1.3
v 0.5 0.3 -1.3
v 0.6 0.3 -1.3
v -0.6 0.3 -1.5
v 0.6 0.3 -1.5
v -0.6 0.3 -1.7
v 0.6 0.3 -1.7
v -0.7 0.3 -1.8
v -0.6 0.3 -1.8
v 0.6 0.3 -1.8
v 0.7 0.3 -1.8
v -0.7 0.3 -1.9
v -0.5 0.3 -1.9
v 0.5 0.3 -1.9
v 0.7 0.3 -1.9
v -0.5 0.3 -2
v 0.5 0.3 -2
v -0.2 0.4 1.9
v 0.2 0.4 1.9
v -0.3 0.4 1.7
v -0.2 0.4 1.7
v 0.2 0.4 1.7
v 0.3 0.4 1.7
v -0.3 0.4 1.5
v -0.2 0.4 1.5
v 0.2 0.4 1.5
v 0.3 0.4 1.5
v -0.3 0.4 1.4
v -0.2 0.4 1.4
v 0.2 0.4 1.4
v 0.3 0.4 1.4
v -0.3 0.4 1.3
v -0.2 0.4 1.3
v 0.2 0.4 1.3
v 0.3 0.4 1.3
v -0.3 0.4 0.9
v -0.2 0.4 0.9
v 0.2 0.4 0.9
v 0.3 0.4 0.9
v -0.3 0.4 0.8
v -0.2 0.4 0.8
v 0.2 0.4 0.8
v 0.3 0.4 0.8
v -0.2 0.4 0.7
v 0.2 0.4 0.7
v -0.2 0.4 0.5
v 0.2 0.4 0.5
v -0.0999999 0.4 0.4
v 0.1 0.4 0.4
v -0.0999999 0.4 0.3
v 0.1 0.4 0.3
v -0.0999999 0.4 0.2
v 0.1 0.4 0.2
v -0.3 0.4 0.0999999
v -0.2 0.4 0.0999999
v -0.0999999 0.4 0.0999999
v 0.1 0.4 0.0999999
v 0.2 0.4 0.0999999
v 0.3 0.4 0.0999999
v -0.2 0.4 0
v -0.0999999 0.4 0
v 0.1 0.4 0
v 0.2 0.4 0
v -0.3 0.4 -0.1
v -0.2 0.4 -0.1
v -0.0999999 0.4 -0.1
v 0.1 0.4 -0.1
v 0.2 0.4 -0.1
v 0.3 0.4 -0.1
v -0.2 0.4 -0.2
v -0.0999999 0.4 -0.2
v 0.1 0.4 -0.2
v 0.2 0.4 -0.2
v -0.2 0.4 -0.6
v -0.0999999 0.4 -0.6
v 0.1 0.4 -0.6
v 0.2 0.4 -0.6
v -0.2 0.4 -0.7
v -0.0999999 0.4 -0.7
v 0.1 0.4 -0.7
v 0.2 0.4 -0.7
v -0.2 0.4 -0.8
v -0.0999999 0.4 -0.8
v 0.1 0.4 -0.8
v 0.2 0.4 -0.8
v -0.2 0.4 -0.9
v 0.2 0.4 -0.9
v -0.8 0.4 -1.1
v -0.6 0.4 -1.1
v 0.6 0.4 -1.1
v 0.8 0.4 -1.1
v -0.8 0.4 -1.2
v -0.7 0.4 -1.2
v -0.6 0.4 -1.2
v 0.6 0.4 -1.2
v 0.7 0.4 -1.2
v 0.8 0.4 -1.2
v -0.8 0.4 -1.3
v -0.7 0.4 -1.3
v -0.6 0.4 -1.3
v 0.6 0.4 -1.3
v 0.7 0.4 -1.3
v 0.8 0.4 -1.3
v -0.8 0.4 -1.6
v 0.8 0.4 -1.6
v -0.8 0.4 -1.7
v 0.8 0.4 -1.7
v -0.7 0.4 -1.8
v -0.6 0.4 -1.8
v 0.6 0.4 -1.8
v 0.7 0.4 -1.8
v -0.8 0.4 -1.9
v -0.7 0.4 -1.9
v 0.7 0.4 -1.9
v 0.8 0.4 -1.9
v -0.2 0.5 1.3
v 0.2 0.5 1.3
v -0.2 0.5 1.2
v 0.2 0.5 1.2
v -0.2 0.5 0.5
v -0.0999999 0.5 0.5
v 0.1 0.5 0.5
v 0.2 0.5 0.5
v -0.0999999 0.5 0.4
v 0.1 0.5 0.4
v -0.0999999 0.5 0.3
v 0.1 0.5 0.3
v -0.0999999 0.5 0.2
v 0.1 0.5 0.2
v -0.0999999 0.5 0.0999999
v 0.1 0.5 0.0999999
v -0.2 0.5 0
v -0.0999999 0.5 0
v 0.1 0.5 0
v 0.2 0.5 0
v -0.0999999 0.5 -0.1
v 0.1 0.5 -0.1
v -0.2 0.5 -0.2
v 0.2 0.5 -0.2
v -0.2 0.5 -0.7
v -0.0999999 0.5 -0.7
v 0.1 0.5 -0.7
v 0.2 0.5 -0.7
v -0.2 0.5 -0.8
v -0.0999999 0.5 -0.8
v 0.1 0.5 -0.8
v 0.2 0.5 -0.8
v -0.9 0.5 -1.2
v -0.8 0.5 -1.2
v -0.7 0.5 -1.2
v -0.5 0.5 -1.2
v 0.5 0.5 -1.2
v 0.7 0.5 -1.2
v 0.8 0.5 -1.2
v 0.9 0.5 -1.2
v -0.9 0.5 -1.3
v -0.8 0.5 -1.3
v -0.7 0.5 -1.3
v -0.5 0.5 -1.3
v 0.5 0.5 -1.3
v 0.7 0.5 -1.3
v 0.8 0.5 -1.3
v 0.9 0.5 -1.3
v -0.9 0.5 -1.4
v -0.8 0.5 -1.4
v 0.8 0.5 -1.4
v 0.9 0.5 -1.4
v -0.9 0.5 -1.6
v -0.8 0.5 -1.6
v 0.8 0.5 -1.6
v 0.9 0.5 -1.6
v -0.9 0.5 -1.8
v -0.8 0.5 -1.8
v 0.8 0.5 -1.8
v 0.9 0.5 -1.8
v -0.9 0.5 -2
v -0.8 0.5 -2
v 0.8 0.5 -2
v 0.9 0.5 -2
v -0.2 0.6 1.2
v 0.2 0.6 1.2
v -0.2 0.6 0.9
v 0.2 0.6 0.9
v -0.2 0.6 0.8
v 0.2 0.6 0.8
v -0.2 0.6 0.7
v 0.2 0.6 0.7
v -0.2 0.6 0.6
v 0.2 0.6 0.6
v -0.2 0.6 0.5
v 0.2 0.6 0.5
v -0.9 0.6 -1.3
v -0.8 0.6 -1.3
v 0.8 0.6 -1.3
v 0.9 0.6 -1.3
v -0.9 0.6 -1.4
v -0.8 0.6 -1.4
v 0.8 0.6 -1.4
v 0.9 0.6 -1.4
v -0.9 0.6 -1.6
v -0.8 0.6 -1.6
v 0.8 0.6 -1.6
v 0.9 0.6 -1.6
v -0.9 0.6 -1.7
v -0.8 0.6 -1.7
v 0.8 0.6 -1.7
v 0.9 0.6 -1.7
v -0.9 0.6 -1.8
v -0.8 0.6 -1.8
v 0.8 0.6 -1.8
v 0.9 0.6 -1.8
v -0.9 0.6 -2
v -0.8 0.6 -2
v 0.8 0.6 -2
v 0.9 0.6 -2
v -0.9 0.6 -2.1
v -0.8 0.6 -2.1
v 0.8 0.6 -2.1
v 0.9 0.6 -2.1
v -1 0.7 -1.4
v -0.9 0.7 -1.4
v 0.9 0.7 -1.4
v 1 0.7 -1.4
v -1 0.7 -1.5
v -0.9 0.7 -1.5
v 0.9 0.7 -1.5
v 1 0.7 -1.5
v -1 0.8 -1.5
v -0.9 0.8 -1.5
v 0.9 0.8 -1.5
v 1 0.8 -1.5
v -1 0.8 -2.3
v -0.9 0.8 -2.3
v 0.9 0.8 -2.3
v 1 0.8 -2.3

# faces
f 7/1/1 2/1/1 1/1/1
f 8/2/1 3/2/1 2/2/1
f 8/1/1 2/1/1 7/1/1
f 9/1/1 4/1/1 3/1/1
f 9/2/1 3/2/1 8/2/1
f 10/4/1 5/4/1 4/4/1
f 10/1/1 4/1/1 9/1/1
f 11/2/1 6/2/1 5/2/1
f 11/4/1 5/4/1 10/4/1
f 12/2/1 6/2/1 11/2/1
f 16/6/1 14/6/1 13/6/1
f 17/3/1 15/3/1 14/3/1
f 17/6/1 14/6/1 16/6/1
f 18/3/1 15/3/1 17/3/1
f 21/1/1 20/1/1 19/1/1
f 22/1/1 20/1/1 21/1/1
f 25/1/1 24/1/1 23/1/1
f 26/1/1 24/1/1 25/1/1
f 29/1/1 28/1/1 27/1/1
f 30/1/1 28/1/1 29/1/1
f 33/1/1 32/1/1 31/1/1
f 34/1/1 32/1/1 33/1/1
f 37/3/1 36/3/1 35/3/1
f 38/3/1 36/3/1 37/3/1
f 39/3/1 37/3/1 35/3/1
f 40/3/1 37/3/1 39/3/1
f 45/1/1 41/1/1 40/1/1
f 45/1/1 42/1/1 41/1/1
f 46/3/1 43/3/1 42/3/1
f 46/1/1 42/1/1 45/1/1
f 47/1/1 44/1/1 43/1/1
f 47/3/1 43/3/1 46/3/1
f 48/1/1 44/1/1 47/1/1
f 53/2/1 50/2/1 49/2/1
f 54/3/1 51/3/1 50/3/1
f 54/2/1 50/2/1 53/2/1
f 55/4/1 52/4/1 51/4/1
f 55/3/1 51/3/1 54/3/1
f 56/4/1 52/4/1 55/4/1
f 59/2/1 58/2/1 57/2/1
f 60/2/1 58/2/1 59/2/1
f 65/3/1 64/3/1 63/3/1
f 66/3/1 65/3/1 63/3/1
f 67/3/1 65/3/1 66/3/1
f 68/3/1 65/3/1 67/3/1
f 69/4/1 62/4/1 61/4/1
f 70/4/1 62/4/1 69/4/1
f 71/4/1 67/4/1 66/4/1
f 72/4/1 67/4/1 71/4/1
f 80/2/1 74/2/1 73/2/1
f 80/2/1 75/2/1 74/2/1
f 81/3/1 76/3/1 75/3/1
f 81/2/1 75/2/1 80/2/1
f 82/4/1 77/4/1 76/4/1
f 82/3/1 76/3/1 81/3/1
f 83/4/1 77/4/1 82/4/1
f 86/3/1 79/3/1 78/3/1
f 87/3/1 79/3/1 86/3/1
f 88/5/1 85/5/1 84/5/1
f 89/5/1 85/5/1 88/5/1
f 92/4/1 87/4/1 86/4/1
f 93/4/1 87/4/1 92/4/1
f 94/4/1 91/4/1 90/4/1
f 95/4/1 91/4/1 94/4/1
f 101/2/1 97/2/1 96/2/1
f 102/2/1 97/2/1 101/2/1
f 103/3/1 100/3/1 99/3/1
f 103/4/1 99/4/1 98/4/1
f 104/3/1 100/3/1 103/3/1
f 108/4/1 103/4/1 98/4/1
f 108/4/1 104/4/1 103/4/1
f 109/4/1 104/4/1 108/4/1
f 110/4/1 107/4/1 106/4/1
f 110/4/1 106/4/1 105/4/1
f 111/4/1 107/4/1 110/4/1
f 117/3/1 113/3/1 112/3/1
f 118/3/1 113/3/1 117/3/1
f 119/3/1 113/3/1 118/3/1
f 120/3/1 113/3/1 119/3/1
f 121/2/1 114/2/1 113/2/1
f 121/3/1 113/3/1 120/3/1
f 122/2/1 114/2/1 121/2/1
f 124/3/1 117/3/1 116/3/1
f 125/3/1 117/3/1 124/3/1
f 126/3/1 119/3/1 118/3/1
f 127/3/1 119/3/1 126/3/1
f 129/2/1 114/2/1 122/2/1
f 130/3/1 124/3/1 123/3/1
f 131/3/1 124/3/1 130/3/1
f 132/2/1 129/2/1 128/2/1
f 135/2/1 129/2/1 132/2/1
f 136/3/1 115/3/1 114/3/1
f 136/2/1 114/2/1 129/2/1
f 136/2/1 129/2/1 135/2/1
f 137/3/1 115/3/1 136/3/1
f 138/4/1 135/4/1 134/4/1
f 138/4/1 134/4/1 133/4/1
f 139/2/1 136/2/1 135/2/1
f 139/4/1 135/4/1 138/4/1
f 140/4/1 137/4/1 136/4/1
f 140/2/1 136/2/1 139/2/1
f 141/3/1 115/3/1 137/3/1
f 141/4/1 137/4/1 140/4/1
f 142/3/1 115/3/1 141/3/1
f 148/3/1 144/3/1 143/3/1
f 149/2/1 145/2/1 144/2/1
f 149/3/1 144/3/1 148/3/1
f 150/3/1 146/3/1 145/3/1
f 150/2/1 145/2/1 149/2/1
f 151/3/1 146/3/1 150/3/1
f 154/3/1 148/3/1 147/3/1
f 155/3/1 148/3/1 154/3/1
f 157/3/1 154/3/1 153/3/1
f 158/3/1 154/3/1 157/3/1
f 159/3/1 156/3/1 155/3/1
f 160/3/1 156/3/1 159/3/1
f 165/9/1 152/9/1 151/9/1
f 166/9/1 152/9/1 165/9/1
f 167/4/1 162/4/1 161/4/1
f 168/2/1 163/2/1 162/2/1
f 168/4/1 162/4/1 167/4/1
f 169/3/1 164/3/1 163/3/1
f 169/2/1 163/2/1 168/2/1
f 169/3/1 165/3/1 164/3/1
f 170/3/1 165/3/1 169/3/1
f 175/3/1 172/3/1 171/3/1
f 176/2/1 173/2/1 172/2/1
f 176/3/1 172/3/1 175/3/1
f 177/3/1 174/3/1 173/3/1
f 177/2/1 173/2/1 176/2/1
f 178/3/1 174/3/1 177/3/1
f 182/9/1 179/9/1 178/9/1
f 183/9/1 179/9/1 182/9/1
f 185/9/1 181/9/1 180/9/1
f 186/9/1 181/9/1 185/9/1
f 191/9/1 185/9/1 180/9/1
f 192/9/1 185/9/1 191/9/1
f 195/3/1 190/3/1 189/3/1
f 196/3/1 190/3/1 195/3/1
f 197/10/1 194/10/1 193/10/1
f 198/10/1 194/10/1 197/10/1
f 199/10/1 194/10/1 198/10/1
f 200/10/1 194/10/1 199/10/1
f 206/9/1 184/9/1 183/9/1
f 207/9/1 184/9/1 206/9/1
f 208/4/1 188/4/1 187/4/1
f 210/5/1 202/5/1 201/5/1
f 211/5/1 202/5/1 210/5/1
f 214/3/1 204/3/1 203/3/1
f 215/5/1 205/5/1 204/5/1
f 215/3/1 204/3/1 214/3/1
f 216/5/1 205/5/1 215/5/1
f 217/4/1 208/4/1 187/4/1
f 218/3/1 209/3/1 208/3/1
f 218/4/1 208/4/1 217/4/1
f 219/2/1 210/2/1 209/2/1
f 219/3/1 209/3/1 218/3/1
f 220/2/1 210/2/1 219/2/1
f 221/4/1 212/4/1 211/4/1
f 222/3/1 213/3/1 212/3/1
f 222/4/1 212/4/1 221/4/1
f 223/4/1 214/4/1 213/4/1
f 223/3/1 213/3/1 222/3/1
f 224/3/1 215/3/1 214/3/1
f 224/4/1 214/4/1 223/4/1
f 225/3/1 215/3/1 224/3/1
f 228/4/1 227/4/1 226/4/1
f 229/4/1 227/4/1 228/4/1
f 232/4/1 231/4/1 230/4/1
f 233/4/1 231/4/1 232/4/1
f 237/2/1 235/2/1 234/2/1
f 238/2/1 235/2/1 237/2/1
f 239/3/1 236/3/1 235/3/1
f 239/2/1 235/2/1 238/2/1
f 240/3/1 236/3/1 239/3/1
f 242/2/1 241/2/1 240/2/1
f 242/2/1 240/2/1 239/2/1
f 242/2/1 239/2/1 238/2/1
f 243/2/1 241/2/1 242/2/1
f 250/9/1 245/9/1 244/9/1
f 250/9/1 246/9/1 245/9/1
f 251/9/1 246/9/1 250/9/1
f 253/9/1 248/9/1 247/9/1
f 254/9/1 248/9/1 253/9/1
f 257/9/1 253/9/1 247/9/1
f 258/9/1 253/9/1 257/9/1
f 259/3/1 256/3/1 255/3/1
f 260/3/1 256/3/1 259/3/1
f 261/3/1 250/3/1 249/3/1
f 262/9/1 252/9/1 251/9/1
f 262/3/1 250/3/1 261/3/1
f 262/9/1 251/9/1 250/9/1
f 263/9/1 252/9/1 262/9/1
f 266/4/1 265/4/1 264/4/1
f 267/4/1 265/4/1 266/4/1
f 273/3/1 269/3/1 268/3/1
f 274/4/1 270/4/1 269/4/1
f 274/3/1 269/3/1 273/3/1
f 275/4/1 270/4/1 274/4/1
f 276/3/1 271/3/1 270/3/1
f 276/4/1 270/4/1 275/4/1
f 277/4/1 272/4/1 271/4/1
f 278/4/1 272/4/1 277/4/1
f 280/4/1 275/4/1 274/4/1
f 281/4/1 275/4/1 280/4/1
f 282/3/1 271/3/1 276/3/1
f 283/4/1 277/4/1 271/4/1
f 283/3/1 271/3/1 282/3/1
f 284/4/1 277/4/1 283/4/1
f 285/3/1 279/3/1 278/3/1
f 286/3/1 279/3/1 285/3/1
f 291/3/1 288/3/1 287/3/1
f 291/3/1 289/3/1 288/3/1
f 292/3/1 291/3/1 290/3/1
f 293/3/1 289/3/1 291/3/1
f 293/3/1 291/3/1 292/3/1
f 301/4/1 295/4/1 294/4/1
f 302/4/1 295/4/1 301/4/1
f 303/3/1 297/3/1 296/3/1
f 304/3/1 297/3/1 303/3/1
f 305/3/1 300/3/1 299/3/1
f 305/3/1 299/3/1 298/3/1
f 306/3/1 300/3/1 305/3/1
f 314/4/1 308/4/1 307/4/1
f 315/4/1 308/4/1 314/4/1
f 316/2/1 310/2/1 309/2/1
f 317/3/1 311/3/1 310/3/1
f 317/2/1 310/2/1 316/2/1
f 318/3/1 311/3/1 317/3/1
f 319/4/1 313/4/1 312/4/1
f 320/4/1 313/4/1 319/4/1
f 326/3/1 325/3/1 324/3/1
f 326/3/1 324/3/1 323/3/1
f 326/3/1 323/3/1 322/3/1
f 326/3/1 322/3/1 321/3/1
f 327/3/1 325/3/1 326/3/1
f 328/3/1 325/3/1 327/3/1
f 329/3/1 325/3/1 328/3/1
f 330/3/1 325/3/1 329/3/1
f 331/3/1 325/3/1 330/3/1
f 337/3/1 333/3/1 332/3/1
f 338/4/1 334/4/1 333/4/1
f 338/3/1 333/3/1 337/3/1
f 339/4/1 334/4/1 338/4/1
f 344/3/1 336/3/1 335/3/1
f 345/3/1 336/3/1 344/3/1
f 346/4/1 341/4/1 340/4/1
f 347/3/1 342/3/1 341/3/1
f 347/4/1 341/4/1 346/4/1
f 348/4/1 343/4/1 342/4/1
f 348/3/1 342/3/1 347/3/1
f 349/4/1 343/4/1 348/4/1
f 352/9/1 351/9/1 350/9/1
f 353/9/1 351/9/1 352/9/1
f 356/3/1 355/3/1 354/3/1
f 357/3/1 355/3/1 356/3/1
f 361/9/1 359/9/1 358/9/1
f 362/9/1 359/9/1 361/9/1
f 363/9/1 359/9/1 362/9/1
f 364/9/1 359/9/1 363/9/1
f 365/4/1 361/4/1 360/4/1
f 366/4/1 361/4/1 365/4/1
f 369/9/1 368/9/1 367/9/1
f 370/9/1 368/9/1 369/9/1
f 375/3/1 372/3/1 371/3/1
f 375/3/1 374/3/1 373/3/1
f 375/3/1 373/3/1 372/3/1
f 376/3/1 374/3/1 375/3/1
f 377/3/1 374/3/1 376/3/1
f 378/3/1 374/3/1 377/3/1
f 379/3/1 374/3/1 378/3/1
f 380/3/1 374/3/1 379/3/1
f 383/4/1 382/4/1 381/4/1
f 384/4/1 382/4/1 383/4/1
f 389/3/1 386/3/1 385/3/1
f 390/3/1 386/3/1 389/3/1
f 391/3/1 388/3/1 387/3/1
f 392/3/1 388/3/1 391/3/1
f 393/3/1 388/3/1 392/3/1
f 394/3/1 388/3/1 393/3/1
f 399/3/1 393/3/1 392/3/1
f 400/3/1 393/3/1 399/3/1
f 402/3/1 396/3/1 395/3/1
f 403/3/1 398/3/1 397/3/1
f 403/9/1 397/9/1 396/9/1
f 404/3/1 398/3/1 403/3/1
f 407/3/1 402/3/1 401/3/1
f 408/3/1 396/3/1 402/3/1
f 408/3/1 402/3/1 407/3/1
f 409/3/1 396/3/1 408/3/1
f 410/2/1 405/2/1 404/2/1
f 410/9/1 403/9/1 396/9/1
f 410/2/1 404/2/1 403/2/1
f 411/2/1 405/2/1 410/2/1
f 415/3/1 407/3/1 406/3/1
f 415/3/1 408/3/1 407/3/1
f 416/2/1 409/2/1 408/2/1
f 416/3/1 408/3/1 415/3/1
f 417/3/1 396/3/1 409/3/1
f 417/2/1 409/2/1 416/2/1
f 418/9/1 410/9/1 396/9/1
f 418/3/1 396/3/1 417/3/1
f 419/3/1 412/3/1 411/3/1
f 419/9/1 410/9/1 418/9/1
f 419/3/1 411/3/1 410/3/1
f 420/3/1 412/3/1 419/3/1
f 421/3/1 412/3/1 420/3/1
f 424/3/1 414/3/1 413/3/1
f 425/3/1 414/3/1 424/3/1
f 428/4/1 418/4/1 417/4/1
f 429/9/1 419/9/1 418/9/1
f 429/4/1 418/4/1 428/4/1
f 430/4/1 420/4/1 419/4/1
f 430/9/1 419/9/1 429/9/1
f 431/9/1 423/9/1 422/9/1
f 431/4/1 420/4/1 430/4/1
f 431/9/1 421/9/1 420/9/1
f 431/9/1 422/9/1 421/9/1
f 432/4/1 425/4/1 424/4/1
f 432/9/1 423/9/1 431/9/1
f 432/4/1 426/4/1 425/4/1
f 432/4/1 424/4/1 423/4/1
f 433/3/1 427/3/1 426/3/1
f 433/4/1 426/4/1 432/4/1
f 434/3/1 427/3/1 433/3/1
f 439/3/1 436/3/1 435/3/1
f 440/3/1 436/3/1 439/3/1
f 441/3/1 438/3/1 437/3/1
f 442/3/1 438/3/1 441/3/1
f 448/3/1 444/3/1 443/3/1
f 449/3/1 444/3/1 448/3/1
f 450/9/1 445/9/1 444/9/1
f 450/3/1 444/3/1 449/3/1
f 451/3/1 446/3/1 445/3/1
f 451/9/1 445/9/1 450/9/1
f 452/3/1 446/3/1 451/3/1
f 454/3/1 449/3/1 448/3/1
f 454/3/1 448/3/1 447/3/1
f 455/3/1 449/3/1 454/3/1
f 456/3/1 449/3/1 455/3/1
f 457/3/1 454/3/1 453/3/1
f 457/3/1 455/3/1 454/3/1
f 458/3/1 455/3/1 457/3/1
f 459/3/1 455/3/1 458/3/1
f 460/3/1 455/3/1 459/3/1
f 461/4/1 459/4/1 458/4/1
f 462/4/1 459/4/1 461/4/1
f 466/4/1 464/4/1 463/4/1
f 466/4/1 465/4/1 464/4/1
f 467/4/1 465/4/1 466/4/1
f 477/9/1 468/9/1 467/9/1
f 477/9/1 469/9/1 468/9/1
f 478/4/1 470/4/1 469/4/1
f 478/9/1 469/9/1 477/9/1
f 479/9/1 471/9/1 470/9/1
f 479/4/1 470/4/1 478/4/1
f 480/7/1 472/7/1 471/7/1
f 480/9/1 471/9/1 479/9/1
f 481/9/1 473/9/1 472/9/1
f 481/7/1 472/7/1 480/7/1
f 482/4/1 475/4/1 474/4/1
f 482/9/1 473/9/1 481/9/1
f 482/4/1 474/4/1 473/4/1
f 483/3/1 476/3/1 475/3/1
f 483/4/1 475/4/1 482/4/1
f 484/3/1 476/3/1 483/3/1
f 489/6/1 486/6/1 485/6/1
f 490/3/1 487/3/1 486/3/1
f 490/6/1 486/6/1 489/6/1
f 491/3/1 487/3/1 490/3/1
f 494/3/1 489/3/1 488/3/1
f 495/3/1 489/3/1 494/3/1
f 497/3/1 493/3/1 492/3/1
f 498/3/1 493/3/1 497/3/1
f 500/3/1 497/3/1 496/3/1
f 501/3/1 497/3/1 500/3/1
f 502/3/1 497/3/1 501/3/1
f 503/4/1 500/4/1 499/4/1
f 503/4/1 501/4/1 500/4/1
f 504/4/1 501/4/1 503/4/1
f 508/4/1 505/4/1 504/4/1
f 509/4/1 505/4/1 508/4/1
f 512/3/1 507/3/1 506/3/1
f 513/3/1 507/3/1 512/3/1
f 514/3/1 507/3/1 513/3/1
f 515/3/1 510/3/1 509/3/1
f 516/3/1 510/3/1 515/3/1
f 520/3/1 513/3/1 512/3/1
f 520/3/1 512/3/1 511/3/1
f 521/3/1 513/3/1 520/3/1
f 524/3/1 517/3/1 516/3/1
f 525/3/1 517/3/1 524/3/1
f 533/3/1 519/3/1 518/3/1
f 534/4/1 521/4/1 520/4/1
f 534/4/1 520/4/1 519/4/1
f 534/3/1 519/3/1 533/3/1
f 535/3/1 522/3/1 521/3/1
f 535/4/1 521/4/1 534/4/1
f 535/3/1 523/3/1 522/3/1
f 536/3/1 523/3/1 535/3/1
f 537/3/1 523/3/1 536/3/1
f 538/3/1 523/3/1 537/3/1
f 539/7/1 527/7/1 526/7/1
f 540/7/1 527/7/1 539/7/1
f 541/9/1 528/9/1 527/9/1
f 541/9/1 529/9/1 528/9/1
f 542/3/1 530/3/1 529/3/1
f 542/9/1 529/9/1 541/9/1
f 543/3/1 530/3/1 542/3/1
f 544/4/1 532/4/1 531/4/1
f 544/3/1 530/3/1 543/3/1
f 544/4/1 531/4/1 530/4/1
f 545/3/1 534/3/1 533/3/1
f 545/4/1 532/4/1 544/4/1
f 545/3/1 533/3/1 532/3/1
f 546/3/1 534/3/1 545/3/1
f 547/6/1 537/6/1 536/6/1
f 548/6/1 537/6/1 547/6/1
f 549/7/1 527/7/1 540/7/1
f 550/9/1 541/9/1 527/9/1
f 550/7/1 527/7/1 549/7/1
f 551/7/1 542/7/1 541/7/1
f 551/9/1 541/9/1 550/9/1
f 552/9/1 543/9/1 542/9/1
f 552/7/1 542/7/1 551/7/1
f 553/3/1 544/3/1 543/3/1
f 553/9/1 543/9/1 552/9/1
f 554/3/1 544/3/1 553/3/1
f 559/3/1 556/3/1 555/3/1
f 560/3/1 556/3/1 559/3/1
f 562/3/1 558/3/1 557/3/1
f 563/3/1 558/3/1 562/3/1
f 564/3/1 558/3/1 563/3/1
f 565/3/1 562/3/1 561/3/1
f 565/3/1 563/3/1 562/3/1
f 566/3/1 563/3/1 565/3/1
f 568/3/1 567/3/1 566/3/1
f 569/3/1 567/3/1 568/3/1
f 571/3/1 570/3/1 569/3/1
f 572/3/1 570/3/1 571/3/1
f 581/4/1 574/4/1 573/4/1
f 582/4/1 574/4/1 581/4/1
f 583/4/1 576/4/1 575/4/1
f 584/4/1 576/4/1 583/4/1
f 585/3/1 578/3/1 577/3/1
f 586/3/1 578/3/1 585/3/1
f 587/6/1 580/6/1 579/6/1
f 588/6/1 580/6/1 587/6/1
f 593/9/1 590/9/1 589/9/1
f 593/9/1 591/9/1 590/9/1
f 594/9/1 593/9/1 592/9/1
f 595/9/1 593/9/1 594/9/1
f 596/9/1 593/9/1 595/9/1
f 597/9/1 591/9/1 593/9/1
f 597/9/1 593/9/1 596/9/1
f 598/9/1 591/9/1 597/9/1
f 601/9/1 600/9/1 599/9/1
f 602/9/1 600/9/1 601/9/1
f 607/3/1 604/3/1 603/3/1
f 608/3/1 604/3/1 607/3/1
f 609/3/1 604/3/1 608/3/1
f 610/3/1 604/3/1 609/3/1
f 611/3/1 606/3/1 605/3/1
f 614/3/1 604/3/1 610/3/1
f 615/3/1 604/3/1 614/3/1
f 616/2/1 605/2/1 604/2/1
f 616/3/1 604/3/1 615/3/1
f 617/3/1 612/3/1 611/3/1
f 617/2/1 605/2/1 616/2/1
f 617/3/1 611/3/1 605/3/1
f 618/3/1 612/3/1 617/3/1
f 619/3/1 612/3/1 618/3/1
f 620/4/1 614/4/1 613/4/1
f 621/4/1 614/4/1 620/4/1
f 627/3/1 622/3/1 621/3/1
f 628/3/1 622/3/1 627/3/1
f 629/3/1 626/3/1 625/3/1
f 629/3/1 625/3/1 624/3/1
f 629/3/1 624/3/1 623/3/1
f 630/3/1 626/3/1 629/3/1
f 636/3/1 632/3/1 631/3/1
f 637/2/1 633/2/1 632/2/1
f 637/3/1 632/3/1 636/3/1
f 638/3/1 634/3/1 633/3/1
f 638/2/1 633/2/1 637/2/1
f 639/3/1 634/3/1 638/3/1
f 642/3/1 636/3/1 635/3/1
f 643/3/1 636/3/1 642/3/1
f 644/3/1 642/3/1 641/3/1
f 645/3/1 642/3/1 644/3/1
f 646/9/1 640/9/1 639/9/1
f 647/9/1 640/9/1 646/9/1
f 648/9/1 640/9/1 647/9/1
f 651/3/1 650/3/1 649/3/1
f 652/3/1 650/3/1 651/3/1
f 657/3/1 654/3/1 653/3/1
f 658/2/1 655/2/1 654/2/1
f 658/3/1 654/3/1 657/3/1
f 659/3/1 656/3/1 655/3/1
f 659/2/1 655/2/1 658/2/1
f 660/3/1 656/3/1 659/3/1
f 664/9/1 661/9/1 660/9/1
f 665/9/1 661/9/1 664/9/1
f 667/9/1 663/9/1 662/9/1
f 668/9/1 663/9/1 667/9/1
f 671/9/1 667/9/1 662/9/1
f 672/9/1 667/9/1 671/9/1
f 673/3/1 670/3/1 669/3/1
f 674/3/1 670/3/1 673/3/1
f 675/9/1 666/9/1 665/9/1
f 676/9/1 666/9/1 675/9/1
f 683/3/1 678/3/1 677/3/1
f 684/3/1 678/3/1 683/3/1
f 685/3/1 680/3/1 679/3/1
f 686/3/1 680/3/1 685/3/1
f 687/3/1 682/3/1 681/3/1
f 688/3/1 682/3/1 687/3/1
f 695/3/1 690/3/1 689/3/1
f 696/4/1 691/4/1 690/4/1
f 696/3/1 690/3/1 695/3/1
f 697/4/1 691/4/1 696/4/1
f 698/3/1 692/3/1 691/3/1
f 698/4/1 691/4/1 697/4/1
f 699/4/1 694/4/1 693/4/1
f 699/4/1 693/4/1 692/4/1
f 700/4/1 694/4/1 699/4/1
f 702/4/1 697/4/1 696/4/1
f 703/4/1 697/4/1 702/4/1
f 704/3/1 692/3/1 698/3/1
f 705/4/1 699/4/1 692/4/1
f 705/3/1 692/3/1 704/3/1
f 706/4/1 699/4/1 705/4/1
f 707/3/1 701/3/1 700/3/1
f 708/3/1 701/3/1 707/3/1
f 714/3/1 710/3/1 709/3/1
f 715/3/1 710/3/1 714/3/1
f 716/3/1 713/3/1 712/3/1
f 716/3/1 712/3/1 711/3/1
f 717/3/1 713/3/1 716/3/1
f 724/3/1 719/3/1 718/3/1
f 725/2/1 720/2/1 719/2/1
f 725/3/1 719/3/1 724/3/1
f 726/2/1 720/2/1 725/2/1
f 727/4/1 722/4/1 721/4/1
f 728/3/1 723/3/1 722/3/1
f 728/4/1 722/4/1 727/4/1
f 729/3/1 723/3/1 728/3/1
f 738/2/1 731/2/1 730/2/1
f 738/2/1 732/2/1 731/2/1
f 738/2/1 733/2/1 732/2/1
f 738/2/1 734/2/1 733/2/1
f 739/2/1 734/2/1 738/2/1
f 740/3/1 737/3/1 736/3/1
f 740/2/1 734/2/1 739/2/1
f 740/3/1 736/3/1 735/3/1
f 740/3/1 735/3/1 734/3/1
f 741/3/1 737/3/1 740/3/1
f 743/2/1 742/2/1 741/2/1
f 743/2/1 741/2/1 740/2/1
f 743/2/1 740/2/1 739/2/1
f 744/2/1 742/2/1 743/2/1
f 751/9/1 746/9/1 745/9/1
f 751/9/1 747/9/1 746/9/1
f 752/9/1 747/9/1 751/9/1
f 754/9/1 749/9/1 748/9/1
f 755/9/1 749/9/1 754/9/1
f 756/9/1 754/9/1 748/9/1
f 757/9/1 754/9/1 756/9/1
f 760/3/1 751/3/1 750/3/1
f 761/9/1 753/9/1 752/9/1
f 761/3/1 751/3/1 760/3/1
f 761/9/1 752/9/1 751/9/1
f 762/9/1 753/9/1 761/9/1
f 763/4/1 759/4/1 758/4/1
f 764/4/1 759/4/1 763/4/1
f 769/3/1 766/3/1 765/3/1
f 769/3/1 767/3/1 766/3/1
f 770/3/1 769/3/1 768/3/1
f 771/3/1 767/3/1 769/3/1
f 771/3/1 769/3/1 770/3/1
f 774/3/1 773/3/1 772/3/1
f 775/3/1 773/3/1 774/3/1
f 778/4/1 777/4/1 776/4/1
f 779/4/1 777/4/1 778/4/1
f 784/2/1 781/2/1 780/2/1
f 785/2/1 781/2/1 784/2/1
f 786/3/1 782/3/1 781/3/1
f 786/2/1 781/2/1 785/2/1
f 787/4/1 783/4/1 782/4/1
f 787/3/1 782/3/1 786/3/1
f 788/4/1 783/4/1 787/4/1
f 791/4/1 790/4/1 789/4/1
f 792/4/1 790/4/1 791/4/1
f 795/3/1 794/3/1 793/3/1
f 796/3/1 794/3/1 795/3/1
f 799/3/1 795/3/1 793/3/1
f 800/3/1 795/3/1 799/3/1
f 804/1/1 798/1/1 797/1/1
f 805/1/1 798/1/1 804/1/1
f 806/1/1 801/1/1 800/1/1
f 807/3/1 802/3/1 801/3/1
f 807/1/1 801/1/1 806/1/1
f 808/1/1 803/1/1 802/1/1
f 808/3/1 802/3/1 807/3/1
f 809/1/1 803/1/1 808/1/1
f 812/2/1 811/2/1 810/2/1
f 813/2/1 811/2/1 812/2/1
f 817/3/1 815/3/1 814/3/1
f 818/6/1 817/6/1 816/6/1
f 819/3/1 815/3/1 817/3/1
f 819/6/1 817/6/1 818/6/1
f 820/3/1 815/3/1 819/3/1
f 823/2/1 822/2/1 821/2/1
f 824/2/1 822/2/1 823/2/1
f 825/2/2 826/2/2 827/2/2
f 827/2/2 826/2/2 828/2/2
f 829/3/2 830/3/2 832/3/2
f 831/6/2 832/6/2 833/6/2
f 832/3/2 830/3/2 834/3/2
f 833/6/2 832/6/2 834/6/2
f 834/3/2 830/3/2 835/3/2
f 836/2/2 837/2/2 838/2/2
f 838/2/2 837/2/2 839/2/2
f 840/3/2 841/3/2 842/3/2
f 842/3/2 841/3/2 843/3/2
f 840/3/2 842/3/2 846/3/2
f 846/3/2 842/3/2 847/3/2
f 844/1/2 845/1/2 851/1/2
f 851/1/2 845/1/2 852/1/2
f 847/1/2 848/1/2 853/1/2
f 848/3/2 849/3/2 854/3/2
f 853/1/2 848/1/2 854/1/2
f 849/1/2 850/1/2 855/1/2
f 854/3/2 849/3/2 855/3/2
f 855/1/2 850/1/2 856/1/2
f 857/4/2 858/4/2 859/4/2
f 859/4/2 858/4/2 860/4/2
f 861/2/2 862/2/2 865/2/2
f 865/2/2 862/2/2 866/2/2
f 862/3/2 863/3/2 867/3/2
f 866/2/2 862/2/2 867/2/2
f 863/4/2 864/4/2 868/4/2
f 867/3/2 863/3/2 868/3/2
f 868/4/2 864/4/2 869/4/2
f 870/4/2 871/4/2 872/4/2
f 872/4/2 871/4/2 873/4/2
f 874/3/2 875/3/2 878/3/2
f 875/3/2 876/3/2 878/3/2
f 877/3/2 878/3/2 879/3/2
f 878/3/2 876/3/2 880/3/2
f 879/3/2 878/3/2 880/3/2
f 881/3/2 882/3/2 883/3/2
f 883/3/2 882/3/2 884/3/2
f 885/9/2 886/9/2 891/9/2
f 886/9/2 887/9/2 891/9/2
f 891/9/2 887/9/2 892/9/2
f 888/9/2 889/9/2 894/9/2
f 894/9/2 889/9/2 895/9/2
f 888/9/2 894/9/2 896/9/2
f 896/9/2 894/9/2 897/9/2
f 890/3/2 891/3/2 900/3/2
f 892/9/2 893/9/2 901/9/2
f 900/3/2 891/3/2 901/3/2
f 891/9/2 892/9/2 901/9/2
f 901/9/2 893/9/2 902/9/2
f 898/4/2 899/4/2 903/4/2
f 903/4/2 899/4/2 904/4/2
f 905/3/2 906/3/2 910/3/2
f 910/3/2 906/3/2 911/3/2
f 908/3/2 909/3/2 912/3/2
f 907/3/2 908/3/2 912/3/2
f 912/3/2 909/3/2 913/3/2
f 914/3/2 915/3/2 920/3/2
f 915/2/2 916/2/2 921/2/2
f 920/3/2 915/3/2 921/3/2
f 921/2/2 916/2/2 922/2/2
f 917/4/2 918/4/2 923/4/2
f 918/3/2 919/3/2 924/3/2
f 923/4/2 918/4/2 924/4/2
f 924/3/2 919/3/2 925/3/2
f 926/2/2 927/2/2 934/2/2
f 927/2/2 928/2/2 934/2/2
f 928/2/2 929/2/2 934/2/2
f 929/2/2 930/2/2 934/2/2
f 934/2/2 930/2/2 935/2/2
f 932/3/2 933/3/2 936/3/2
f 935/2/2 930/2/2 936/2/2
f 931/3/2 932/3/2 936/3/2
f 930/3/2 931/3/2 936/3/2
f 936/3/2 933/3/2 937/3/2
f 937/2/2 938/2/2 939/2/2
f 936/2/2 937/2/2 939/2/2
f 935/2/2 936/2/2 939/2/2
f 939/2/2 938/2/2 940/2/2
f 941/3/2 942/3/2 945/3/2
f 942/2/2 943/2/2 946/2/2
f 945/3/2 942/3/2 946/3/2
f 943/3/2 944/3/2 947/3/2
f 946/2/2 943/2/2 947/2/2
f 947/3/2 944/3/2 948/3/2
f 948/9/2 949/9/2 952/9/2
f 952/9/2 949/9/2 953/9/2
f 950/9/2 951/9/2 955/9/2
f 955/9/2 951/9/2 956/9/2
f 950/9/2 955/9/2 959/9/2
f 959/9/2 955/9/2 960/9/2
f 957/3/2 958/3/2 961/3/2
f 961/3/2 958/3/2 962/3/2
f 953/9/2 954/9/2 963/9/2
f 963/9/2 954/9/2 964/9/2
f 965/3/2 966/3/2 971/3/2
f 971/3/2 966/3/2 972/3/2
f 967/3/2 968/3/2 973/3/2
f 973/3/2 968/3/2 974/3/2
f 969/3/2 970/3/2 975/3/2
f 975/3/2 970/3/2 976/3/2
f 977/3/2 978/3/2 983/3/2
f 978/4/2 979/4/2 984/4/2
f 983/3/2 978/3/2 984/3/2
f 984/4/2 979/4/2 985/4/2
f 979/3/2 980/3/2 986/3/2
f 985/4/2 979/4/2 986/4/2
f 981/4/2 982/4/2 987/4/2
f 980/4/2 981/4/2 987/4/2
f 987/4/2 982/4/2 988/4/2
f 984/4/2 985/4/2 990/4/2
f 990/4/2 985/4/2 991/4/2
f 986/3/2 980/3/2 992/3/2
f 980/4/2 987/4/2 993/4/2
f 992/3/2 980/3/2 993/3/2
f 993/4/2 987/4/2 994/4/2
f 988/3/2 989/3/2 995/3/2
f 995/3/2 989/3/2 996/3/2
f 997/3/2 998/3/2 1002/3/2
f 998/2/2 999/2/2 1003/2/2
f 1002/3/2 998/3/2 1003/3/2
f 999/3/2 1000/3/2 1004/3/2
f 1003/2/2 999/2/2 1004/2/2
f 1004/3/2 1000/3/2 1005/3/2
f 1001/3/2 1002/3/2 1008/3/2
f 1008/3/2 1002/3/2 1009/3/2
f 1007/3/2 1008/3/2 1010/3/2
f 1010/3/2 1008/3/2 1011/3/2
f 1005/9/2 1006/9/2 1012/9/2
f 1012/9/2 1006/9/2 1013/9/2
f 1013/9/2 1006/9/2 1014/9/2
f 1015/3/2 1016/3/2 1017/3/2
f 1017/3/2 1016/3/2 1018/3/2
f 1019/3/2 1020/3/2 1023/3/2
f 1023/3/2 1020/3/2 1024/3/2
f 1024/3/2 1020/3/2 1025/3/2
f 1025/3/2 1020/3/2 1026/3/2
f 1021/3/2 1022/3/2 1027/3/2
f 1026/3/2 1020/3/2 1030/3/2
f 1030/3/2 1020/3/2 1031/3/2
f 1020/2/2 1021/2/2 1032/2/2
f 1031/3/2 1020/3/2 1032/3/2
f 1027/3/2 1028/3/2 1033/3/2
f 1032/2/2 1021/2/2 1033/2/2
f 1021/3/2 1027/3/2 1033/3/2
f 1033/3/2 1028/3/2 1034/3/2
f 1034/3/2 1028/3/2 1035/3/2
f 1029/4/2 1030/4/2 1036/4/2
f 1036/4/2 1030/4/2 1037/4/2
f 1037/3/2 1038/3/2 1043/3/2
f 1043/3/2 1038/3/2 1044/3/2
f 1041/3/2 1042/3/2 1045/3/2
f 1040/3/2 1041/3/2 1045/3/2
f 1039/3/2 1040/3/2 1045/3/2
f 1045/3/2 1042/3/2 1046/3/2
f 1047/9/2 1048/9/2 1051/9/2
f 1048/9/2 1049/9/2 1051/9/2
f 1050/9/2 1051/9/2 1052/9/2
f 1052/9/2 1051/9/2 1053/9/2
f 1053/9/2 1051/9/2 1054/9/2
f 1051/9/2 1049/9/2 1055/9/2
f 1054/9/2 1051/9/2 1055/9/2
f 1055/9/2 1049/9/2 1056/9/2
f 1057/9/2 1058/9/2 1059/9/2
f 1059/9/2 1058/9/2 1060/9/2
f 1061/4/2 1062/4/2 1069/4/2
f 1069/4/2 1062/4/2 1070/4/2
f 1063/4/2 1064/4/2 1071/4/2
f 1071/4/2 1064/4/2 1072/4/2
f 1065/3/2 1066/3/2 1073/3/2
f 1073/3/2 1066/3/2 1074/3/2
f 1067/6/2 1068/6/2 1075/6/2
f 1075/6/2 1068/6/2 1076/6/2
f 1077/3/2 1078/3/2 1081/3/2
f 1081/3/2 1078/3/2 1082/3/2
f 1079/3/2 1080/3/2 1084/3/2
f 1084/3/2 1080/3/2 1085/3/2
f 1085/3/2 1080/3/2 1086/3/2
f 1083/3/2 1084/3/2 1087/3/2
f 1084/3/2 1085/3/2 1087/3/2
f 1087/3/2 1085/3/2 1088/3/2
f 1088/3/2 1089/3/2 1090/3/2
f 1090/3/2 1089/3/2 1091/3/2
f 1091/3/2 1092/3/2 1093/3/2
f 1093/3/2 1092/3/2 1094/3/2
f 1095/6/2 1096/6/2 1099/6/2
f 1096/3/2 1097/3/2 1100/3/2
f 1099/6/2 1096/6/2 1100/6/2
f 1100/3/2 1097/3/2 1101/3/2
f 1098/3/2 1099/3/2 1104/3/2
f 1104/3/2 1099/3/2 1105/3/2
f 1102/3/2 1103/3/2 1107/3/2
f 1107/3/2 1103/3/2 1108/3/2
f 1106/3/2 1107/3/2 1110/3/2
f 1110/3/2 1107/3/2 1111/3/2
f 1111/3/2 1107/3/2 1112/3/2
f 1109/4/2 1110/4/2 1113/4/2
f 1110/4/2 1111/4/2 1113/4/2
f 1113/4/2 1111/4/2 1114/4/2
f 1114/4/2 1115/4/2 1118/4/2
f 1118/4/2 1115/4/2 1119/4/2
f 1116/3/2 1117/3/2 1122/3/2
f 1122/3/2 1117/3/2 1123/3/2
f 1123/3/2 1117/3/2 1124/3/2
f 1119/3/2 1120/3/2 1125/3/2
f 1125/3/2 1120/3/2 1126/3/2
f 1122/3/2 1123/3/2 1130/3/2
f 1121/3/2 1122/3/2 1130/3/2
f 1130/3/2 1123/3/2 1131/3/2
f 1126/3/2 1127/3/2 1134/3/2
f 1134/3/2 1127/3/2 1135/3/2
f 1128/3/2 1129/3/2 1143/3/2
f 1130/4/2 1131/4/2 1144/4/2
f 1129/4/2 1130/4/2 1144/4/2
f 1143/3/2 1129/3/2 1144/3/2
f 1131/3/2 1132/3/2 1145/3/2
f 1144/4/2 1131/4/2 1145/4/2
f 1132/3/2 1133/3/2 1145/3/2
f 1145/3/2 1133/3/2 1146/3/2
f 1146/3/2 1133/3/2 1147/3/2
f 1147/3/2 1133/3/2 1148/3/2
f 1136/7/2 1137/7/2 1149/7/2
f 1149/7/2 1137/7/2 1150/7/2
f 1137/9/2 1138/9/2 1151/9/2
f 1138/9/2 1139/9/2 1151/9/2
f 1139/3/2 1140/3/2 1152/3/2
f 1151/9/2 1139/9/2 1152/9/2
f 1152/3/2 1140/3/2 1153/3/2
f 1141/4/2 1142/4/2 1154/4/2
f 1153/3/2 1140/3/2 1154/3/2
f 1140/4/2 1141/4/2 1154/4/2
f 1143/3/2 1144/3/2 1155/3/2
f 1154/4/2 1142/4/2 1155/4/2
f 1142/3/2 1143/3/2 1155/3/2
f 1155/3/2 1144/3/2 1156/3/2
f 1146/6/2 1147/6/2 1157/6/2
f 1157/6/2 1147/6/2 1158/6/2
f 1150/7/2 1137/7/2 1159/7/2
f 1137/9/2 1151/9/2 1160/9/2
f 1159/7/2 1137/7/2 1160/7/2
f 1151/7/2 1152/7/2 1161/7/2
f 1160/9/2 1151/9/2 1161/9/2
f 1152/9/2 1153/9/2 1162/9/2
f 1161/7/2 1152/7/2 1162/7/2
f 1153/3/2 1154/3/2 1163/3/2
f 1162/9/2 1153/9/2 1163/9/2
f 1163/3/2 1154/3/2 1164/3/2
f 1165/3/2 1166/3/2 1169/3/2
f 1169/3/2 1166/3/2 1170/3/2
f 1167/3/2 1168/3/2 1171/3/2
f 1171/3/2 1168/3/2 1172/3/2
f 1173/3/2 1174/3/2 1178/3/2
f 1178/3/2 1174/3/2 1179/3/2
f 1174/9/2 1175/9/2 1180/9/2
f 1179/3/2 1174/3/2 1180/3/2
f 1175/3/2 1176/3/2 1181/3/2
f 1180/9/2 1175/9/2 1181/9/2
f 1181/3/2 1176/3/2 1182/3/2
f 1178/3/2 1179/3/2 1184/3/2
f 1177/3/2 1178/3/2 1184/3/2
f 1184/3/2 1179/3/2 1185/3/2
f 1185/3/2 1179/3/2 1186/3/2
f 1183/3/2 1184/3/2 1187/3/2
f 1184/3/2 1185/3/2 1187/3/2
f 1187/3/2 1185/3/2 1188/3/2
f 1188/3/2 1185/3/2 1189/3/2
f 1189/3/2 1185/3/2 1190/3/2
f 1188/4/2 1189/4/2 1191/4/2
f 1191/4/2 1189/4/2 1192/4/2
f 1193/4/2 1194/4/2 1196/4/2
f 1194/4/2 1195/4/2 1196/4/2
f 1196/4/2 1195/4/2 1197/4/2
f 1197/9/2 1198/9/2 1207/9/2
f 1198/9/2 1199/9/2 1207/9/2
f 1199/4/2 1200/4/2 1208/4/2
f 1207/9/2 1199/9/2 1208/9/2
f 1200/9/2 1201/9/2 1209/9/2
f 1208/4/2 1200/4/2 1209/4/2
f 1201/7/2 1202/7/2 1210/7/2
f 1209/9/2 1201/9/2 1210/9/2
f 1202/9/2 1203/9/2 1211/9/2
f 1210/7/2 1202/7/2 1211/7/2
f 1204/4/2 1205/4/2 1212/4/2
f 1211/9/2 1203/9/2 1212/9/2
f 1203/4/2 1204/4/2 1212/4/2
f 1205/3/2 1206/3/2 1213/3/2
f 1212/4/2 1205/4/2 1213/4/2
f 1213/3/2 1206/3/2 1214/3/2
f 1215/3/2 1216/3/2 1219/3/2
f 1219/3/2 1216/3/2 1220/3/2
f 1217/3/2 1218/3/2 1221/3/2
f 1221/3/2 1218/3/2 1222/3/2
f 1222/3/2 1218/3/2 1223/3/2
f 1223/3/2 1218/3/2 1224/3/2
f 1222/3/2 1223/3/2 1229/3/2
f 1229/3/2 1223/3/2 1230/3/2
f 1225/3/2 1226/3/2 1232/3/2
f 1227/3/2 1228/3/2 1233/3/2
f 1226/9/2 1227/9/2 1233/9/2
f 1233/3/2 1228/3/2 1234/3/2
f 1231/3/2 1232/3/2 1237/3/2
f 1232/3/2 1226/3/2 1238/3/2
f 1237/3/2 1232/3/2 1238/3/2
f 1238/3/2 1226/3/2 1239/3/2
f 1234/2/2 1235/2/2 1240/2/2
f 1226/9/2 1233/9/2 1240/9/2
f 1233/2/2 1234/2/2 1240/2/2
f 1240/2/2 1235/2/2 1241/2/2
f 1236/3/2 1237/3/2 1245/3/2
f 1237/3/2 1238/3/2 1245/3/2
f 1238/2/2 1239/2/2 1246/2/2
f 1245/3/2 1238/3/2 1246/3/2
f 1239/3/2 1226/3/2 1247/3/2
f 1246/2/2 1239/2/2 1247/2/2
f 1226/9/2 1240/9/2 1248/9/2
f 1247/3/2 1226/3/2 1248/3/2
f 1241/3/2 1242/3/2 1249/3/2
f 1248/9/2 1240/9/2 1249/9/2
f 1240/3/2 1241/3/2 1249/3/2
f 1249/3/2 1242/3/2 1250/3/2
f 1250/3/2 1242/3/2 1251/3/2
f 1243/3/2 1244/3/2 1254/3/2
f 1254/3/2 1244/3/2 1255/3/2
f 1247/4/2 1248/4/2 1258/4/2
f 1248/9/2 1249/9/2 1259/9/2
f 1258/4/2 1248/4/2 1259/4/2
f 1249/4/2 1250/4/2 1260/4/2
f 1259/9/2 1249/9/2 1260/9/2
f 1252/9/2 1253/9/2 1261/9/2
f 1260/4/2 1250/4/2 1261/4/2
f 1250/9/2 1251/9/2 1261/9/2
f 1251/9/2 1252/9/2 1261/9/2
f 1254/4/2 1255/4/2 1262/4/2
f 1261/9/2 1253/9/2 1262/9/2
f 1255/4/2 1256/4/2 1262/4/2
f 1253/4/2 1254/4/2 1262/4/2
f 1256/3/2 1257/3/2 1263/3/2
f 1262/4/2 1256/4/2 1263/4/2
f 1263/3/2 1257/3/2 1264/3/2
f 1265/9/2 1266/9/2 1267/9/2
f 1267/9/2 1266/9/2 1268/9/2
f 1269/3/2 1270/3/2 1273/3/2
f 1271/3/2 1272/3/2 1273/3/2
f 1270/3/2 1271/3/2 1273/3/2
f 1273/3/2 1272/3/2 1274/3/2
f 1274/3/2 1272/3/2 1275/3/2
f 1275/3/2 1272/3/2 1276/3/2
f 1276/3/2 1272/3/2 1277/3/2
f 1277/3/2 1272/3/2 1278/3/2
f 1279/4/2 1280/4/2 1281/4/2
f 1281/4/2 1280/4/2 1282/4/2
f 1283/3/2 1284/3/2 1285/3/2
f 1285/3/2 1284/3/2 1286/3/2
f 1287/9/2 1288/9/2 1290/9/2
f 1290/9/2 1288/9/2 1291/9/2
f 1291/9/2 1288/9/2 1292/9/2
f 1292/9/2 1288/9/2 1293/9/2
f 1289/4/2 1290/4/2 1294/4/2
f 1294/4/2 1290/4/2 1295/4/2
f 1296/3/2 1297/3/2 1301/3/2
f 1297/4/2 1298/4/2 1302/4/2
f 1301/3/2 1297/3/2 1302/3/2
f 1302/4/2 1298/4/2 1303/4/2
f 1299/3/2 1300/3/2 1308/3/2
f 1308/3/2 1300/3/2 1309/3/2
f 1304/4/2 1305/4/2 1310/4/2
f 1305/3/2 1306/3/2 1311/3/2
f 1310/4/2 1305/4/2 1311/4/2
f 1306/4/2 1307/4/2 1312/4/2
f 1311/3/2 1306/3/2 1312/3/2
f 1312/4/2 1307/4/2 1313/4/2
f 1314/9/2 1315/9/2 1316/9/2
f 1316/9/2 1315/9/2 1317/9/2
f 1318/3/2 1319/3/2 1322/3/2
f 1319/3/2 1320/3/2 1322/3/2
f 1321/3/2 1322/3/2 1323/3/2
f 1322/3/2 1320/3/2 1324/3/2
f 1323/3/2 1322/3/2 1324/3/2
f 1325/4/2 1326/4/2 1332/4/2
f 1332/4/2 1326/4/2 1333/4/2
f 1327/3/2 1328/3/2 1334/3/2
f 1334/3/2 1328/3/2 1335/3/2
f 1330/3/2 1331/3/2 1336/3/2
f 1329/3/2 1330/3/2 1336/3/2
f 1336/3/2 1331/3/2 1337/3/2
f 1338/4/2 1339/4/2 1345/4/2
f 1345/4/2 1339/4/2 1346/4/2
f 1340/2/2 1341/2/2 1347/2/2
f 1341/3/2 1342/3/2 1348/3/2
f 1347/2/2 1341/2/2 1348/2/2
f 1348/3/2 1342/3/2 1349/3/2
f 1343/4/2 1344/4/2 1350/4/2
f 1350/4/2 1344/4/2 1351/4/2
f 1355/3/2 1356/3/2 1357/3/2
f 1354/3/2 1355/3/2 1357/3/2
f 1353/3/2 1354/3/2 1357/3/2
f 1352/3/2 1353/3/2 1357/3/2
f 1357/3/2 1356/3/2 1358/3/2
f 1358/3/2 1356/3/2 1359/3/2
f 1359/3/2 1356/3/2 1360/3/2
f 1360/3/2 1356/3/2 1361/3/2
f 1361/3/2 1356/3/2 1362/3/2
f 1363/9/2 1364/9/2 1369/9/2
f 1364/9/2 1365/9/2 1369/9/2
f 1369/9/2 1365/9/2 1370/9/2
f 1366/9/2 1367/9/2 1372/9/2
f 1372/9/2 1367/9/2 1373/9/2
f 1366/9/2 1372/9/2 1376/9/2
f 1376/9/2 1372/9/2 1377/9/2
f 1374/3/2 1375/3/2 1378/3/2
f 1378/3/2 1375/3/2 1379/3/2
f 1368/3/2 1369/3/2 1380/3/2
f 1370/9/2 1371/9/2 1381/9/2
f 1380/3/2 1369/3/2 1381/3/2
f 1369/9/2 1370/9/2 1381/9/2
f 1381/9/2 1371/9/2 1382/9/2
f 1383/4/2 1384/4/2 1385/4/2
f 1385/4/2 1384/4/2 1386/4/2
f 1387/3/2 1388/3/2 1392/3/2
f 1388/4/2 1389/4/2 1393/4/2
f 1392/3/2 1388/3/2 1393/3/2
f 1393/4/2 1389/4/2 1394/4/2
f 1389/3/2 1390/3/2 1395/3/2
f 1394/4/2 1389/4/2 1395/4/2
f 1390/4/2 1391/4/2 1396/4/2
f 1396/4/2 1391/4/2 1397/4/2
f 1393/4/2 1394/4/2 1399/4/2
f 1399/4/2 1394/4/2 1400/4/2
f 1395/3/2 1390/3/2 1401/3/2
f 1390/4/2 1396/4/2 1402/4/2
f 1401/3/2 1390/3/2 1402/3/2
f 1402/4/2 1396/4/2 1403/4/2
f 1397/3/2 1398/3/2 1404/3/2
f 1404/3/2 1398/3/2 1405/3/2
f 1406/2/2 1407/2/2 1409/2/2
f 1409/2/2 1407/2/2 1410/2/2
f 1407/3/2 1408/3/2 1411/3/2
f 1410/2/2 1407/2/2 1411/2/2
f 1411/3/2 1408/3/2 1412/3/2
f 1412/2/2 1413/2/2 1414/2/2
f 1411/2/2 1412/2/2 1414/2/2
f 1410/2/2 1411/2/2 1414/2/2
f 1414/2/2 1413/2/2 1415/2/2
f 1416/4/2 1417/4/2 1418/4/2
f 1418/4/2 1417/4/2 1419/4/2
f 1420/4/2 1421/4/2 1422/4/2
f 1422/4/2 1421/4/2 1423/4/2
f 1424/3/2 1425/3/2 1428/3/2
f 1425/2/2 1426/2/2 1429/2/2
f 1428/3/2 1425/3/2 1429/3/2
f 1426/3/2 1427/3/2 1430/3/2
f 1429/2/2 1426/2/2 1430/2/2
f 1430/3/2 1427/3/2 1431/3/2
f 1431/9/2 1432/9/2 1435/9/2
f 1435/9/2 1432/9/2 1436/9/2
f 1433/9/2 1434/9/2 1438/9/2
f 1438/9/2 1434/9/2 1439/9/2
f 1433/9/2 1438/9/2 1444/9/2
f 1444/9/2 1438/9/2 1445/9/2
f 1442/3/2 1443/3/2 1448/3/2
f 1448/3/2 1443/3/2 1449/3/2
f 1446/10/2 1447/10/2 1450/10/2
f 1450/10/2 1447/10/2 1451/10/2
f 1451/10/2 1447/10/2 1452/10/2
f 1452/10/2 1447/10/2 1453/10/2
f 1436/9/2 1437/9/2 1459/9/2
f 1459/9/2 1437/9/2 1460/9/2
f 1440/4/2 1441/4/2 1461/4/2
f 1454/5/2 1455/5/2 1463/5/2
f 1463/5/2 1455/5/2 1464/5/2
f 1456/3/2 1457/3/2 1467/3/2
f 1457/5/2 1458/5/2 1468/5/2
f 1467/3/2 1457/3/2 1468/3/2
f 1468/5/2 1458/5/2 1469/5/2
f 1440/4/2 1461/4/2 1470/4/2
f 1461/3/2 1462/3/2 1471/3/2
f 1470/4/2 1461/4/2 1471/4/2
f 1462/2/2 1463/2/2 1472/2/2
f 1471/3/2 1462/3/2 1472/3/2
f 1472/2/2 1463/2/2 1473/2/2
f 1464/4/2 1465/4/2 1474/4/2
f 1465/3/2 1466/3/2 1475/3/2
f 1474/4/2 1465/4/2 1475/4/2
f 1466/4/2 1467/4/2 1476/4/2
f 1475/3/2 1466/3/2 1476/3/2
f 1467/3/2 1468/3/2 1477/3/2
f 1476/4/2 1467/4/2 1477/4/2
f 1477/3/2 1468/3/2 1478/3/2
f 1479/3/2 1480/3/2 1484/3/2
f 1480/2/2 1481/2/2 1485/2/2
f 1484/3/2 1480/3/2 1485/3/2
f 1481/3/2 1482/3/2 1486/3/2
f 1485/2/2 1481/2/2 1486/2/2
f 1486/3/2 1482/3/2 1487/3/2
f 1483/3/2 1484/3/2 1490/3/2
f 1490/3/2 1484/3/2 1491/3/2
f 1489/3/2 1490/3/2 1493/3/2
f 1493/3/2 1490/3/2 1494/3/2
f 1491/3/2 1492/3/2 1495/3/2
f 1495/3/2 1492/3/2 1496/3/2
f 1487/9/2 1488/9/2 1501/9/2
f 1501/9/2 1488/9/2 1502/9/2
f 1497/4/2 1498/4/2 1503/4/2
f 1498/2/2 1499/2/2 1504/2/2
f 1503/4/2 1498/4/2 1504/4/2
f 1499/3/2 1500/3/2 1505/3/2
f 1504/2/2 1499/2/2 1505/2/2
f 1500/3/2 1501/3/2 1505/3/2
f 1505/3/2 1501/3/2 1506/3/2
f 1507/3/2 1508/3/2 1512/3/2
f 1512/3/2 1508/3/2 1513/3/2
f 1513/3/2 1508/3/2 1514/3/2
f 1514/3/2 1508/3/2 1515/3/2
f 1508/2/2 1509/2/2 1516/2/2
f 1515/3/2 1508/3/2 1516/3/2
f 1516/2/2 1509/2/2 1517/2/2
f 1511/3/2 1512/3/2 1519/3/2
f 1519/3/2 1512/3/2 1520/3/2
f 1513/3/2 1514/3/2 1521/3/2
f 1521/3/2 1514/3/2 1522/3/2
f 1517/2/2 1509/2/2 1524/2/2
f 1518/3/2 1519/3/2 1525/3/2
f 1525/3/2 1519/3/2 1526/3/2
f 1523/2/2 1524/2/2 1527/2/2
f 1527/2/2 1524/2/2 1530/2/2
f 1509/3/2 1510/3/2 1531/3/2
f 1524/2/2 1509/2/2 1531/2/2
f 1530/2/2 1524/2/2 1531/2/2
f 1531/3/2 1510/3/2 1532/3/2
f 1529/4/2 1530/4/2 1533/4/2
f 1528/4/2 1529/4/2 1533/4/2
f 1530/2/2 1531/2/2 1534/2/2
f 1533/4/2 1530/4/2 1534/4/2
f 1531/4/2 1532/4/2 1535/4/2
f 1534/2/2 1531/2/2 1535/2/2
f 1532/3/2 1510/3/2 1536/3/2
f 1535/4/2 1532/4/2 1536/4/2
f 1536/3/2 1510/3/2 1537/3/2
f 1538/2/2 1539/2/2 1543/2/2
f 1543/2/2 1539/2/2 1544/2/2
f 1541/3/2 1542/3/2 1545/3/2
f 1540/4/2 1541/4/2 1545/4/2
f 1545/3/2 1542/3/2 1546/3/2
f 1540/4/2 1545/4/2 1550/4/2
f 1545/4/2 1546/4/2 1550/4/2
f 1550/4/2 1546/4/2 1551/4/2
f 1548/4/2 1549/4/2 1552/4/2
f 1547/4/2 1548/4/2 1552/4/2
f 1552/4/2 1549/4/2 1553/4/2
f 1554/2/2 1555/2/2 1561/2/2
f 1555/2/2 1556/2/2 1561/2/2
f 1556/3/2 1557/3/2 1562/3/2
f 1561/2/2 1556/2/2 1562/2/2
f 1557/4/2 1558/4/2 1563/4/2
f 1562/3/2 1557/3/2 1563/3/2
f 1563/4/2 1558/4/2 1564/4/2
f 1559/3/2 1560/3/2 1567/3/2
f 1567/3/2 1560/3/2 1568/3/2
f 1565/5/2 1566/5/2 1569/5/2
f 1569/5/2 1566/5/2 1570/5/2
f 1567/4/2 1568/4/2 1573/4/2
f 1573/4/2 1568/4/2 1574/4/2
f 1571/4/2 1572/4/2 1575/4/2
f 1575/4/2 1572/4/2 1576/4/2
f 1577/2/2 1578/2/2 1579/2/2
f 1579/2/2 1578/2/2 1580/2/2
f 1583/3/2 1584/3/2 1585/3/2
f 1583/3/2 1585/3/2 1586/3/2
f 1586/3/2 1585/3/2 1587/3/2
f 1587/3/2 1585/3/2 1588/3/2
f 1581/4/2 1582/4/2 1589/4/2
f 1589/4/2 1582/4/2 1590/4/2
f 1586/4/2 1587/4/2 1591/4/2
f 1591/4/2 1587/4/2 1592/4/2
f 1593/2/2 1594/2/2 1597/2/2
f 1594/3/2 1595/3/2 1598/3/2
f 1597/2/2 1594/2/2 1598/2/2
f 1595/4/2 1596/4/2 1599/4/2
f 1598/3/2 1595/3/2 1599/3/2
f 1599/4/2 1596/4/2 1600/4/2
f 1601/3/2 1602/3/2 1603/3/2
f 1603/3/2 1602/3/2 1604/3/2
f 1601/3/2 1603/3/2 1605/3/2
f 1605/3/2 1603/3/2 1606/3/2
f 1606/1/2 1607/1/2 1611/1/2
f 1607/1/2 1608/1/2 1611/1/2
f 1608/3/2 1609/3/2 1612/3/2
f 1611/1/2 1608/1/2 1612/1/2
f 1609/1/2 1610/1/2 1613/1/2
f 1612/3/2 1609/3/2 1613/3/2
f 1613/1/2 1610/1/2 1614/1/2
f 1615/1/2 1616/1/2 1617/1/2
f 1617/1/2 1616/1/2 1618/1/2
f 1619/1/2 1620/1/2 1621/1/2
f 1621/1/2 1620/1/2 1622/1/2
f 1623/1/2 1624/1/2 1625/1/2
f 1625/1/2 1624/1/2 1626/1/2
f 1627/1/2 1628/1/2 1629/1/2
f 1629/1/2 1628/1/2 1630/1/2
f 1631/6/2 1632/6/2 1634/6/2
f 1632/3/2 1633/3/2 1635/3/2
f 1634/6/2 1632/6/2 1635/6/2
f 1635/3/2 1633/3/2 1636/3/2
f 1637/1/2 1638/1/2 1643/1/2
f 1638/2/2 1639/2/2 1644/2/2
f 1643/1/2 1638/1/2 1644/1/2
f 1639/1/2 1640/1/2 1645/1/2
f 1644/2/2 1639/2/2 1645/2/2
f 1640/4/2 1641/4/2 1646/4/2
f 1645/1/2 1640/1/2 1646/1/2
f 1641/2/2 1642/2/2 1647/2/2
f 1646/4/2 1641/4/2 1647/4/2
f 1647/2/2 1642/2/2 1648/2/2
f 1651/3/3 1650/3/3 1649/3/3
f 1652/3/3 1650/3/3 1651/3/3
f 1655/3/3 1654/3/3 1653/3/3
f 1656/3/3 1654/3/3 1655/3/3
f 1659/4/3 1658/4/3 1657/4/3
f 1660/4/3 1658/4/3 1659/4/3
f 1663/3/3 1661/3/3 1660/3/3
f 1664/3/3 1661/3/3 1663/3/3
f 1665/4/3 1663/4/3 1662/4/3
f 1666/4/3 1663/4/3 1665/4/3
f 1669/3/3 1668/3/3 1667/3/3
f 1670/3/3 1668/3/3 1669/3/3
f 1673/3/3 1672/3/3 1671/3/3
f 1674/3/3 1672/3/3 1673/3/3
f 1677/3/3 1676/3/3 1675/3/3
f 1678/3/3 1676/3/3 1677/3/3
f 1682/4/3 1679/4/3 1678/4/3
f 1683/4/3 1679/4/3 1682/4/3
f 1685/3/3 1681/3/3 1680/3/3
f 1686/3/3 1681/3/3 1685/3/3
f 1688/3/3 1684/3/3 1683/3/3
f 1689/3/3 1684/3/3 1688/3/3
f 1691/4/3 1688/4/3 1687/4/3
f 1692/4/3 1688/4/3 1691/4/3
f 1693/3/3 1691/3/3 1690/3/3
f 1694/3/3 1691/3/3 1693/3/3
f 1698/3/3 1696/3/3 1695/3/3
f 1699/3/3 1696/3/3 1698/3/3
f 1700/3/3 1698/3/3 1697/3/3
f 1701/3/3 1698/3/3 1700/3/3
f 1704/3/3 1703/3/3 1702/3/3
f 1705/3/3 1703/3/3 1704/3/3
f 1707/3/3 1706/3/3 1705/3/3
f 1708/3/3 1706/3/3 1707/3/3
f 1711/4/3 1710/4/3 1709/4/3
f 1712/4/3 1710/4/3 1711/4/3
f 1714/3/3 1713/3/3 1712/3/3
f 1715/3/3 1713/3/3 1714/3/3
f 1719/3/3 1717/3/3 1716/3/3
f 1720/3/3 1717/3/3 1719/3/3
f 1721/4/3 1719/4/3 1718/4/3
f 1722/4/3 1719/4/3 1721/4/3
f 1727/3/3 1724/3/3 1723/3/3
f 1728/3/3 1724/3/3 1727/3/3
f 1729/3/3 1726/3/3 1725/3/3
f 1730/3/3 1726/3/3 1729/3/3
f 1733/3/3 1732/3/3 1731/3/3
f 1734/3/3 1732/3/3 1733/3/3
f 1737/3/3 1736/3/3 1735/3/3
f 1738/3/3 1736/3/3 1737/3/3
f 1741/3/3 1740/3/3 1739/3/3
f 1742/3/3 1740/3/3 1741/3/3
f 1745/4/3 1744/4/3 1743/4/3
f 1746/4/3 1744/4/3 1745/4/3
f 1749/3/3 1747/3/3 1746/3/3
f 1750/3/3 1747/3/3 1749/3/3
f 1753/4/3 1749/4/3 1748/4/3
f 1754/4/3 1749/4/3 1753/4/3
f 1755/3/3 1752/3/3 1751/3/3
f 1756/3/3 1752/3/3 1755/3/3
f 1759/3/3 1758/3/3 1757/3/3
f 1760/3/3 1758/3/3 1759/3/3
f 1763/3/3 1762/3/3 1761/3/3
f 1764/3/3 1762/3/3 1763/3/3
f 1767/4/3 1766/4/3 1765/4/3
f 1768/4/3 1766/4/3 1767/4/3
f 1770/9/3 1769/9/3 1768/9/3
f 1771/9/3 1769/9/3 1770/9/3
f 1775/9/3 1773/9/3 1772/9/3
f 1776/9/3 1773/9/3 1775/9/3
f 1777/4/3 1775/4/3 1774/4/3
f 1778/4/3 1775/4/3 1777/4/3
f 1781/3/3 1780/3/3 1779/3/3
f 1782/3/3 1780/3/3 1781/3/3
f 1785/7/3 1784/7/3 1783/7/3
f 1786/7/3 1784/7/3 1785/7/3
f 1789/3/3 1788/3/3 1787/3/3
f 1790/3/3 1788/3/3 1789/3/3
f 1793/7/3 1792/7/3 1791/7/3
f 1794/7/3 1792/7/3 1793/7/3
f 1797/3/3 1796/3/3 1795/3/3
f 1798/3/3 1796/3/3 1797/3/3
f 1801/4/3 1800/4/3 1799/4/3
f 1802/4/3 1800/4/3 1801/4/3
f 1806/3/3 1802/3/3 1801/3/3
f 1807/3/3 1804/3/3 1803/3/3
f 1808/3/3 1804/3/3 1807/3/3
f 1809/3/3 1806/3/3 1805/3/3
f 1809/3/3 1802/3/3 1806/3/3
f 1810/3/3 1802/3/3 1809/3/3
f 1812/3/3 1809/3/3 1805/3/3
f 1813/3/3 1809/3/3 1812/3/3
f 1814/6/3 1812/6/3 1811/6/3
f 1815/6/3 1812/6/3 1814/6/3
f 1816/3/3 1815/3/3 1814/3/3
f 1817/3/3 1815/3/3 1816/3/3
f 1818/6/3 1817/6/3 1816/6/3
f 1819/6/3 1817/6/3 1818/6/3
f 1821/3/3 1820/3/3 1819/3/3
f 1823/3/3 1821/3/3 1819/3/3
f 1823/3/3 1822/3/3 1821/3/3
f 1824/3/3 1822/3/3 1823/3/3
f 1827/3/3 1822/3/3 1824/3/3
f 1828/3/3 1822/3/3 1827/3/3
f 1829/3/3 1826/3/3 1825/3/3
f 1830/3/3 1826/3/3 1829/3/3
f 1831/4/3 1828/4/3 1827/4/3
f 1832/4/3 1828/4/3 1831/4/3
f 1835/4/3 1834/4/3 1833/4/3
f 1836/4/3 1834/4/3 1835/4/3
f 1837/4/3 1834/4/3 1836/4/3
f 1840/4/3 1839/4/3 1838/4/3
f 1841/4/3 1839/4/3 1840/4/3
f 1842/4/3 1839/4/3 1841/4/3
f 1847/4/3 1844/4/3 1843/4/3
f 1848/4/3 1844/4/3 1847/4/3
f 1849/4/3 1846/4/3 1845/4/3
f 1850/4/3 1846/4/3 1849/4/3
f 1853/3/3 1852/3/3 1851/3/3
f 1854/3/3 1852/3/3 1853/3/3
f 1857/3/3 1856/3/3 1855/3/3
f 1858/3/3 1856/3/3 1857/3/3
f 1863/4/3 1860/4/3 1859/4/3
f 1864/4/3 1860/4/3 1863/4/3
f 1865/4/3 1862/4/3 1861/4/3
f 1866/4/3 1862/4/3 1865/4/3
f 1869/4/3 1868/4/3 1867/4/3
f 1870/4/3 1868/4/3 1869/4/3
f 1871/4/3 1869/4/3 1867/4/3
f 1872/4/3 1869/4/3 1871/4/3
f 1873/4/3 1868/4/3 1870/4/3
f 1874/4/3 1868/4/3 1873/4/3
f 1877/9/3 1876/9/3 1875/9/3
f 1878/9/3 1876/9/3 1877/9/3
f 1879/9/3 1877/9/3 1875/9/3
f 1880/9/3 1877/9/3 1879/9/3
f 1883/9/3 1882/9/3 1881/9/3
f 1885/9/3 1883/9/3 1881/9/3
f 1885/9/3 1884/9/3 1883/9/3
f 1886/9/3 1884/9/3 1885/9/3
f 1891/4/3 1888/4/3 1887/4/3
f 1892/4/3 1890/4/3 1889/4/3
f 1893/4/3 1891/4/3 1887/4/3
f 1893/4/3 1892/4/3 1891/4/3
f 1894/4/3 1890/4/3 1892/4/3
f 1894/4/3 1892/4/3 1893/4/3
f 1897/4/3 1896/4/3 1895/4/3
f 1898/4/3 1896/4/3 1897/4/3
f 1899/3/3 1898/3/3 1897/3/3
f 1900/3/3 1898/3/3 1899/3/3
f 1903/10/3 1902/10/3 1901/10/3
f 1904/10/3 1902/10/3 1903/10/3
f 1905/10/3 1904/10/3 1903/10/3
f 1906/10/3 1904/10/3 1905/10/3
f 1909/10/3 1908/10/3 1907/10/3
f 1910/10/3 1908/10/3 1909/10/3
f 1911/10/3 1910/10/3 1909/10/3
f 1912/10/3 1910/10/3 1911/10/3
f 1915/3/3 1914/3/3 1913/3/3
f 1916/3/3 1914/3/3 1915/3/3
f 1917/4/3 1916/4/3 1915/4/3
f 1918/4/3 1916/4/3 1917/4/3
f 1923/3/3 1920/3/3 1919/3/3
f 1924/3/3 1920/3/3 1923/3/3
f 1925/2/3 1922/2/3 1921/2/3
f 1926/2/3 1922/2/3 1925/2/3
f 1931/3/3 1928/3/3 1927/3/3
f 1932/3/3 1928/3/3 1931/3/3
f 1933/2/3 1930/2/3 1929/2/3
f 1934/2/3 1930/2/3 1933/2/3
f 1938/3/3 1936/3/3 1935/3/3
f 1939/4/3 1937/4/3 1936/4/3
f 1939/3/3 1936/3/3 1938/3/3
f 1940/4/3 1937/4/3 1939/4/3
f 1944/3/3 1942/3/3 1941/3/3
f 1945/4/3 1943/4/3 1942/4/3
f 1945/3/3 1942/3/3 1944/3/3
f 1946/4/3 1943/4/3 1945/4/3
f 1949/4/3 1948/4/3 1947/4/3
f 1950/4/3 1948/4/3 1949/4/3
f 1951/4/3 1948/4/3 1950/4/3
f 1954/3/3 1953/3/3 1952/3/3
f 1955/3/3 1953/3/3 1954/3/3
f 1958/3/3 1957/3/3 1956/3/3
f 1959/3/3 1957/3/3 1958/3/3
f 1962/3/3 1961/3/3 1960/3/3
f 1963/3/3 1961/3/3 1962/3/3
f 1967/4/3 1965/4/3 1964/4/3
f 1967/4/3 1966/4/3 1965/4/3
f 1968/4/3 1966/4/3 1967/4/3
f 1971/3/3 1970/3/3 1969/3/3
f 1972/3/3 1970/3/3 1971/3/3
f 1975/4/3 1974/4/3 1973/4/3
f 1976/4/3 1974/4/3 1975/4/3
f 1981/4/3 1978/4/3 1977/4/3
f 1982/4/3 1978/4/3 1981/4/3
f 1983/3/3 1980/3/3 1979/3/3
f 1984/3/3 1980/3/3 1983/3/3
f 1988/3/3 1986/3/3 1985/3/3
f 1989/4/3 1987/4/3 1986/4/3
f 1989/3/3 1986/3/3 1988/3/3
f 1990/4/3 1987/4/3 1989/4/3
f 1991/3/3 1988/3/3 1985/3/3
f 1992/3/3 1988/3/3 1991/3/3
f 1993/3/3 1990/3/3 1989/3/3
f 1994/3/3 1990/3/3 1993/3/3
f 1996/4/3 1995/4/3 1994/4/3
f 1997/4/3 1995/4/3 1996/4/3
f 2000/3/3 1999/3/3 1998/3/3
f 2001/3/3 1999/3/3 2000/3/3
f 2007/4/3 2003/4/3 2002/4/3
f 2008/4/3 2003/4/3 2007/4/3
f 2009/3/3 2005/3/3 2004/3/3
f 2010/3/3 2007/3/3 2006/3/3
f 2011/3/3 2007/3/3 2010/3/3
f 2012/3/3 2009/3/3 2004/3/3
f 2012/3/3 2010/3/3 2009/3/3
f 2013/4/3 2011/4/3 2010/4/3
f 2013/3/3 2010/3/3 2012/3/3
f 2014/4/3 2011/4/3 2013/4/3
f 2017/9/3 2016/9/3 2015/9/3
f 2018/9/3 2016/9/3 2017/9/3
f 2021/9/3 2020/9/3 2019/9/3
f 2022/9/3 2020/9/3 2021/9/3
f 2025/9/3 2024/9/3 2023/9/3
f 2026/9/3 2024/9/3 2025/9/3
f 2029/9/3 2028/9/3 2027/9/3
f 2030/9/3 2028/9/3 2029/9/3
f 2033/3/3 2032/3/3 2031/3/3
f 2034/3/3 2032/3/3 2033/3/3
f 2037/3/3 2036/3/3 2035/3/3
f 2038/3/3 2036/3/3 2037/3/3
f 2041/3/3 2039/3/3 2038/3/3
f 2042/3/3 2039/3/3 2041/3/3
f 2043/3/3 2041/3/3 2040/3/3
f 2044/3/3 2041/3/3 2043/3/3
f 2047/3/3 2046/3/3 2045/3/3
f 2048/3/3 2046/3/3 2047/3/3
f 2051/3/3 2050/3/3 2049/3/3
f 2052/3/3 2050/3/3 2051/3/3
f 2055/3/3 2053/3/3 2052/3/3
f 2056/3/3 2053/3/3 2055/3/3
f 2057/3/3 2055/3/3 2054/3/3
f 2058/3/3 2055/3/3 2057/3/3
f 2061/3/3 2060/3/3 2059/3/3
f 2062/3/3 2060/3/3 2061/3/3
f 2065/3/3 2064/3/3 2063/3/3
f 2066/3/3 2064/3/3 2065/3/3
f 2069/3/3 2068/3/3 2067/3/3
f 2070/3/3 2068/3/3 2069/3/3
f 2073/1/3 2072/1/3 2071/1/3
f 2074/1/3 2072/1/3 2073/1/3
f 2077/1/3 2075/1/3 2074/1/3
f 2078/1/3 2075/1/3 2077/1/3
f 2079/3/3 2077/3/3 2076/3/3
f 2080/3/3 2077/3/3 2079/3/3
f 2083/3/3 2082/3/3 2081/3/3
f 2084/3/3 2082/3/3 2083/3/3
f 2087/3/3 2086/3/3 2085/3/3
f 2088/3/3 2086/3/3 2087/3/3
f 2091/3/3 2090/3/3 2089/3/3
f 2092/3/3 2090/3/3 2091/3/3
f 2095/3/3 2094/3/3 2093/3/3
f 2096/3/3 2094/3/3 2095/3/3
f 2099/3/3 2098/3/3 2097/3/3
f 2100/3/3 2098/3/3 2099/3/3
f 2103/1/3 2101/1/3 2100/1/3
f 2104/1/3 2101/1/3 2103/1/3
f 2105/1/3 2103/1/3 2102/1/3
f 2106/1/3 2103/1/3 2105/1/3
f 2109/1/3 2108/1/3 2107/1/3
f 2110/1/3 2108/1/3 2109/1/3
f 2114/3/3 2112/3/3 2111/3/3
f 2115/3/3 2112/3/3 2114/3/3
f 2116/3/3 2114/3/3 2113/3/3
f 2117/3/3 2114/3/3 2116/3/3
f 2120/3/3 2119/3/3 2118/3/3
f 2121/3/3 2119/3/3 2120/3/3
f 2123/3/3 2122/3/3 2121/3/3
f 2124/3/3 2122/3/3 2123/3/3
f 2128/3/3 2126/3/3 2125/3/3
f 2129/3/3 2126/3/3 2128/3/3
f 2130/3/3 2128/3/3 2127/3/3
f 2131/3/3 2128/3/3 2130/3/3
f 2134/3/3 2133/3/3 2132/3/3
f 2135/3/3 2133/3/3 2134/3/3
f 2137/3/3 2136/3/3 2135/3/3
f 2138/3/3 2136/3/3 2137/3/3
f 2141/1/3 2140/1/3 2139/1/3
f 2142/1/3 2140/1/3 2141/1/3
f 2145/1/3 2144/1/3 2143/1/3
f 2146/1/3 2144/1/3 2145/1/3
f 2149/1/3 2148/1/3 2147/1/3
f 2150/1/3 2148/1/3 2149/1/3
f 2153/1/3 2152/1/3 2151/1/3
f 2154/1/3 2152/1/3 2153/1/3
f 2157/4/3 2156/4/3 2155/4/3
f 2158/4/3 2156/4/3 2157/4/3
f 2161/4/3 2160/4/3 2159/4/3
f 2162/4/3 2160/4/3 2161/4/3
f 2165/1/3 2164/1/3 2163/1/3
f 2166/1/3 2164/1/3 2165/1/3
f 2169/1/3 2168/1/3 2167/1/3
f 2170/1/3 2168/1/3 2169/1/3
f 2174/3/3 2172/3/3 2171/3/3
f 2175/3/3 2172/3/3 2174/3/3
f 2176/3/3 2174/3/3 2173/3/3
f 2177/3/3 2174/3/3 2176/3/3
f 2180/3/3 2179/3/3 2178/3/3
f 2181/3/3 2179/3/3 2180/3/3
f 2185/3/3 2182/3/3 2181/3/3
f 2186/3/3 2182/3/3 2185/3/3
f 2188/4/3 2184/4/3 2183/4/3
f 2189/4/3 2184/4/3 2188/4/3
f 2190/9/3 2188/9/3 2187/9/3
f 2191/9/3 2188/9/3 2190/9/3
f 2194/6/3 2193/6/3 2192/6/3
f 2195/6/3 2193/6/3 2194/6/3
f 2198/6/3 2197/6/3 2196/6/3
f 2199/6/3 2197/6/3 2198/6/3
f 2204/9/3 2201/9/3 2200/9/3
f 2205/9/3 2201/9/3 2204/9/3
f 2208/3/3 2203/3/3 2202/3/3
f 2209/3/3 2203/3/3 2208/3/3
f 2210/4/3 2206/4/3 2205/4/3
f 2211/4/3 2206/4/3 2210/4/3
f 2212/3/3 2208/3/3 2207/3/3
f 2213/3/3 2208/3/3 2212/3/3
f 2216/3/3 2215/3/3 2214/3/3
f 2217/3/3 2215/3/3 2216/3/3
f 2219/3/3 2218/3/3 2217/3/3
f 2220/3/3 2218/3/3 2219/3/3
f 2223/1/3 2222/1/3 2221/1/3
f 2224/1/3 2222/1/3 2223/1/3
f 2227/3/3 2226/3/3 2225/3/3
f 2228/3/3 2226/3/3 2227/3/3
f 2231/3/3 2230/3/3 2229/3/3
f 2232/3/3 2230/3/3 2231/3/3
f 2235/2/3 2234/2/3 2233/2/3
f 2236/2/3 2234/2/3 2235/2/3
f 2239/4/3 2238/4/3 2237/4/3
f 2240/4/3 2238/4/3 2239/4/3
f 2244/3/3 2240/3/3 2239/3/3
f 2245/4/3 2241/4/3 2240/4/3
f 2245/3/3 2240/3/3 2244/3/3
f 2246/4/3 2241/4/3 2245/4/3
f 2247/4/3 2241/4/3 2246/4/3
f 2248/3/3 2243/3/3 2242/3/3
f 2249/3/3 2243/3/3 2248/3/3
f 2250/3/3 2247/3/3 2246/3/3
f 2251/3/3 2247/3/3 2250/3/3
f 2256/3/3 2255/3/3 2254/3/3
f 2257/3/3 2255/3/3 2256/3/3
f 2258/3/3 2253/3/3 2252/3/3
f 2259/3/3 2253/3/3 2258/3/3
f 2261/4/3 2257/4/3 2256/4/3
f 2262/3/3 2261/3/3 2260/3/3
f 2263/4/3 2257/4/3 2261/4/3
f 2263/3/3 2261/3/3 2262/3/3
f 2264/4/3 2257/4/3 2263/4/3
f 2267/4/3 2263/4/3 2262/4/3
f 2268/4/3 2263/4/3 2267/4/3
f 2269/2/3 2266/2/3 2265/2/3
f 2270/2/3 2266/2/3 2269/2/3
f 2273/2/3 2272/2/3 2271/2/3
f 2274/2/3 2272/2/3 2273/2/3
f 2277/10/3 2276/10/3 2275/10/3
f 2278/10/3 2276/10/3 2277/10/3
f 2282/3/3 2281/3/3 2280/3/3
f 2282/3/3 2280/3/3 2279/3/3
f 2283/3/3 2281/3/3 2282/3/3
f 2284/3/3 2282/3/3 2279/3/3
f 2285/3/3 2282/3/3 2284/3/3
f 2286/3/3 2281/3/3 2283/3/3
f 2287/3/3 2281/3/3 2286/3/3
f 2288/4/3 2286/4/3 2285/4/3
f 2289/4/3 2286/4/3 2288/4/3
f 2291/4/3 2286/4/3 2289/4/3
f 2292/4/3 2286/4/3 2291/4/3
f 2294/3/3 2291/3/3 2290/3/3
f 2295/3/3 2293/3/3 2292/3/3
f 2298/3/3 2294/3/3 2290/3/3
f 2298/3/3 2295/3/3 2294/3/3
f 2299/3/3 2295/3/3 2298/3/3
f 2300/3/3 2293/3/3 2295/3/3
f 2300/3/3 2295/3/3 2299/3/3
f 2301/10/3 2297/10/3 2296/10/3
f 2302/10/3 2297/10/3 2301/10/3
f 2305/2/3 2304/2/3 2303/2/3
f 2306/2/3 2304/2/3 2305/2/3
f 2309/2/3 2308/2/3 2307/2/3
f 2310/2/3 2308/2/3 2309/2/3
f 2313/3/3 2312/3/3 2311/3/3
f 2314/3/3 2312/3/3 2313/3/3
f 2318/9/3 2316/9/3 2315/9/3
f 2319/9/3 2318/9/3 2317/9/3
f 2320/9/3 2316/9/3 2318/9/3
f 2320/9/3 2318/9/3 2319/9/3
f 2323/9/3 2322/9/3 2321/9/3
f 2324/9/3 2322/9/3 2323/9/3
f 2325/9/3 2322/9/3 2324/9/3
f 2326/9/3 2322/9/3 2325/9/3
f 2329/3/3 2328/3/3 2327/3/3
f 2330/3/3 2328/3/3 2329/3/3
f 2333/2/3 2332/2/3 2331/2/3
f 2334/2/3 2332/2/3 2333/2/3
f 2337/2/3 2336/2/3 2335/2/3
f 2338/2/3 2336/2/3 2337/2/3
f 2341/2/3 2340/2/3 2339/2/3
f 2342/2/3 2340/2/3 2341/2/3
f 2343/3/3 2342/3/3 2341/3/3
f 2344/3/3 2342/3/3 2343/3/3
f 2347/4/3 2346/4/3 2345/4/3
f 2348/4/3 2346/4/3 2347/4/3
f 2351/4/3 2350/4/3 2349/4/3
f 2352/4/3 2350/4/3 2351/4/3
f 2355/3/3 2354/3/3 2353/3/3
f 2356/3/3 2354/3/3 2355/3/3
f 2357/2/3 2356/2/3 2355/2/3
f 2358/2/3 2356/2/3 2357/2/3
f 2361/2/3 2360/2/3 2359/2/3
f 2362/2/3 2360/2/3 2361/2/3
f 2365/6/3 2364/6/3 2363/6/3
f 2366/6/3 2364/6/3 2365/6/3
f 2369/2/3 2368/2/3 2367/2/3
f 2370/2/3 2368/2/3 2369/2/3
f 2373/2/3 2372/2/3 2371/2/3
f 2374/2/3 2372/2/3 2373/2/3
f 2377/6/3 2376/6/3 2375/6/3
f 2378/6/3 2376/6/3 2377/6/3
f 2381/2/3 2380/2/3 2379/2/3
f 2382/2/3 2380/2/3 2381/2/3
f 2385/2/3 2384/2/3 2383/2/3
f 2386/2/3 2384/2/3 2385/2/3
f 2389/3/3 2388/3/3 2387/3/3
f 2390/3/3 2388/3/3 2389/3/3
f 2393/3/3 2392/3/3 2391/3/3
f 2394/3/3 2392/3/3 2393/3/3
f 2397/3/3 2396/3/3 2395/3/3
f 2398/3/3 2396/3/3 2397/3/3
f 2401/3/3 2400/3/3 2399/3/3
f 2402/3/3 2400/3/3 2401/3/3
f 2403/9/4 2404/9/4 2405/9/4
f 2405/9/4 2404/9/4 2406/9/4
f 2403/9/4 2405/9/4 2407/9/4
f 2407/9/4 2405/9/4 2408/9/4
f 2409/9/4 2410/9/4 2411/9/4
f 2409/9/4 2411/9/4 2413/9/4
f 2411/9/4 2412/9/4 2413/9/4
f 2413/9/4 2412/9/4 2414/9/4
f 2415/3/4 2416/3/4 2419/3/4
f 2419/3/4 2416/3/4 2420/3/4
f 2417/3/4 2418/3/4 2421/3/4
f 2421/3/4 2418/3/4 2422/3/4
f 2423/3/4 2424/3/4 2427/3/4
f 2427/3/4 2424/3/4 2428/3/4
f 2425/3/4 2426/3/4 2429/3/4
f 2429/3/4 2426/3/4 2430/3/4
f 2431/3/4 2432/3/4 2435/3/4
f 2435/3/4 2432/3/4 2436/3/4
f 2433/3/4 2434/3/4 2437/3/4
f 2437/3/4 2434/3/4 2438/3/4
f 2439/3/4 2440/3/4 2441/3/4
f 2441/3/4 2440/3/4 2442/3/4
f 2442/3/4 2440/3/4 2443/3/4
f 2443/3/4 2440/3/4 2444/3/4
f 2445/3/4 2446/3/4 2449/3/4
f 2449/3/4 2446/3/4 2450/3/4
f 2447/3/4 2448/3/4 2451/3/4
f 2451/3/4 2448/3/4 2452/3/4
f 2453/3/4 2454/3/4 2455/3/4
f 2455/3/4 2454/3/4 2456/3/4
f 2457/3/4 2458/3/4 2459/3/4
f 2459/3/4 2458/3/4 2460/3/4
f 2461/3/4 2462/3/4 2463/3/4
f 2463/3/4 2462/3/4 2464/3/4
f 2465/4/4 2466/4/4 2467/4/4
f 2467/4/4 2466/4/4 2468/4/4
f 2468/4/4 2466/4/4 2469/4/4
f 2469/4/4 2466/4/4 2470/4/4
f 2467/3/4 2468/3/4 2471/3/4
f 2471/3/4 2468/3/4 2472/3/4
f 2469/3/4 2470/3/4 2473/3/4
f 2473/3/4 2470/3/4 2474/3/4
f 2474/2/4 2475/2/4 2478/2/4
f 2478/2/4 2475/2/4 2479/2/4
f 2476/3/4 2477/3/4 2480/3/4
f 2480/3/4 2477/3/4 2481/3/4
f 2482/3/4 2483/3/4 2484/3/4
f 2484/3/4 2483/3/4 2485/3/4
f 2486/3/4 2487/3/4 2488/3/4
f 2488/3/4 2487/3/4 2489/3/4
f 2490/2/4 2491/2/4 2495/2/4
f 2495/2/4 2491/2/4 2496/2/4
f 2492/3/4 2493/3/4 2497/3/4
f 2497/3/4 2493/3/4 2498/3/4
f 2494/3/4 2495/3/4 2499/3/4
f 2499/3/4 2495/3/4 2500/3/4
f 2497/4/4 2498/4/4 2501/4/4
f 2498/4/4 2499/4/4 2501/4/4
f 2499/4/4 2500/4/4 2501/4/4
f 2501/4/4 2500/4/4 2502/4/4
f 2503/4/4 2504/4/4 2505/4/4
f 2505/4/4 2504/4/4 2506/4/4
f 2507/4/4 2508/4/4 2509/4/4
f 2509/4/4 2508/4/4 2510/4/4
f 2511/3/4 2512/3/4 2513/3/4
f 2513/3/4 2512/3/4 2514/3/4
f 2515/4/4 2516/4/4 2517/4/4
f 2517/4/4 2516/4/4 2518/4/4
f 2519/3/4 2520/3/4 2521/3/4
f 2521/3/4 2520/3/4 2522/3/4
f 2523/3/4 2524/3/4 2525/3/4
f 2525/3/4 2524/3/4 2526/3/4
f 2527/4/4 2528/4/4 2529/4/4
f 2529/4/4 2528/4/4 2530/4/4
f 2531/3/4 2532/3/4 2533/3/4
f 2533/3/4 2532/3/4 2534/3/4
f 2534/3/4 2532/3/4 2535/3/4
f 2535/3/4 2532/3/4 2536/3/4
f 2537/3/4 2538/3/4 2539/3/4
f 2539/3/4 2538/3/4 2540/3/4
f 2541/9/4 2542/9/4 2543/9/4
f 2543/9/4 2542/9/4 2544/9/4
f 2545/9/4 2546/9/4 2547/9/4
f 2547/9/4 2546/9/4 2548/9/4
f 2549/4/4 2550/4/4 2551/4/4
f 2551/4/4 2550/4/4 2552/4/4
f 2553/3/4 2554/3/4 2557/3/4
f 2557/3/4 2554/3/4 2558/3/4
f 2555/3/4 2556/3/4 2561/3/4
f 2561/3/4 2556/3/4 2562/3/4
f 2559/3/4 2560/3/4 2563/3/4
f 2563/3/4 2560/3/4 2564/3/4
f 2565/4/4 2566/4/4 2569/4/4
f 2569/4/4 2566/4/4 2570/4/4
f 2567/9/4 2568/9/4 2571/9/4
f 2571/9/4 2568/9/4 2572/9/4
f 2573/9/4 2574/9/4 2575/9/4
f 2575/9/4 2574/9/4 2576/9/4
f 2577/3/4 2578/3/4 2579/3/4
f 2579/3/4 2578/3/4 2580/3/4
f 2581/3/4 2582/3/4 2583/3/4
f 2583/3/4 2582/3/4 2584/3/4
f 2585/3/4 2586/3/4 2587/3/4
f 2587/3/4 2586/3/4 2588/3/4
f 2589/3/4 2590/3/4 2591/3/4
f 2591/3/4 2590/3/4 2592/3/4
f 2593/3/4 2594/3/4 2595/3/4
f 2595/3/4 2594/3/4 2596/3/4
f 2597/4/4 2598/4/4 2599/4/4
f 2599/4/4 2598/4/4 2600/4/4
f 2601/4/4 2602/4/4 2603/4/4
f 2603/4/4 2602/4/4 2604/4/4
f 2603/3/4 2604/3/4 2605/3/4
f 2605/3/4 2604/3/4 2606/3/4
f 2607/3/4 2608/3/4 2609/3/4
f 2609/3/4 2608/3/4 2610/3/4
f 2609/4/4 2610/4/4 2611/4/4
f 2611/4/4 2610/4/4 2612/4/4
f 2613/4/4 2614/4/4 2615/4/4
f 2615/4/4 2614/4/4 2616/4/4
f 2617/1/4 2618/1/4 2619/1/4
f 2619/1/4 2618/1/4 2620/1/4
f 2621/3/4 2622/3/4 2623/3/4
f 2623/3/4 2622/3/4 2624/3/4
f 2625/3/4 2626/3/4 2628/3/4
f 2626/5/4 2627/5/4 2628/5/4
f 2628/5/4 2627/5/4 2629/5/4
f 2628/3/4 2629/3/4 2631/3/4
f 2629/3/4 2630/3/4 2631/3/4
f 2625/3/4 2628/3/4 2631/3/4
f 2631/3/4 2630/3/4 2632/3/4
f 2632/3/4 2630/3/4 2633/3/4
f 2625/3/4 2631/3/4 2634/3/4
f 2631/5/4 2632/5/4 2635/5/4
f 2634/3/4 2631/3/4 2635/3/4
f 2635/5/4 2632/5/4 2636/5/4
f 2637/3/4 2638/3/4 2639/3/4
f 2639/3/4 2638/3/4 2640/3/4
f 2641/1/4 2642/1/4 2643/1/4
f 2643/1/4 2642/1/4 2644/1/4
f 2645/4/4 2646/4/4 2647/4/4
f 2647/4/4 2646/4/4 2648/4/4
f 2647/3/4 2648/3/4 2649/3/4
f 2649/3/4 2648/3/4 2650/3/4
f 2653/6/4 2654/6/4 2655/6/4
f 2655/6/4 2654/6/4 2656/6/4
f 2657/6/4 2658/6/4 2659/6/4
f 2659/6/4 2658/6/4 2660/6/4
f 2651/9/4 2652/9/4 2661/9/4
f 2661/9/4 2652/9/4 2662/9/4
f 2663/3/4 2664/3/4 2665/3/4
f 2665/3/4 2664/3/4 2666/3/4
f 2665/4/4 2666/4/4 2667/4/4
f 2667/4/4 2666/4/4 2668/4/4
f 2669/3/4 2670/3/4 2671/3/4
f 2671/3/4 2670/3/4 2672/3/4
f 2673/3/4 2674/3/4 2675/3/4
f 2676/3/4 2677/3/4 2678/3/4
f 2678/3/4 2677/3/4 2679/3/4
f 2673/3/4 2675/3/4 2680/3/4
f 2673/3/4 2680/3/4 2681/3/4
f 2681/3/4 2680/3/4 2682/3/4
f 2683/3/4 2684/3/4 2685/3/4
f 2685/3/4 2684/3/4 2686/3/4
f 2687/3/4 2688/3/4 2689/3/4
f 2689/3/4 2688/3/4 2690/3/4
f 2690/3/4 2688/3/4 2691/3/4
f 2691/3/4 2688/3/4 2692/3/4
f 2693/9/4 2694/9/4 2695/9/4
f 2695/9/4 2694/9/4 2696/9/4
f 2697/9/4 2698/9/4 2699/9/4
f 2699/9/4 2698/9/4 2700/9/4
f 2701/2/4 2702/2/4 2703/2/4
f 2703/2/4 2702/2/4 2704/2/4
f 2703/1/4 2704/1/4 2705/1/4
f 2705/1/4 2704/1/4 2706/1/4
f 2707/9/4 2708/9/4 2710/9/4
f 2709/9/4 2710/9/4 2711/9/4
f 2710/9/4 2708/9/4 2712/9/4
f 2711/9/4 2710/9/4 2712/9/4
f 2713/9/4 2714/9/4 2715/9/4
f 2715/9/4 2714/9/4 2716/9/4
f 2716/9/4 2714/9/4 2717/9/4
f 2717/9/4 2714/9/4 2718/9/4
f 2719/1/4 2720/1/4 2721/1/4
f 2721/1/4 2720/1/4 2722/1/4
f 2721/2/4 2722/2/4 2723/2/4
f 2723/2/4 2722/2/4 2724/2/4
f 2725/2/4 2726/2/4 2727/2/4
f 2727/2/4 2726/2/4 2728/2/4
f 2727/1/4 2728/1/4 2729/1/4
f 2729/1/4 2728/1/4 2730/1/4
f 2731/4/4 2732/4/4 2733/4/4
f 2733/4/4 2732/4/4 2734/4/4
f 2735/4/4 2736/4/4 2737/4/4
f 2737/4/4 2736/4/4 2738/4/4
f 2739/4/4 2740/4/4 2741/4/4
f 2741/4/4 2740/4/4 2742/4/4
f 2743/4/4 2744/4/4 2745/4/4
f 2745/4/4 2744/4/4 2746/4/4
f 2747/1/4 2748/1/4 2749/1/4
f 2749/1/4 2748/1/4 2750/1/4
f 2749/2/4 2750/2/4 2751/2/4
f 2751/2/4 2750/2/4 2752/2/4
f 2753/2/4 2754/2/4 2755/2/4
f 2755/2/4 2754/2/4 2756/2/4
f 2757/4/4 2758/4/4 2759/4/4
f 2759/4/4 2758/4/4 2760/4/4
f 2761/3/4 2762/3/4 2763/3/4
f 2763/3/4 2762/3/4 2764/3/4
f 2765/3/4 2766/3/4 2767/3/4
f 2767/3/4 2766/3/4 2768/3/4
f 2769/4/4 2770/4/4 2771/4/4
f 2771/4/4 2770/4/4 2772/4/4
f 2773/2/4 2774/2/4 2775/2/4
f 2775/2/4 2774/2/4 2776/2/4
f 2777/3/4 2778/3/4 2780/3/4
f 2778/3/4 2779/3/4 2780/3/4
f 2780/3/4 2779/3/4 2781/3/4
f 2782/4/4 2783/4/4 2784/4/4
f 2784/4/4 2783/4/4 2785/4/4
f 2786/9/4 2787/9/4 2788/9/4
f 2788/9/4 2787/9/4 2789/9/4
f 2790/9/4 2791/9/4 2792/9/4
f 2792/9/4 2791/9/4 2793/9/4
f 2794/4/4 2795/4/4 2796/4/4
f 2796/4/4 2795/4/4 2797/4/4
f 2798/3/4 2799/3/4 2800/3/4
f 2800/3/4 2799/3/4 2801/3/4
f 2801/3/4 2799/3/4 2802/3/4
f 2803/2/4 2804/2/4 2805/2/4
f 2805/2/4 2804/2/4 2806/2/4
f 2807/4/4 2808/4/4 2809/4/4
f 2809/4/4 2808/4/4 2810/4/4
f 2811/4/4 2812/4/4 2813/4/4
f 2813/4/4 2812/4/4 2814/4/4
f 2815/2/4 2816/2/4 2817/2/4
f 2817/2/4 2816/2/4 2818/2/4
f 2819/3/4 2820/3/4 2822/3/4
f 2822/3/4 2820/3/4 2823/3/4
f 2821/3/4 2822/3/4 2826/3/4
f 2826/3/4 2822/3/4 2827/3/4
f 2825/3/4 2826/3/4 2828/3/4
f 2825/3/4 2828/3/4 2829/3/4
f 2825/3/4 2829/3/4 2832/3/4
f 2832/3/4 2829/3/4 2833/3/4
f 2823/3/4 2824/3/4 2835/3/4
f 2830/4/4 2831/4/4 2836/4/4
f 2836/4/4 2831/4/4 2837/4/4
f 2833/3/4 2834/3/4 2838/3/4
f 2838/3/4 2834/3/4 2839/3/4
f 2823/3/4 2835/3/4 2840/3/4
f 2840/3/4 2835/3/4 2841/3/4
f 2839/3/4 2840/3/4 2844/3/4
f 2844/3/4 2840/3/4 2845/3/4
f 2842/3/4 2843/3/4 2846/3/4
f 2846/3/4 2843/3/4 2847/3/4
f 2848/3/4 2849/3/4 2853/3/4
f 2853/3/4 2849/3/4 2854/3/4
f 2850/3/4 2851/3/4 2856/3/4
f 2856/3/4 2851/3/4 2857/3/4
f 2852/3/4 2853/3/4 2859/3/4
f 2859/3/4 2853/3/4 2860/3/4
f 2854/3/4 2855/3/4 2861/3/4
f 2858/3/4 2859/3/4 2864/3/4
f 2862/4/4 2863/4/4 2865/4/4
f 2865/4/4 2863/4/4 2866/4/4
f 2858/3/4 2864/3/4 2867/3/4
f 2858/3/4 2867/3/4 2868/3/4
f 2868/3/4 2867/3/4 2869/3/4
f 2869/3/4 2870/3/4 2871/3/4
f 2871/3/4 2870/3/4 2872/3/4
f 2854/3/4 2861/3/4 2873/3/4
f 2873/3/4 2861/3/4 2874/3/4
f 2872/3/4 2873/3/4 2875/3/4
f 2875/3/4 2873/3/4 2876/3/4
f 2877/3/4 2878/3/4 2880/3/4
f 2880/3/4 2878/3/4 2881/3/4
f 2881/3/4 2878/3/4 2882/3/4
f 2879/3/4 2880/3/4 2883/3/4
f 2880/3/4 2881/3/4 2883/3/4
f 2883/3/4 2881/3/4 2884/3/4
f 2884/3/4 2881/3/4 2885/3/4
f 2885/3/4 2881/3/4 2886/3/4
f 2887/3/4 2888/3/4 2890/3/4
f 2889/3/4 2890/3/4 2891/3/4
f 2890/3/4 2888/3/4 2892/3/4
f 2891/3/4 2890/3/4 2892/3/4
f 2892/3/4 2888/3/4 2893/3/4
f 2892/3/4 2893/3/4 2895/3/4
f 2893/3/4 2894/3/4 2895/3/4
f 2895/3/4 2894/3/4 2896/3/4
f 2897/4/4 2898/4/4 2899/4/4
f 2899/4/4 2898/4/4 2900/4/4
f 2901/4/4 2902/4/4 2903/4/4
f 2903/4/4 2902/4/4 2904/4/4
f 2905/4/4 2906/4/4 2907/4/4
f 2907/4/4 2906/4/4 2908/4/4
f 2909/9/4 2910/9/4 2912/9/4
f 2912/9/4 2910/9/4 2913/9/4
f 2911/9/4 2912/9/4 2914/9/4
f 2914/9/4 2912/9/4 2915/9/4
f 2916/9/4 2917/9/4 2920/9/4
f 2920/9/4 2917/9/4 2921/9/4
f 2913/9/4 2910/9/4 2922/9/4
f 2918/3/4 2919/3/4 2923/3/4
f 2923/3/4 2919/3/4 2924/3/4
f 2921/9/4 2922/9/4 2925/9/4
f 2922/9/4 2910/9/4 2926/9/4
f 2925/9/4 2922/9/4 2926/9/4
f 2927/9/4 2928/9/4 2930/9/4
f 2930/9/4 2928/9/4 2931/9/4
f 2929/9/4 2930/9/4 2934/9/4
f 2934/9/4 2930/9/4 2935/9/4
f 2932/3/4 2933/3/4 2936/3/4
f 2936/3/4 2933/3/4 2937/3/4
f 2938/9/4 2939/9/4 2940/9/4
f 2940/9/4 2939/9/4 2941/9/4
f 2931/9/4 2928/9/4 2942/9/4
f 2941/9/4 2942/9/4 2943/9/4
f 2942/9/4 2928/9/4 2944/9/4
f 2943/9/4 2942/9/4 2944/9/4
f 2945/3/4 2946/3/4 2947/3/4
f 2947/3/4 2946/3/4 2948/3/4
f 2949/3/4 2950/3/4 2951/3/4
f 2951/3/4 2950/3/4 2952/3/4
f 2953/9/4 2954/9/4 2955/9/4
f 2955/9/4 2954/9/4 2956/9/4
f 2956/9/4 2954/9/4 2960/9/4
f 2957/2/4 2958/2/4 2961/2/4
f 2961/2/4 2958/2/4 2962/2/4
f 2959/9/4 2960/9/4 2963/9/4
f 2960/9/4 2954/9/4 2964/9/4
f 2963/9/4 2960/9/4 2964/9/4
f 2965/9/4 2966/9/4 2967/9/4
f 2967/9/4 2966/9/4 2968/9/4
f 2969/2/4 2970/2/4 2971/2/4
f 2971/2/4 2970/2/4 2972/2/4
f 2968/9/4 2966/9/4 2974/9/4
f 2973/9/4 2974/9/4 2975/9/4
f 2974/9/4 2966/9/4 2976/9/4
f 2975/9/4 2974/9/4 2976/9/4
f 2981/3/5 2978/3/5 2977/3/5
f 2982/3/5 2978/3/5 2981/3/5
f 2983/3/5 2980/3/5 2979/3/5
f 2984/3/5 2980/3/5 2983/3/5
f 2985/2/5 2982/2/5 2981/2/5
f 2986/2/5 2982/2/5 2985/2/5
f 2987/2/5 2984/2/5 2983/2/5
f 2988/2/5 2984/2/5 2987/2/5
f 2989/3/5 2986/3/5 2985/3/5
f 2990/3/5 2986/3/5 2989/3/5
f 2991/3/5 2988/3/5 2987/3/5
f 2992/3/5 2988/3/5 2991/3/5
f 3001/3/5 2994/3/5 2993/3/5
f 3002/3/5 2996/3/5 2995/3/5
f 3003/3/5 2998/3/5 2997/3/5
f 3004/3/5 3000/3/5 2999/3/5
f 3005/3/5 3001/3/5 2993/3/5
f 3006/3/5 3001/3/5 3005/3/5
f 3007/3/5 2996/3/5 3002/3/5
f 3008/3/5 2996/3/5 3007/3/5
f 3009/3/5 3003/3/5 2997/3/5
f 3010/3/5 3003/3/5 3009/3/5
f 3011/3/5 3000/3/5 3004/3/5
f 3012/3/5 3000/3/5 3011/3/5
f 3013/2/5 3006/2/5 3005/2/5
f 3014/2/5 3006/2/5 3013/2/5
f 3015/2/5 3008/2/5 3007/2/5
f 3016/2/5 3008/2/5 3015/2/5
f 3017/2/5 3010/2/5 3009/2/5
f 3018/2/5 3010/2/5 3017/2/5
f 3019/2/5 3012/2/5 3011/2/5
f 3020/2/5 3012/2/5 3019/2/5
f 3021/3/5 3014/3/5 3013/3/5
f 3022/3/5 3014/3/5 3021/3/5
f 3025/3/5 3016/3/5 3015/3/5
f 3026/3/5 3016/3/5 3025/3/5
f 3027/3/5 3018/3/5 3017/3/5
f 3028/3/5 3018/3/5 3027/3/5
f 3031/3/5 3020/3/5 3019/3/5
f 3032/3/5 3020/3/5 3031/3/5
f 3033/9/5 3023/9/5 3022/9/5
f 3034/9/5 3023/9/5 3033/9/5
f 3035/9/5 3025/9/5 3024/9/5
f 3036/9/5 3025/9/5 3035/9/5
f 3037/9/5 3029/9/5 3028/9/5
f 3038/9/5 3029/9/5 3037/9/5
f 3039/9/5 3031/9/5 3030/9/5
f 3040/9/5 3031/9/5 3039/9/5
f 3045/6/5 3042/6/5 3041/6/5
f 3046/3/5 3043/3/5 3042/3/5
f 3046/6/5 3042/6/5 3045/6/5
f 3047/6/5 3044/6/5 3043/6/5
f 3047/3/5 3043/3/5 3046/3/5
f 3048/6/5 3044/6/5 3047/6/5
f 3050/3/5 3046/3/5 3045/3/5
f 3050/3/5 3047/3/5 3046/3/5
f 3050/3/5 3048/3/5 3047/3/5
f 3051/3/5 3048/3/5 3050/3/5
f 3054/3/5 3051/3/5 3050/3/5
f 3054/3/5 3052/3/5 3051/3/5
f 3054/3/5 3050/3/5 3049/3/5
f 3055/3/5 3052/3/5 3054/3/5
f 3057/9/5 3054/9/5 3053/9/5
f 3058/3/5 3055/3/5 3054/3/5
f 3058/9/5 3054/9/5 3057/9/5
f 3059/9/5 3056/9/5 3055/9/5
f 3059/3/5 3055/3/5 3058/3/5
f 3060/9/5 3056/9/5 3059/9/5
f 3069/9/5 3062/9/5 3061/9/5
f 3070/9/5 3062/9/5 3069/9/5
f 3071/9/5 3064/9/5 3063/9/5
f 3072/9/5 3064/9/5 3071/9/5
f 3073/3/5 3059/3/5 3058/3/5
f 3074/3/5 3059/3/5 3073/3/5
f 3075/9/5 3066/9/5 3065/9/5
f 3076/9/5 3066/9/5 3075/9/5
f 3077/9/5 3068/9/5 3067/9/5
f 3078/9/5 3068/9/5 3077/9/5
f 3088/3/5 3080/3/5 3079/3/5
f 3089/3/5 3080/3/5 3088/3/5
f 3090/3/5 3082/3/5 3081/3/5
f 3091/3/5 3082/3/5 3090/3/5
f 3094/3/5 3084/3/5 3083/3/5
f 3095/3/5 3084/3/5 3094/3/5
f 3096/3/5 3086/3/5 3085/3/5
f 3097/3/5 3086/3/5 3096/3/5
f 3104/2/5 3100/2/5 3099/2/5
f 3105/3/5 3088/3/5 3087/3/5
f 3106/3/5 3088/3/5 3105/3/5
f 3107/3/5 3092/3/5 3091/3/5
f 3108/3/5 3092/3/5 3107/3/5
f 3109/3/5 3094/3/5 3093/3/5
f 3110/3/5 3094/3/5 3109/3/5
f 3111/3/5 3098/3/5 3097/3/5
f 3112/3/5 3098/3/5 3111/3/5
f 3113/2/5 3102/2/5 3101/2/5
f 3115/2/5 3104/2/5 3103/2/5
f 3115/2/5 3100/2/5 3104/2/5
f 3116/2/5 3100/2/5 3115/2/5
f 3117/2/5 3114/2/5 3113/2/5
f 3117/2/5 3113/2/5 3101/2/5
f 3118/2/5 3114/2/5 3117/2/5
f 3119/2/5 3115/2/5 3103/2/5
f 3120/3/5 3116/3/5 3115/3/5
f 3120/2/5 3115/2/5 3119/2/5
f 3121/3/5 3116/3/5 3120/3/5
f 3122/2/5 3106/2/5 3105/2/5
f 3123/2/5 3106/2/5 3122/2/5
f 3124/2/5 3108/2/5 3107/2/5
f 3125/2/5 3108/2/5 3124/2/5
f 3126/2/5 3110/2/5 3109/2/5
f 3127/2/5 3110/2/5 3126/2/5
f 3128/2/5 3112/2/5 3111/2/5
f 3129/2/5 3112/2/5 3128/2/5
f 3130/3/5 3118/3/5 3117/3/5
f 3131/2/5 3114/2/5 3118/2/5
f 3131/3/5 3118/3/5 3130/3/5
f 3132/2/5 3114/2/5 3131/2/5
f 3133/3/5 3120/3/5 3119/3/5
f 3134/4/5 3121/4/5 3120/4/5
f 3134/3/5 3120/3/5 3133/3/5
f 3135/4/5 3121/4/5 3134/4/5
f 3136/4/5 3131/4/5 3130/4/5
f 3137/3/5 3132/3/5 3131/3/5
f 3137/4/5 3131/4/5 3136/4/5
f 3138/3/5 3132/3/5 3137/3/5
f 3139/4/5 3134/4/5 3133/4/5
f 3140/4/5 3134/4/5 3139/4/5
f 3141/4/5 3138/4/5 3137/4/5
f 3142/4/5 3138/4/5 3141/4/5
f 3143/3/5 3123/3/5 3122/3/5
f 3144/3/5 3123/3/5 3143/3/5
f 3147/3/5 3125/3/5 3124/3/5
f 3148/3/5 3125/3/5 3147/3/5
f 3149/3/5 3127/3/5 3126/3/5
f 3150/3/5 3127/3/5 3149/3/5
f 3153/3/5 3129/3/5 3128/3/5
f 3154/3/5 3129/3/5 3153/3/5
f 3155/9/5 3145/9/5 3144/9/5
f 3156/9/5 3145/9/5 3155/9/5
f 3159/9/5 3147/9/5 3146/9/5
f 3160/9/5 3147/9/5 3159/9/5
f 3161/9/5 3151/9/5 3150/9/5
f 3162/9/5 3151/9/5 3161/9/5
f 3165/9/5 3153/9/5 3152/9/5
f 3166/9/5 3153/9/5 3165/9/5
f 3167/9/5 3157/9/5 3156/9/5
f 3168/9/5 3157/9/5 3167/9/5
f 3169/9/5 3159/9/5 3158/9/5
f 3170/9/5 3159/9/5 3169/9/5
f 3171/9/5 3163/9/5 3162/9/5
f 3172/9/5 3163/9/5 3171/9/5
f 3173/9/5 3165/9/5 3164/9/5
f 3174/9/5 3165/9/5 3173/9/5
f 3178/3/5 3176/3/5 3175/3/5
f 3179/3/5 3176/3/5 3178/3/5
f 3180/3/5 3176/3/5 3179/3/5
f 3181/3/5 3176/3/5 3180/3/5
f 3183/3/5 3178/3/5 3177/3/5
f 3184/3/5 3182/3/5 3181/3/5
f 3185/3/5 3183/3/5 3177/3/5
f 3186/3/5 3183/3/5 3185/3/5
f 3187/3/5 3182/3/5 3184/3/5
f 3188/3/5 3182/3/5 3187/3/5
f 3189/3/5 3185/3/5 3177/3/5
f 3190/3/5 3185/3/5 3189/3/5
f 3191/3/5 3182/3/5 3188/3/5
f 3192/3/5 3182/3/5 3191/3/5
f 3209/3/5 3198/3/5 3197/3/5
f 3210/3/5 3200/3/5 3199/3/5
f 3211/3/5 3200/3/5 3210/3/5
f 3212/3/5 3202/3/5 3201/3/5
f 3214/3/5 3194/3/5 3193/3/5
f 3215/3/5 3194/3/5 3214/3/5
f 3216/3/5 3196/3/5 3195/3/5
f 3217/3/5 3196/3/5 3216/3/5
f 3219/3/5 3204/3/5 3203/3/5
f 3220/3/5 3206/3/5 3205/3/5
f 3221/3/5 3206/3/5 3220/3/5
f 3222/3/5 3208/3/5 3207/3/5
f 3224/3/5 3211/3/5 3210/3/5
f 3224/3/5 3212/3/5 3211/3/5
f 3224/3/5 3209/3/5 3197/3/5
f 3224/3/5 3210/3/5 3209/3/5
f 3225/3/5 3212/3/5 3224/3/5
f 3226/3/5 3202/3/5 3212/3/5
f 3226/3/5 3212/3/5 3225/3/5
f 3227/3/5 3202/3/5 3226/3/5
f 3228/3/5 3215/3/5 3214/3/5
f 3228/3/5 3218/3/5 3217/3/5
f 3228/3/5 3214/3/5 3213/3/5
f 3228/3/5 3216/3/5 3215/3/5
f 3228/3/5 3217/3/5 3216/3/5
f 3229/3/5 3218/3/5 3228/3/5
f 3230/3/5 3222/3/5 3221/3/5
f 3230/3/5 3221/3/5 3220/3/5
f 3230/3/5 3219/3/5 3203/3/5
f 3230/3/5 3220/3/5 3219/3/5
f 3231/3/5 3222/3/5 3230/3/5
f 3232/3/5 3208/3/5 3222/3/5
f 3232/3/5 3222/3/5 3231/3/5
f 3233/3/5 3208/3/5 3232/3/5
f 3235/3/5 3224/3/5 3223/3/5
f 3236/3/5 3224/3/5 3235/3/5
f 3237/3/5 3229/3/5 3228/3/5
f 3237/3/5 3228/3/5 3227/3/5
f 3237/3/5 3230/3/5 3229/3/5
f 3238/3/5 3230/3/5 3237/3/5
f 3239/3/5 3230/3/5 3238/3/5
f 3240/3/5 3230/3/5 3239/3/5
f 3241/3/5 3234/3/5 3233/3/5
f 3242/3/5 3234/3/5 3241/3/5
f 3243/3/5 3239/3/5 3238/3/5
f 3244/3/5 3239/3/5 3243/3/5
f 3250/2/5 3246/2/5 3245/2/5
f 3251/3/5 3226/3/5 3225/3/5
f 3252/3/5 3226/3/5 3251/3/5
f 3253/3/5 3232/3/5 3231/3/5
f 3254/3/5 3232/3/5 3253/3/5
f 3255/2/5 3248/2/5 3247/2/5
f 3257/2/5 3250/2/5 3249/2/5
f 3258/2/5 3246/2/5 3250/2/5
f 3258/2/5 3250/2/5 3257/2/5
f 3259/2/5 3246/2/5 3258/2/5
f 3260/2/5 3256/2/5 3255/2/5
f 3260/2/5 3255/2/5 3247/2/5
f 3261/2/5 3256/2/5 3260/2/5
f 3262/2/5 3256/2/5 3261/2/5
f 3263/2/5 3258/2/5 3257/2/5
f 3264/3/5 3259/3/5 3258/3/5
f 3264/2/5 3258/2/5 3263/2/5
f 3265/3/5 3259/3/5 3264/3/5
f 3266/3/5 3261/3/5 3260/3/5
f 3267/2/5 3262/2/5 3261/2/5
f 3267/3/5 3261/3/5 3266/3/5
f 3268/2/5 3262/2/5 3267/2/5
f 3269/3/5 3264/3/5 3263/3/5
f 3270/4/5 3265/4/5 3264/4/5
f 3270/3/5 3264/3/5 3269/3/5
f 3271/4/5 3265/4/5 3270/4/5
f 3272/4/5 3267/4/5 3266/4/5
f 3273/3/5 3268/3/5 3267/3/5
f 3273/4/5 3267/4/5 3272/4/5
f 3274/3/5 3268/3/5 3273/3/5
f 3275/4/5 3270/4/5 3269/4/5
f 3276/4/5 3270/4/5 3275/4/5
f 3277/4/5 3274/4/5 3273/4/5
f 3278/4/5 3274/4/5 3277/4/5
f 3282/3/5 3280/3/5 3279/3/5
f 3283/3/5 3280/3/5 3282/3/5
f 3286/3/5 3282/3/5 3281/3/5
f 3286/3/5 3284/3/5 3283/3/5
f 3286/3/5 3283/3/5 3282/3/5
f 3287/3/5 3284/3/5 3286/3/5
f 3289/3/5 3286/3/5 3285/3/5
f 3289/3/5 3288/3/5 3287/3/5
f 3289/3/5 3287/3/5 3286/3/5
f 3290/3/5 3288/3/5 3289/3/5
f 3291/9/5 3290/9/5 3289/9/5
f 3292/9/5 3290/9/5 3291/9/5
f 3293/9/5 3290/9/5 3292/9/5
f 3294/9/5 3290/9/5 3293/9/5
f 3298/3/5 3292/3/5 3291/3/5
f 3299/3/5 3292/3/5 3298/3/5
f 3300/3/5 3294/3/5 3293/3/5
f 3301/3/5 3294/3/5 3300/3/5
f 3305/4/5 3296/4/5 3295/4/5
f 3306/3/5 3297/3/5 3296/3/5
f 3306/4/5 3296/4/5 3305/4/5
f 3307/4/5 3304/4/5 3303/4/5
f 3307/3/5 3303/3/5 3302/3/5
f 3308/4/5 3304/4/5 3307/4/5
f 3310/4/5 3305/4/5 3295/4/5
f 3311/3/5 3306/3/5 3305/3/5
f 3311/4/5 3305/4/5 3310/4/5
f 3312/4/5 3304/4/5 3308/4/5
f 3312/3/5 3308/3/5 3307/3/5
f 3313/4/5 3304/4/5 3312/4/5
f 3316/4/5 3310/4/5 3309/4/5
f 3317/3/5 3311/3/5 3310/3/5
f 3317/4/5 3310/4/5 3316/4/5
f 3318/3/5 3297/3/5 3306/3/5
f 3318/3/5 3311/3/5 3317/3/5
f 3318/3/5 3306/3/5 3311/3/5
f 3319/3/5 3297/3/5 3318/3/5
f 3320/3/5 3307/3/5 3302/3/5
f 3320/3/5 3312/3/5 3307/3/5
f 3320/3/5 3313/3/5 3312/3/5
f 3321/3/5 3313/3/5 3320/3/5
f 3322/4/5 3314/4/5 3313/4/5
f 3322/3/5 3313/3/5 3321/3/5
f 3323/4/5 3314/4/5 3322/4/5
f 3327/4/5 3316/4/5 3315/4/5
f 3328/3/5 3317/3/5 3316/3/5
f 3328/3/5 3318/3/5 3317/3/5
f 3328/4/5 3316/4/5 3327/4/5
f 3329/3/5 3318/3/5 3328/3/5
f 3332/3/5 3323/3/5 3322/3/5
f 3332/3/5 3322/3/5 3321/3/5
f 3333/4/5 3324/4/5 3323/4/5
f 3333/3/5 3323/3/5 3332/3/5
f 3334/4/5 3324/4/5 3333/4/5
f 3337/4/5 3326/4/5 3325/4/5
f 3338/3/5 3327/3/5 3326/3/5
f 3338/4/5 3326/4/5 3337/4/5
f 3338/3/5 3330/3/5 3329/3/5
f 3338/3/5 3329/3/5 3328/3/5
f 3338/3/5 3328/3/5 3327/3/5
f 3339/3/5 3330/3/5 3338/3/5
f 3340/3/5 3330/3/5 3339/3/5
f 3341/3/5 3332/3/5 3331/3/5
f 3341/3/5 3335/3/5 3334/3/5
f 3341/3/5 3334/3/5 3333/3/5
f 3341/3/5 3333/3/5 3332/3/5
f 3342/3/5 3335/3/5 3341/3/5
f 3343/4/5 3336/4/5 3335/4/5
f 3343/3/5 3335/3/5 3342/3/5
f 3344/4/5 3336/4/5 3343/4/5
f 3345/3/5 3339/3/5 3338/3/5
f 3345/3/5 3338/3/5 3337/3/5
f 3346/3/5 3339/3/5 3345/3/5
f 3349/3/5 3344/3/5 3343/3/5
f 3349/3/5 3343/3/5 3342/3/5
f 3350/3/5 3344/3/5 3349/3/5
f 3352/3/5 3345/3/5 3337/3/5
f 3353/3/5 3344/3/5 3350/3/5
f 3356/3/5 3352/3/5 3351/3/5
f 3357/3/5 3345/3/5 3352/3/5
f 3357/3/5 3352/3/5 3356/3/5
f 3358/3/5 3345/3/5 3357/3/5
f 3359/3/5 3347/3/5 3346/3/5
f 3360/3/5 3349/3/5 3348/3/5
f 3361/3/5 3353/3/5 3350/3/5
f 3361/3/5 3354/3/5 3353/3/5
f 3362/3/5 3354/3/5 3361/3/5
f 3363/3/5 3354/3/5 3362/3/5
f 3365/4/5 3356/4/5 3355/4/5
f 3366/3/5 3357/3/5 3356/3/5
f 3366/4/5 3356/4/5 3365/4/5
f 3367/3/5 3357/3/5 3366/3/5
f 3368/3/5 3359/3/5 3358/3/5
f 3369/3/5 3347/3/5 3359/3/5
f 3369/3/5 3359/3/5 3368/3/5
f 3370/3/5 3360/3/5 3348/3/5
f 3370/3/5 3361/3/5 3360/3/5
f 3371/3/5 3361/3/5 3370/3/5
f 3372/3/5 3363/3/5 3362/3/5
f 3373/4/5 3364/4/5 3363/4/5
f 3373/3/5 3363/3/5 3372/3/5
f 3374/4/5 3364/4/5 3373/4/5
f 3376/3/5 3368/3/5 3367/3/5
f 3377/3/5 3372/3/5 3371/3/5
f 3379/3/5 3376/3/5 3375/3/5
f 3379/3/5 3368/3/5 3376/3/5
f 3380/3/5 3368/3/5 3379/3/5
f 3381/3/5 3368/3/5 3380/3/5
f 3382/3/5 3347/3/5 3369/3/5
f 3383/3/5 3370/3/5 3348/3/5
f 3384/3/5 3378/3/5 3377/3/5
f 3384/3/5 3377/3/5 3371/3/5
f 3385/3/5 3378/3/5 3384/3/5
f 3386/3/5 3378/3/5 3385/3/5
f 3387/3/5 3379/3/5 3375/3/5
f 3388/3/5 3379/3/5 3387/3/5
f 3389/3/5 3381/3/5 3380/3/5
f 3390/3/5 3381/3/5 3389/3/5
f 3391/3/5 3347/3/5 3382/3/5
f 3392/3/5 3347/3/5 3391/3/5
f 3393/3/5 3383/3/5 3348/3/5
f 3394/3/5 3383/3/5 3393/3/5
f 3395/3/5 3385/3/5 3384/3/5
f 3396/3/5 3385/3/5 3395/3/5
f 3397/3/5 3378/3/5 3386/3/5
f 3398/3/5 3378/3/5 3397/3/5
f 3403/3/5 3387/3/5 3375/3/5
f 3404/3/5 3387/3/5 3403/3/5
f 3405/3/5 3347/3/5 3392/3/5
f 3406/3/5 3347/3/5 3405/3/5
f 3407/3/5 3393/3/5 3348/3/5
f 3408/3/5 3393/3/5 3407/3/5
f 3409/3/5 3378/3/5 3398/3/5
f 3410/3/5 3378/3/5 3409/3/5
f 3411/3/5 3400/3/5 3399/3/5
f 3412/3/5 3400/3/5 3411/3/5
f 3413/3/5 3387/3/5 3404/3/5
f 3414/3/5 3387/3/5 3413/3/5
f 3415/3/5 3405/3/5 3392/3/5
f 3416/3/5 3405/3/5 3415/3/5
f 3417/3/5 3393/3/5 3408/3/5
f 3418/3/5 3393/3/5 3417/3/5
f 3419/3/5 3409/3/5 3398/3/5
f 3420/3/5 3409/3/5 3419/3/5
f 3421/3/5 3402/3/5 3401/3/5
f 3422/3/5 3402/3/5 3421/3/5
f 3427/9/5 3424/9/5 3423/9/5
f 3428/9/5 3424/9/5 3427/9/5
f 3429/9/5 3426/9/5 3425/9/5
f 3430/9/5 3426/9/5 3429/9/5
f 3434/3/5 3432/3/5 3431/3/5
f 3435/3/5 3432/3/5 3434/3/5
f 3437/3/5 3434/3/5 3433/3/5
f 3437/3/5 3436/3/5 3435/3/5
f 3437/3/5 3435/3/5 3434/3/5
f 3438/3/5 3436/3/5 3437/3/5
f 3440/3/5 3437/3/5 3433/3/5
f 3441/3/5 3437/3/5 3440/3/5
f 3442/3/5 3436/3/5 3438/3/5
f 3443/3/5 3436/3/5 3442/3/5
f 3445/3/5 3440/3/5 3439/3/5
f 3446/3/5 3440/3/5 3445/3/5
f 3447/3/5 3444/3/5 3443/3/5
f 3448/3/5 3444/3/5 3447/3/5
f 3453/3/5 3450/3/5 3449/3/5
f 3454/3/5 3450/3/5 3453/3/5
f 3455/3/5 3452/3/5 3451/3/5
f 3456/3/5 3452/3/5 3455/3/5
f 3457/9/5 3454/9/5 3453/9/5
f 3458/9/5 3454/9/5 3457/9/5
f 3459/9/5 3456/9/5 3455/9/5
f 3460/9/5 3456/9/5 3459/9/5
f 3462/3/5 3458/3/5 3457/3/5
f 3463/3/5 3460/3/5 3459/3/5
f 3465/3/5 3462/3/5 3461/3/5
f 3466/3/5 3458/3/5 3462/3/5
f 3466/3/5 3462/3/5 3465/3/5
f 3467/3/5 3463/3/5 3459/3/5
f 3467/3/5 3464/3/5 3463/3/5
f 3468/3/5 3464/3/5 3467/3/5
f 3474/5/5 3470/5/5 3469/5/5
f 3475/5/5 3470/5/5 3474/5/5
f 3476/5/5 3472/5/5 3471/5/5
f 3477/5/5 3472/5/5 3476/5/5
f 3480/5/5 3474/5/5 3473/5/5
f 3481/5/5 3474/5/5 3480/5/5
f 3482/5/5 3478/5/5 3477/5/5
f 3483/5/5 3478/5/5 3482/5/5
f 3486/5/5 3480/5/5 3479/5/5
f 3487/5/5 3480/5/5 3486/5/5
f 3490/5/5 3484/5/5 3483/5/5
f 3491/5/5 3484/5/5 3490/5/5
f 3493/5/5 3486/5/5 3485/5/5
f 3494/5/5 3486/5/5 3493/5/5
f 3495/5/5 3492/5/5 3491/5/5
f 3496/5/5 3492/5/5 3495/5/5
f 3497/5/5 3488/5/5 3487/5/5
f 3498/5/5 3488/5/5 3497/5/5
f 3499/5/5 3490/5/5 3489/5/5
f 3500/5/5 3490/5/5 3499/5/5
f 3512/1/5 3502/1/5 3501/1/5
f 3513/1/5 3502/1/5 3512/1/5
f 3514/3/5 3504/3/5 3503/3/5
f 3514/3/5 3505/3/5 3504/3/5
f 3515/3/5 3505/3/5 3514/3/5
f 3518/3/5 3507/3/5 3506/3/5
f 3518/3/5 3508/3/5 3507/3/5
f 3519/3/5 3508/3/5 3518/3/5
f 3520/1/5 3510/1/5 3509/1/5
f 3521/1/5 3510/1/5 3520/1/5
f 3524/1/5 3512/1/5 3511/1/5
f 3525/2/5 3513/2/5 3512/2/5
f 3525/1/5 3512/1/5 3524/1/5
f 3526/3/5 3516/3/5 3515/3/5
f 3526/3/5 3515/3/5 3514/3/5
f 3526/3/5 3514/3/5 3513/3/5
f 3527/3/5 3516/3/5 3526/3/5
f 3528/3/5 3519/3/5 3518/3/5
f 3528/3/5 3518/3/5 3517/3/5
f 3528/3/5 3520/3/5 3519/3/5
f 3529/3/5 3520/3/5 3528/3/5
f 3530/1/5 3522/1/5 3521/1/5
f 3530/2/5 3521/2/5 3520/2/5
f 3531/1/5 3522/1/5 3530/1/5
f 3534/1/5 3524/1/5 3523/1/5
f 3535/2/5 3525/2/5 3524/2/5
f 3535/1/5 3524/1/5 3534/1/5
f 3536/3/5 3526/3/5 3513/3/5
f 3537/2/5 3527/2/5 3526/2/5
f 3537/3/5 3526/3/5 3536/3/5
f 3538/3/5 3520/3/5 3529/3/5
f 3538/2/5 3529/2/5 3528/2/5
f 3539/3/5 3520/3/5 3538/3/5
f 3540/1/5 3532/1/5 3531/1/5
f 3540/2/5 3531/2/5 3530/2/5
f 3541/1/5 3532/1/5 3540/1/5
f 3544/1/5 3534/1/5 3533/1/5
f 3545/2/5 3535/2/5 3534/2/5
f 3545/1/5 3534/1/5 3544/1/5
f 3546/2/5 3513/2/5 3525/2/5
f 3546/2/5 3535/2/5 3545/2/5
f 3546/3/5 3536/3/5 3513/3/5
f 3546/2/5 3525/2/5 3535/2/5
f 3547/2/5 3537/2/5 3536/2/5
f 3547/3/5 3536/3/5 3546/3/5
f 3548/2/5 3537/2/5 3547/2/5
f 3549/2/5 3527/2/5 3537/2/5
f 3549/2/5 3537/2/5 3548/2/5
f 3549/3/5 3516/3/5 3527/3/5
f 3550/3/5 3528/3/5 3517/3/5
f 3550/2/5 3539/2/5 3538/2/5
f 3550/2/5 3538/2/5 3528/2/5
f 3551/2/5 3539/2/5 3550/2/5
f 3552/3/5 3520/3/5 3539/3/5
f 3552/2/5 3539/2/5 3551/2/5
f 3553/2/5 3541/2/5 3540/2/5
f 3553/3/5 3520/3/5 3552/3/5
f 3553/2/5 3530/2/5 3520/2/5
f 3553/2/5 3540/2/5 3530/2/5
f 3554/1/5 3542/1/5 3541/1/5
f 3554/2/5 3541/2/5 3553/2/5
f 3555/1/5 3542/1/5 3554/1/5
f 3557/1/5 3544/1/5 3543/1/5
f 3558/2/5 3548/2/5 3547/2/5
f 3558/1/5 3544/1/5 3557/1/5
f 3558/2/5 3547/2/5 3546/2/5
f 3558/2/5 3545/2/5 3544/2/5
f 3558/2/5 3546/2/5 3545/2/5
f 3559/2/5 3548/2/5 3558/2/5
f 3560/3/5 3549/3/5 3548/3/5
f 3560/2/5 3548/2/5 3559/2/5
f 3561/3/5 3551/3/5 3550/3/5
f 3561/2/5 3555/2/5 3554/2/5
f 3561/2/5 3554/2/5 3553/2/5
f 3561/2/5 3553/2/5 3552/2/5
f 3561/2/5 3552/2/5 3551/2/5
f 3562/2/5 3555/2/5 3561/2/5
f 3563/1/5 3556/1/5 3555/1/5
f 3563/2/5 3555/2/5 3562/2/5
f 3564/1/5 3556/1/5 3563/1/5
f 3565/1/5 3557/1/5 3543/1/5
f 3566/2/5 3558/2/5 3557/2/5
f 3566/1/5 3557/1/5 3565/1/5
f 3566/2/5 3559/2/5 3558/2/5
f 3567/2/5 3559/2/5 3566/2/5
f 3568/3/5 3560/3/5 3559/3/5
f 3568/2/5 3559/2/5 3567/2/5
f 3569/3/5 3549/3/5 3560/3/5
f 3569/3/5 3560/3/5 3568/3/5
f 3570/3/5 3516/3/5 3549/3/5
f 3570/3/5 3549/3/5 3569/3/5
f 3571/3/5 3562/3/5 3561/3/5
f 3571/3/5 3550/3/5 3517/3/5
f 3571/3/5 3561/3/5 3550/3/5
f 3572/3/5 3562/3/5 3571/3/5
f 3573/2/5 3564/2/5 3563/2/5
f 3573/3/5 3562/3/5 3572/3/5
f 3573/2/5 3563/2/5 3562/2/5
f 3574/2/5 3564/2/5 3573/2/5
f 3575/1/5 3556/1/5 3564/1/5
f 3575/2/5 3564/2/5 3574/2/5
f 3576/1/5 3556/1/5 3575/1/5
f 3577/2/5 3567/2/5 3566/2/5
f 3577/2/5 3566/2/5 3565/2/5
f 3578/2/5 3567/2/5 3577/2/5
f 3579/2/5 3567/2/5 3578/2/5
f 3580/3/5 3568/3/5 3567/3/5
f 3580/2/5 3567/2/5 3579/2/5
f 3580/3/5 3569/3/5 3568/3/5
f 3581/3/5 3569/3/5 3580/3/5
f 3582/2/5 3570/2/5 3569/2/5
f 3582/3/5 3569/3/5 3581/3/5
f 3583/2/5 3570/2/5 3582/2/5
f 3584/2/5 3570/2/5 3583/2/5
f 3585/2/5 3572/2/5 3571/2/5
f 3586/2/5 3572/2/5 3585/2/5
f 3587/3/5 3574/3/5 3573/3/5
f 3587/2/5 3572/2/5 3586/2/5
f 3587/3/5 3573/3/5 3572/3/5
f 3588/3/5 3574/3/5 3587/3/5
f 3589/2/5 3576/2/5 3575/2/5
f 3589/3/5 3574/3/5 3588/3/5
f 3589/2/5 3575/2/5 3574/2/5
f 3590/2/5 3576/2/5 3589/2/5
f 3591/2/5 3576/2/5 3590/2/5
f 3592/2/5 3576/2/5 3591/2/5
f 3593/1/5 3578/1/5 3577/1/5
f 3594/2/5 3579/2/5 3578/2/5
f 3594/1/5 3578/1/5 3593/1/5
f 3595/3/5 3581/3/5 3580/3/5
f 3595/2/5 3579/2/5 3594/2/5
f 3595/3/5 3580/3/5 3579/3/5
f 3596/3/5 3581/3/5 3595/3/5
f 3597/2/5 3582/2/5 3581/2/5
f 3597/3/5 3581/3/5 3596/3/5
f 3597/2/5 3583/2/5 3582/2/5
f 3598/2/5 3588/2/5 3587/2/5
f 3598/2/5 3587/2/5 3586/2/5
f 3598/3/5 3589/3/5 3588/3/5
f 3598/3/5 3590/3/5 3589/3/5
f 3599/3/5 3590/3/5 3598/3/5
f 3600/2/5 3591/2/5 3590/2/5
f 3600/3/5 3590/3/5 3599/3/5
f 3601/1/5 3592/1/5 3591/1/5
f 3601/2/5 3591/2/5 3600/2/5
f 3602/1/5 3592/1/5 3601/1/5
f 3603/3/5 3596/3/5 3595/3/5
f 3603/3/5 3595/3/5 3594/3/5
f 3604/2/5 3597/2/5 3596/2/5
f 3604/3/5 3596/3/5 3603/3/5
f 3605/2/5 3583/2/5 3597/2/5
f 3605/2/5 3597/2/5 3604/2/5
f 3606/3/5 3584/3/5 3583/3/5
f 3606/2/5 3583/2/5 3605/2/5
f 3607/3/5 3586/3/5 3585/3/5
f 3607/2/5 3599/2/5 3598/2/5
f 3607/2/5 3598/2/5 3586/2/5
f 3608/2/5 3599/2/5 3607/2/5
f 3609/3/5 3600/3/5 3599/3/5
f 3609/2/5 3599/2/5 3608/2/5
f 3609/3/5 3601/3/5 3600/3/5
f 3610/3/5 3601/3/5 3609/3/5
f 3611/4/5 3594/4/5 3593/4/5
f 3612/3/5 3603/3/5 3594/3/5
f 3612/4/5 3594/4/5 3611/4/5
f 3613/2/5 3605/2/5 3604/2/5
f 3613/3/5 3603/3/5 3612/3/5
f 3613/2/5 3604/2/5 3603/2/5
f 3614/2/5 3605/2/5 3613/2/5
f 3615/2/5 3605/2/5 3614/2/5
f 3616/1/5 3606/1/5 3605/1/5
f 3616/2/5 3605/2/5 3615/2/5
f 3617/3/5 3584/3/5 3606/3/5
f 3617/1/5 3606/1/5 3616/1/5
f 3618/3/5 3584/3/5 3617/3/5
f 3619/3/5 3584/3/5 3618/3/5
f 3620/3/5 3607/3/5 3585/3/5
f 3621/3/5 3607/3/5 3620/3/5
f 3622/1/5 3608/1/5 3607/1/5
f 3622/3/5 3607/3/5 3621/3/5
f 3623/2/5 3610/2/5 3609/2/5
f 3623/1/5 3608/1/5 3622/1/5
f 3623/2/5 3609/2/5 3608/2/5
f 3624/2/5 3610/2/5 3623/2/5
f 3625/2/5 3610/2/5 3624/2/5
f 3626/3/5 3601/3/5 3610/3/5
f 3626/2/5 3610/2/5 3625/2/5
f 3627/4/5 3602/4/5 3601/4/5
f 3627/3/5 3601/3/5 3626/3/5
f 3628/4/5 3602/4/5 3627/4/5
f 3629/2/5 3612/2/5 3611/2/5
f 3629/2/5 3614/2/5 3613/2/5
f 3629/2/5 3613/2/5 3612/2/5
f 3630/2/5 3614/2/5 3629/2/5
f 3631/2/5 3614/2/5 3630/2/5
f 3632/1/5 3615/1/5 3614/1/5
f 3632/2/5 3614/2/5 3631/2/5
f 3633/1/5 3615/1/5 3632/1/5
f 3634/1/5 3625/1/5 3624/1/5
f 3635/2/5 3628/2/5 3627/2/5
f 3635/1/5 3625/1/5 3634/1/5
f 3635/2/5 3627/2/5 3626/2/5
f 3635/2/5 3626/2/5 3625/2/5
f 3636/2/5 3628/2/5 3635/2/5
f 3637/2/5 3628/2/5 3636/2/5
f 3638/2/5 3628/2/5 3637/2/5
f 3639/3/5 3630/3/5 3629/3/5
f 3639/2/5 3631/2/5 3630/2/5
f 3640/2/5 3631/2/5 3639/2/5
f 3645/2/5 3637/2/5 3636/2/5
f 3646/3/5 3638/3/5 3637/3/5
f 3646/2/5 3637/2/5 3645/2/5
f 3647/2/5 3629/2/5 3611/2/5
f 3647/3/5 3639/3/5 3629/3/5
f 3648/3/5 3639/3/5 3647/3/5
f 3649/3/5 3642/3/5 3641/3/5
f 3650/3/5 3642/3/5 3649/3/5
f 3651/3/5 3644/3/5 3643/3/5
f 3652/3/5 3644/3/5 3651/3/5
f 3653/3/5 3638/3/5 3646/3/5
f 3654/2/5 3628/2/5 3638/2/5
f 3654/3/5 3638/3/5 3653/3/5
f 3655/2/5 3647/2/5 3611/2/5
f 3656/2/5 3647/2/5 3655/2/5
f 3657/2/5 3628/2/5 3654/2/5
f 3658/2/5 3628/2/5 3657/2/5
f 3659/9/5 3650/9/5 3649/9/5
f 3660/9/5 3650/9/5 3659/9/5
f 3661/9/5 3652/9/5 3651/9/5
f 3662/9/5 3652/9/5 3661/9/5
f 3665/3/5 3664/3/5 3663/3/5
f 3666/3/5 3664/3/5 3665/3/5
f 3671/4/5 3668/4/5 3667/4/5
f 3672/4/5 3668/4/5 3671/4/5
f 3673/4/5 3670/4/5 3669/4/5
f 3674/4/5 3670/4/5 3673/4/5
f 3679/3/5 3676/3/5 3675/3/5
f 3680/3/5 3676/3/5 3679/3/5
f 3681/3/5 3678/3/5 3677/3/5
f 3682/3/5 3678/3/5 3681/3/5
f 3687/3/5 3684/3/5 3683/3/5
f 3688/3/5 3684/3/5 3687/3/5
f 3689/3/5 3686/3/5 3685/3/5
f 3690/3/5 3686/3/5 3689/3/5
f 3695/3/5 3692/3/5 3691/3/5
f 3696/3/5 3692/3/5 3695/3/5
f 3697/3/5 3694/3/5 3693/3/5
f 3698/3/5 3694/3/5 3697/3/5
f 3704/4/5 3700/4/5 3699/4/5
f 3705/4/5 3700/4/5 3704/4/5
f 3706/4/5 3702/4/5 3701/4/5
f 3707/4/5 3702/4/5 3706/4/5
f 3710/4/5 3704/4/5 3703/4/5
f 3711/3/5 3705/3/5 3704/3/5
f 3711/4/5 3704/4/5 3710/4/5
f 3712/4/5 3708/4/5 3707/4/5
f 3712/3/5 3707/3/5 3706/3/5
f 3713/4/5 3708/4/5 3712/4/5
f 3715/4/5 3710/4/5 3709/4/5
f 3716/3/5 3711/3/5 3710/3/5
f 3716/4/5 3710/4/5 3715/4/5
f 3717/3/5 3705/3/5 3711/3/5
f 3717/3/5 3711/3/5 3716/3/5
f 3718/3/5 3712/3/5 3706/3/5
f 3718/3/5 3713/3/5 3712/3/5
f 3719/4/5 3714/4/5 3713/4/5
f 3719/3/5 3713/3/5 3718/3/5
f 3720/4/5 3714/4/5 3719/4/5
f 3725/3/5 3722/3/5 3721/3/5
f 3726/3/5 3722/3/5 3725/3/5
f 3727/3/5 3724/3/5 3723/3/5
f 3728/3/5 3724/3/5 3727/3/5
f 3734/4/5 3730/4/5 3729/4/5
f 3735/4/5 3730/4/5 3734/4/5
f 3736/4/5 3730/4/5 3735/4/5
f 3737/4/5 3732/4/5 3731/4/5
f 3738/4/5 3732/4/5 3737/4/5
f 3739/4/5 3732/4/5 3738/4/5
f 3741/4/5 3734/4/5 3733/4/5
f 3742/4/5 3734/4/5 3741/4/5
f 3743/4/5 3740/4/5 3739/4/5
f 3744/4/5 3740/4/5 3743/4/5
f 3745/3/5 3742/3/5 3741/3/5
f 3746/3/5 3742/3/5 3745/3/5
f 3747/3/5 3736/3/5 3735/3/5
f 3747/3/5 3738/3/5 3737/3/5
f 3747/3/5 3737/3/5 3736/3/5
f 3748/3/5 3738/3/5 3747/3/5
f 3749/3/5 3744/3/5 3743/3/5
f 3750/3/5 3744/3/5 3749/3/5
f 3751/4/5 3746/4/5 3745/4/5
f 3752/4/5 3746/4/5 3751/4/5
f 3755/4/5 3750/4/5 3749/4/5
f 3756/4/5 3750/4/5 3755/4/5
f 3757/4/5 3754/4/5 3753/4/5
f 3757/4/5 3755/4/5 3754/4/5
f 3757/4/5 3753/4/5 3752/4/5
f 3758/4/5 3755/4/5 3757/4/5
f 3759/3/5 3758/3/5 3757/3/5
f 3760/3/5 3758/3/5 3759/3/5
f 3761/3/5 3760/3/5 3759/3/5
f 3762/3/5 3760/3/5 3761/3/5
f 3763/2/5 3762/2/5 3761/2/5
f 3764/2/5 3762/2/5 3763/2/5
f 3769/3/5 3766/3/5 3765/3/5
f 3770/3/5 3766/3/5 3769/3/5
f 3771/3/5 3764/3/5 3763/3/5
f 3772/3/5 3764/3/5 3771/3/5
f 3773/3/5 3764/3/5 3772/3/5
f 3774/3/5 3764/3/5 3773/3/5
f 3775/3/5 3768/3/5 3767/3/5
f 3776/3/5 3768/3/5 3775/3/5
f 3777/4/5 3773/4/5 3772/4/5
f 3778/4/5 3773/4/5 3777/4/5
f 3783/3/5 3780/3/5 3779/3/5
f 3784/3/5 3780/3/5 3783/3/5
f 3785/3/5 3782/3/5 3781/3/5
f 3786/3/5 3782/3/5 3785/3/5
f 3787/4/5 3784/4/5 3783/4/5
f 3788/4/5 3784/4/5 3787/4/5
f 3789/4/5 3786/4/5 3785/4/5
f 3790/4/5 3786/4/5 3789/4/5
f 3791/3/5 3788/3/5 3787/3/5
f 3792/3/5 3788/3/5 3791/3/5
f 3793/3/5 3790/3/5 3789/3/5
f 3794/3/5 3790/3/5 3793/3/5
f 3795/4/5 3792/4/5 3791/4/5
f 3796/4/5 3794/4/5 3793/4/5
f 3797/4/5 3795/4/5 3791/4/5
f 3798/4/5 3795/4/5 3797/4/5
f 3799/4/5 3794/4/5 3796/4/5
f 3800/4/5 3794/4/5 3799/4/5
f 3805/3/5 3802/3/5 3801/3/5
f 3806/3/5 3802/3/5 3805/3/5
f 3807/3/5 3804/3/5 3803/3/5
f 3808/3/5 3804/3/5 3807/3/5
f 3813/2/5 3810/2/5 3809/2/5
f 3814/2/5 3812/2/5 3811/2/5
f 3815/2/5 3813/2/5 3809/2/5
f 3816/2/5 3812/2/5 3814/2/5
f 3817/2/5 3815/2/5 3809/2/5
f 3818/2/5 3812/2/5 3816/2/5
f 3819/2/5 3817/2/5 3809/2/5
f 3820/2/5 3817/2/5 3819/2/5
f 3821/2/5 3812/2/5 3818/2/5
f 3822/2/5 3812/2/5 3821/2/5
f 3823/3/5 3820/3/5 3819/3/5
f 3824/3/5 3822/3/5 3821/3/5
f 3825/3/5 3823/3/5 3819/3/5
f 3826/3/5 3822/3/5 3824/3/5
f 3827/3/5 3825/3/5 3819/3/5
f 3828/3/5 3825/3/5 3827/3/5
f 3829/3/5 3822/3/5 3826/3/5
f 3830/3/5 3822/3/5 3829/3/5
f 3835/2/5 3832/2/5 3831/2/5
f 3836/2/5 3832/2/5 3835/2/5
f 3837/2/5 3834/2/5 3833/2/5
f 3838/2/5 3834/2/5 3837/2/5
f 3839/3/6 3840/3/6 3843/3/6
f 3843/3/6 3840/3/6 3844/3/6
f 3841/3/6 3842/3/6 3845/3/6
f 3845/3/6 3842/3/6 3846/3/6
f 3847/3/6 3848/3/6 3851/3/6
f 3851/3/6 3848/3/6 3852/3/6
f 3849/3/6 3850/3/6 3853/3/6
f 3853/3/6 3850/3/6 3854/3/6
f 3855/9/6 3856/9/6 3859/9/6
f 3859/9/6 3856/9/6 3860/9/6
f 3857/9/6 3858/9/6 3861/9/6
f 3861/9/6 3858/9/6 3862/9/6
f 3863/3/6 3864/3/6 3867/3/6
f 3867/3/6 3864/3/6 3868/3/6
f 3865/3/6 3866/3/6 3869/3/6
f 3869/3/6 3866/3/6 3870/3/6
f 3871/2/6 3872/2/6 3876/2/6
f 3876/2/6 3872/2/6 3877/2/6
f 3873/2/6 3874/2/6 3878/2/6
f 3878/2/6 3874/2/6 3879/2/6
f 3876/2/6 3877/2/6 3881/2/6
f 3875/2/6 3876/2/6 3881/2/6
f 3881/2/6 3877/2/6 3882/2/6
f 3879/2/6 3880/2/6 3883/2/6
f 3878/2/6 3879/2/6 3883/2/6
f 3883/2/6 3880/2/6 3884/2/6
f 3875/2/6 3881/2/6 3885/2/6
f 3881/3/6 3882/3/6 3886/3/6
f 3885/2/6 3881/2/6 3886/2/6
f 3886/3/6 3882/3/6 3887/3/6
f 3883/3/6 3884/3/6 3888/3/6
f 3884/2/6 3880/2/6 3889/2/6
f 3888/3/6 3884/3/6 3889/3/6
f 3889/2/6 3880/2/6 3890/2/6
f 3885/3/6 3886/3/6 3891/3/6
f 3886/4/6 3887/4/6 3892/4/6
f 3891/3/6 3886/3/6 3892/3/6
f 3892/4/6 3887/4/6 3893/4/6
f 3888/4/6 3889/4/6 3894/4/6
f 3889/3/6 3890/3/6 3895/3/6
f 3894/4/6 3889/4/6 3895/4/6
f 3895/3/6 3890/3/6 3896/3/6
f 3891/4/6 3892/4/6 3897/4/6
f 3897/4/6 3892/4/6 3898/4/6
f 3895/4/6 3896/4/6 3899/4/6
f 3899/4/6 3896/4/6 3900/4/6
f 3901/9/6 3902/9/6 3905/9/6
f 3905/9/6 3902/9/6 3906/9/6
f 3903/9/6 3904/9/6 3907/9/6
f 3907/9/6 3904/9/6 3908/9/6
f 3909/3/6 3910/3/6 3913/3/6
f 3913/3/6 3910/3/6 3914/3/6
f 3911/3/6 3912/3/6 3915/3/6
f 3915/3/6 3912/3/6 3916/3/6
f 3914/3/6 3910/3/6 3920/3/6
f 3917/3/6 3918/3/6 3921/3/6
f 3921/3/6 3918/3/6 3922/3/6
f 3911/3/6 3915/3/6 3923/3/6
f 3919/3/6 3920/3/6 3926/3/6
f 3923/3/6 3924/3/6 3927/3/6
f 3925/2/6 3926/2/6 3930/2/6
f 3927/2/6 3928/2/6 3931/2/6
f 3929/2/6 3930/2/6 3933/2/6
f 3930/2/6 3926/2/6 3933/2/6
f 3926/3/6 3920/3/6 3934/3/6
f 3933/2/6 3926/2/6 3934/2/6
f 3923/3/6 3927/3/6 3935/3/6
f 3931/2/6 3932/2/6 3935/2/6
f 3927/2/6 3931/2/6 3935/2/6
f 3935/2/6 3932/2/6 3936/2/6
f 3929/2/6 3933/2/6 3937/2/6
f 3933/3/6 3934/3/6 3938/3/6
f 3937/2/6 3933/2/6 3938/2/6
f 3934/3/6 3920/3/6 3939/3/6
f 3938/3/6 3934/3/6 3939/3/6
f 3920/3/6 3910/3/6 3940/3/6
f 3939/3/6 3920/3/6 3940/3/6
f 3940/3/6 3910/3/6 3941/3/6
f 3911/3/6 3923/3/6 3942/3/6
f 3923/3/6 3935/3/6 3942/3/6
f 3935/3/6 3936/3/6 3942/3/6
f 3942/3/6 3936/3/6 3943/3/6
f 3943/3/6 3936/3/6 3944/3/6
f 3936/2/6 3932/2/6 3945/2/6
f 3944/3/6 3936/3/6 3945/3/6
f 3945/2/6 3932/2/6 3946/2/6
f 3937/3/6 3938/3/6 3947/3/6
f 3938/4/6 3939/4/6 3948/4/6
f 3947/3/6 3938/3/6 3948/3/6
f 3948/4/6 3939/4/6 3949/4/6
f 3944/4/6 3945/4/6 3950/4/6
f 3945/3/6 3946/3/6 3951/3/6
f 3950/4/6 3945/4/6 3951/4/6
f 3951/3/6 3946/3/6 3952/3/6
f 3947/4/6 3948/4/6 3953/4/6
f 3953/4/6 3948/4/6 3954/4/6
f 3951/4/6 3952/4/6 3955/4/6
f 3955/4/6 3952/4/6 3956/4/6
f 3957/4/6 3958/4/6 3961/4/6
f 3961/4/6 3958/4/6 3962/4/6
f 3959/4/6 3960/4/6 3963/4/6
f 3963/4/6 3960/4/6 3964/4/6
f 3957/4/6 3961/4/6 3966/4/6
f 3961/3/6 3962/3/6 3967/3/6
f 3966/4/6 3961/4/6 3967/4/6
f 3964/4/6 3960/4/6 3968/4/6
f 3963/3/6 3964/3/6 3968/3/6
f 3968/4/6 3960/4/6 3969/4/6
f 3965/4/6 3966/4/6 3972/4/6
f 3966/3/6 3967/3/6 3973/3/6
f 3972/4/6 3966/4/6 3973/4/6
f 3969/4/6 3970/4/6 3974/4/6
f 3968/3/6 3969/3/6 3974/3/6
f 3974/4/6 3970/4/6 3975/4/6
f 3971/4/6 3972/4/6 3977/4/6
f 3972/3/6 3973/3/6 3978/3/6
f 3977/4/6 3972/4/6 3978/4/6
f 3973/3/6 3967/3/6 3979/3/6
f 3978/3/6 3973/3/6 3979/3/6
f 3967/3/6 3962/3/6 3979/3/6
f 3974/3/6 3975/3/6 3980/3/6
f 3963/3/6 3968/3/6 3980/3/6
f 3968/3/6 3974/3/6 3980/3/6
f 3975/4/6 3976/4/6 3981/4/6
f 3980/3/6 3975/3/6 3981/3/6
f 3981/4/6 3976/4/6 3982/4/6
f 3983/9/6 3984/9/6 3985/9/6
f 3985/9/6 3984/9/6 3986/9/6
f 3987/3/6 3988/3/6 3991/3/6
f 3991/3/6 3988/3/6 3992/3/6
f 3989/3/6 3990/3/6 3993/3/6
f 3993/3/6 3990/3/6 3994/3/6
f 3995/5/6 3996/5/6 3999/5/6
f 3999/5/6 3996/5/6 4000/5/6
f 3997/5/6 3998/5/6 4001/5/6
f 4001/5/6 3998/5/6 4002/5/6
f 4007/3/6 4008/3/6 4012/3/6
f 4012/3/6 4008/3/6 4013/3/6
f 4003/3/6 4004/3/6 4014/3/6
f 4005/3/6 4006/3/6 4015/3/6
f 4009/3/6 4010/3/6 4016/3/6
f 4016/3/6 4010/3/6 4017/3/6
f 4011/1/6 4012/1/6 4020/1/6
f 4020/1/6 4012/1/6 4021/1/6
f 4017/1/6 4018/1/6 4022/1/6
f 4022/1/6 4018/1/6 4023/1/6
f 4019/1/6 4020/1/6 4026/1/6
f 4020/2/6 4021/2/6 4027/2/6
f 4026/1/6 4020/1/6 4027/1/6
f 4027/2/6 4021/2/6 4028/2/6
f 4013/3/6 4014/3/6 4029/3/6
f 4014/3/6 4004/3/6 4030/3/6
f 4029/3/6 4014/3/6 4030/3/6
f 4005/3/6 4015/3/6 4033/3/6
f 4015/3/6 4016/3/6 4033/3/6
f 4033/3/6 4016/3/6 4034/3/6
f 4022/2/6 4023/2/6 4035/2/6
f 4023/1/6 4024/1/6 4036/1/6
f 4035/2/6 4023/2/6 4036/2/6
f 4036/1/6 4024/1/6 4037/1/6
f 4025/1/6 4026/1/6 4040/1/6
f 4027/2/6 4028/2/6 4041/2/6
f 4026/2/6 4027/2/6 4041/2/6
f 4040/1/6 4026/1/6 4041/1/6
f 4041/2/6 4028/2/6 4042/2/6
f 4029/3/6 4030/3/6 4043/3/6
f 4030/2/6 4031/2/6 4044/2/6
f 4043/3/6 4030/3/6 4044/3/6
f 4033/3/6 4034/3/6 4045/3/6
f 4032/2/6 4033/2/6 4045/2/6
f 4045/3/6 4034/3/6 4046/3/6
f 4035/2/6 4036/2/6 4047/2/6
f 4036/2/6 4037/2/6 4047/2/6
f 4037/1/6 4038/1/6 4048/1/6
f 4047/2/6 4037/2/6 4048/2/6
f 4048/1/6 4038/1/6 4049/1/6
f 4039/1/6 4040/1/6 4052/1/6
f 4041/2/6 4042/2/6 4053/2/6
f 4040/2/6 4041/2/6 4053/2/6
f 4052/1/6 4040/1/6 4053/1/6
f 4053/2/6 4042/2/6 4054/2/6
f 4043/2/6 4044/2/6 4055/2/6
f 4055/2/6 4044/2/6 4056/2/6
f 4044/2/6 4031/2/6 4057/2/6
f 4056/2/6 4044/2/6 4057/2/6
f 4045/2/6 4046/2/6 4058/2/6
f 4032/2/6 4045/2/6 4058/2/6
f 4058/2/6 4046/2/6 4059/2/6
f 4059/2/6 4046/2/6 4060/2/6
f 4047/2/6 4048/2/6 4061/2/6
f 4048/2/6 4049/2/6 4061/2/6
f 4049/1/6 4050/1/6 4062/1/6
f 4061/2/6 4049/2/6 4062/2/6
f 4062/1/6 4050/1/6 4063/1/6
f 4051/1/6 4052/1/6 4065/1/6
f 4055/2/6 4056/2/6 4066/2/6
f 4065/1/6 4052/1/6 4066/1/6
f 4053/2/6 4054/2/6 4066/2/6
f 4054/2/6 4055/2/6 4066/2/6
f 4052/2/6 4053/2/6 4066/2/6
f 4066/2/6 4056/2/6 4067/2/6
f 4056/3/6 4057/3/6 4068/3/6
f 4067/2/6 4056/2/6 4068/2/6
f 4068/3/6 4057/3/6 4069/3/6
f 4058/3/6 4059/3/6 4074/3/6
f 4060/2/6 4061/2/6 4075/2/6
f 4062/2/6 4063/2/6 4075/2/6
f 4074/3/6 4059/3/6 4075/3/6
f 4061/2/6 4062/2/6 4075/2/6
f 4059/2/6 4060/2/6 4075/2/6
f 4075/2/6 4063/2/6 4076/2/6
f 4063/1/6 4064/1/6 4077/1/6
f 4076/2/6 4063/2/6 4077/2/6
f 4077/1/6 4064/1/6 4078/1/6
f 4051/1/6 4065/1/6 4079/1/6
f 4066/2/6 4067/2/6 4080/2/6
f 4079/1/6 4065/1/6 4080/1/6
f 4065/2/6 4066/2/6 4080/2/6
f 4080/2/6 4067/2/6 4081/2/6
f 4070/3/6 4071/3/6 4082/3/6
f 4081/2/6 4067/2/6 4082/2/6
f 4069/3/6 4070/3/6 4082/3/6
f 4067/3/6 4068/3/6 4082/3/6
f 4068/3/6 4069/3/6 4082/3/6
f 4082/3/6 4071/3/6 4083/3/6
f 4083/3/6 4071/3/6 4084/3/6
f 4073/3/6 4074/3/6 4085/3/6
f 4075/3/6 4076/3/6 4085/3/6
f 4072/3/6 4073/3/6 4085/3/6
f 4074/3/6 4075/3/6 4085/3/6
f 4085/3/6 4076/3/6 4086/3/6
f 4077/2/6 4078/2/6 4087/2/6
f 4086/3/6 4076/3/6 4087/3/6
f 4076/2/6 4077/2/6 4087/2/6
f 4087/2/6 4078/2/6 4088/2/6
f 4078/1/6 4064/1/6 4089/1/6
f 4088/2/6 4078/2/6 4089/2/6
f 4089/1/6 4064/1/6 4090/1/6
f 4080/2/6 4081/2/6 4091/2/6
f 4079/2/6 4080/2/6 4091/2/6
f 4091/2/6 4081/2/6 4092/2/6
f 4092/2/6 4081/2/6 4093/2/6
f 4082/3/6 4083/3/6 4094/3/6
f 4093/2/6 4081/2/6 4094/2/6
f 4081/3/6 4082/3/6 4094/3/6
f 4094/3/6 4083/3/6 4095/3/6
f 4083/2/6 4084/2/6 4096/2/6
f 4095/3/6 4083/3/6 4096/3/6
f 4096/2/6 4084/2/6 4097/2/6
f 4097/2/6 4084/2/6 4098/2/6
f 4098/2/6 4084/2/6 4099/2/6
f 4085/2/6 4086/2/6 4100/2/6
f 4100/2/6 4086/2/6 4101/2/6
f 4101/2/6 4086/2/6 4102/2/6
f 4087/3/6 4088/3/6 4103/3/6
f 4102/2/6 4086/2/6 4103/2/6
f 4086/3/6 4087/3/6 4103/3/6
f 4103/3/6 4088/3/6 4104/3/6
f 4089/2/6 4090/2/6 4105/2/6
f 4104/3/6 4088/3/6 4105/3/6
f 4088/2/6 4089/2/6 4105/2/6
f 4105/2/6 4090/2/6 4106/2/6
f 4106/2/6 4090/2/6 4107/2/6
f 4107/2/6 4090/2/6 4108/2/6
f 4091/1/6 4092/1/6 4109/1/6
f 4092/2/6 4093/2/6 4110/2/6
f 4109/1/6 4092/1/6 4110/1/6
f 4094/3/6 4095/3/6 4111/3/6
f 4110/2/6 4093/2/6 4111/2/6
f 4093/3/6 4094/3/6 4111/3/6
f 4111/3/6 4095/3/6 4112/3/6
f 4095/2/6 4096/2/6 4113/2/6
f 4112/3/6 4095/3/6 4113/3/6
f 4096/2/6 4097/2/6 4113/2/6
f 4103/2/6 4104/2/6 4114/2/6
f 4105/3/6 4106/3/6 4114/3/6
f 4102/2/6 4103/2/6 4114/2/6
f 4104/3/6 4105/3/6 4114/3/6
f 4114/3/6 4106/3/6 4115/3/6
f 4106/2/6 4107/2/6 4116/2/6
f 4115/3/6 4106/3/6 4116/3/6
f 4107/1/6 4108/1/6 4117/1/6
f 4116/2/6 4107/2/6 4117/2/6
f 4117/1/6 4108/1/6 4118/1/6
f 4110/3/6 4111/3/6 4119/3/6
f 4111/3/6 4112/3/6 4119/3/6
f 4112/2/6 4113/2/6 4120/2/6
f 4119/3/6 4112/3/6 4120/3/6
f 4113/2/6 4097/2/6 4121/2/6
f 4120/2/6 4113/2/6 4121/2/6
f 4121/2/6 4097/2/6 4122/2/6
f 4114/2/6 4115/2/6 4123/2/6
f 4102/2/6 4114/2/6 4123/2/6
f 4123/2/6 4115/2/6 4124/2/6
f 4115/3/6 4116/3/6 4125/3/6
f 4124/2/6 4115/2/6 4125/2/6
f 4116/3/6 4117/3/6 4125/3/6
f 4125/3/6 4117/3/6 4126/3/6
f 4109/4/6 4110/4/6 4127/4/6
f 4110/3/6 4119/3/6 4128/3/6
f 4127/4/6 4110/4/6 4128/4/6
f 4119/2/6 4120/2/6 4129/2/6
f 4128/3/6 4119/3/6 4129/3/6
f 4120/2/6 4121/2/6 4129/2/6
f 4129/2/6 4121/2/6 4130/2/6
f 4130/2/6 4121/2/6 4131/2/6
f 4121/1/6 4122/1/6 4132/1/6
f 4131/2/6 4121/2/6 4132/2/6
f 4132/1/6 4122/1/6 4133/1/6
f 4123/1/6 4124/1/6 4134/1/6
f 4125/2/6 4126/2/6 4135/2/6
f 4134/1/6 4124/1/6 4135/1/6
f 4124/2/6 4125/2/6 4135/2/6
f 4135/2/6 4126/2/6 4136/2/6
f 4136/2/6 4126/2/6 4137/2/6
f 4126/3/6 4117/3/6 4138/3/6
f 4137/2/6 4126/2/6 4138/2/6
f 4117/4/6 4118/4/6 4139/4/6
f 4138/3/6 4117/3/6 4139/3/6
f 4139/4/6 4118/4/6 4140/4/6
f 4127/2/6 4128/2/6 4141/2/6
f 4128/2/6 4129/2/6 4141/2/6
f 4129/2/6 4130/2/6 4141/2/6
f 4141/2/6 4130/2/6 4142/2/6
f 4142/2/6 4130/2/6 4143/2/6
f 4130/1/6 4131/1/6 4144/1/6
f 4143/2/6 4130/2/6 4144/2/6
f 4144/1/6 4131/1/6 4145/1/6
f 4136/1/6 4137/1/6 4146/1/6
f 4139/2/6 4140/2/6 4147/2/6
f 4146/1/6 4137/1/6 4147/1/6
f 4137/2/6 4138/2/6 4147/2/6
f 4138/2/6 4139/2/6 4147/2/6
f 4147/2/6 4140/2/6 4148/2/6
f 4148/2/6 4140/2/6 4149/2/6
f 4149/2/6 4140/2/6 4150/2/6
f 4127/2/6 4141/2/6 4151/2/6
f 4142/2/6 4143/2/6 4152/2/6
f 4152/2/6 4143/2/6 4153/2/6
f 4148/2/6 4149/2/6 4154/2/6
f 4154/2/6 4149/2/6 4155/2/6
f 4150/2/6 4140/2/6 4156/2/6
f 4127/2/6 4151/2/6 4157/2/6
f 4156/2/6 4140/2/6 4158/2/6
f 4127/2/6 4157/2/6 4159/2/6
f 4159/2/6 4157/2/6 4160/2/6
f 4158/2/6 4140/2/6 4161/2/6
f 4161/2/6 4140/2/6 4162/2/6
f 4163/9/6 4164/9/6 4167/9/6
f 4167/9/6 4164/9/6 4168/9/6
f 4165/9/6 4166/9/6 4169/9/6
f 4169/9/6 4166/9/6 4170/9/6
f 4171/3/6 4172/3/6 4174/3/6
f 4174/3/6 4172/3/6 4175/3/6
f 4173/4/6 4174/4/6 4178/4/6
f 4178/4/6 4174/4/6 4179/4/6
f 4175/4/6 4176/4/6 4180/4/6
f 4180/4/6 4176/4/6 4181/4/6
f 4177/3/6 4178/3/6 4183/3/6
f 4183/3/6 4178/3/6 4184/3/6
f 4181/3/6 4182/3/6 4185/3/6
f 4185/3/6 4182/3/6 4186/3/6
f 4187/3/6 4188/3/6 4191/3/6
f 4191/3/6 4188/3/6 4192/3/6
f 4189/3/6 4190/3/6 4193/3/6
f 4193/3/6 4190/3/6 4194/3/6
f 4201/5/6 4202/5/6 4206/5/6
f 4206/5/6 4202/5/6 4207/5/6
f 4203/5/6 4204/5/6 4208/5/6
f 4208/5/6 4204/5/6 4209/5/6
f 4195/4/6 4196/4/6 4212/4/6
f 4196/3/6 4197/3/6 4213/3/6
f 4212/4/6 4196/4/6 4213/4/6
f 4205/5/6 4206/5/6 4214/5/6
f 4209/5/6 4210/5/6 4215/5/6
f 4198/3/6 4199/3/6 4216/3/6
f 4199/4/6 4200/4/6 4216/4/6
f 4216/4/6 4200/4/6 4217/4/6
f 4211/4/6 4212/4/6 4220/4/6
f 4212/3/6 4213/3/6 4221/3/6
f 4220/4/6 4212/4/6 4221/4/6
f 4213/3/6 4197/3/6 4222/3/6
f 4221/3/6 4213/3/6 4222/3/6
f 4214/5/6 4206/5/6 4223/5/6
f 4209/5/6 4215/5/6 4224/5/6
f 4198/3/6 4216/3/6 4225/3/6
f 4216/3/6 4217/3/6 4225/3/6
f 4217/4/6 4218/4/6 4226/4/6
f 4225/3/6 4217/3/6 4226/3/6
f 4226/4/6 4218/4/6 4227/4/6
f 4219/4/6 4220/4/6 4229/4/6
f 4221/3/6 4222/3/6 4230/3/6
f 4229/4/6 4220/4/6 4230/4/6
f 4220/3/6 4221/3/6 4230/3/6
f 4230/3/6 4222/3/6 4231/3/6
f 4214/5/6 4223/5/6 4232/5/6
f 4232/5/6 4223/5/6 4233/5/6
f 4224/5/6 4215/5/6 4234/5/6
f 4234/5/6 4215/5/6 4235/5/6
f 4226/3/6 4227/3/6 4236/3/6
f 4225/3/6 4226/3/6 4236/3/6
f 4227/4/6 4228/4/6 4237/4/6
f 4236/3/6 4227/3/6 4237/3/6
f 4237/4/6 4228/4/6 4238/4/6
f 4231/5/6 4232/5/6 4241/5/6
f 4241/5/6 4232/5/6 4242/5/6
f 4235/5/6 4236/5/6 4245/5/6
f 4245/5/6 4236/5/6 4246/5/6
f 4242/5/6 4243/5/6 4249/5/6
f 4244/5/6 4245/5/6 4250/5/6
f 4239/4/6 4240/4/6 4251/4/6
f 4240/3/6 4241/3/6 4252/3/6
f 4251/4/6 4240/4/6 4252/4/6
f 4252/3/6 4241/3/6 4253/3/6
f 4246/3/6 4247/3/6 4254/3/6
f 4247/4/6 4248/4/6 4255/4/6
f 4254/3/6 4247/3/6 4255/3/6
f 4255/4/6 4248/4/6 4256/4/6
f 4249/5/6 4243/5/6 4259/5/6
f 4259/5/6 4243/5/6 4260/5/6
f 4244/5/6 4250/5/6 4263/5/6
f 4263/5/6 4250/5/6 4264/5/6
f 4260/5/6 4261/5/6 4267/5/6
f 4262/5/6 4263/5/6 4268/5/6
f 4257/1/6 4258/1/6 4269/1/6
f 4269/1/6 4258/1/6 4270/1/6
f 4252/4/6 4253/4/6 4271/4/6
f 4253/3/6 4241/3/6 4272/3/6
f 4271/4/6 4253/4/6 4272/4/6
f 4272/3/6 4241/3/6 4273/3/6
f 4273/3/6 4241/3/6 4274/3/6
f 4260/5/6 4267/5/6 4275/5/6
f 4268/5/6 4263/5/6 4280/5/6
f 4246/3/6 4254/3/6 4281/3/6
f 4281/3/6 4254/3/6 4282/3/6
f 4254/4/6 4255/4/6 4283/4/6
f 4282/3/6 4254/3/6 4283/3/6
f 4283/4/6 4255/4/6 4284/4/6
f 4265/1/6 4266/1/6 4285/1/6
f 4285/1/6 4266/1/6 4286/1/6
f 4269/3/6 4270/3/6 4287/3/6
f 4287/3/6 4270/3/6 4288/3/6
f 4285/3/6 4286/3/6 4289/3/6
f 4289/3/6 4286/3/6 4290/3/6
f 4287/1/6 4288/1/6 4291/1/6
f 4291/1/6 4288/1/6 4292/1/6
f 4273/3/6 4274/3/6 4293/3/6
f 4275/5/6 4276/5/6 4294/5/6
f 4276/5/6 4277/5/6 4294/5/6
f 4294/5/6 4277/5/6 4295/5/6
f 4295/5/6 4277/5/6 4296/5/6
f 4279/5/6 4280/5/6 4297/5/6
f 4278/5/6 4279/5/6 4297/5/6
f 4297/5/6 4280/5/6 4298/5/6
f 4298/5/6 4280/5/6 4299/5/6
f 4281/3/6 4282/3/6 4300/3/6
f 4289/1/6 4290/1/6 4301/1/6
f 4301/1/6 4290/1/6 4302/1/6
f 4272/4/6 4273/4/6 4303/4/6
f 4273/3/6 4293/3/6 4304/3/6
f 4303/4/6 4273/4/6 4304/4/6
f 4304/3/6 4293/3/6 4305/3/6
f 4300/3/6 4282/3/6 4306/3/6
f 4282/4/6 4283/4/6 4307/4/6
f 4306/3/6 4282/3/6 4307/3/6
f 4307/4/6 4283/4/6 4308/4/6
f 4260/5/6 4275/5/6 4310/5/6
f 4275/5/6 4294/5/6 4310/5/6
f 4299/5/6 4280/5/6 4311/5/6
f 4280/5/6 4263/5/6 4311/5/6
f 4309/5/6 4310/5/6 4315/5/6
f 4315/5/6 4310/5/6 4316/5/6
f 4310/5/6 4294/5/6 4317/5/6
f 4316/5/6 4310/5/6 4317/5/6
f 4299/5/6 4311/5/6 4318/5/6
f 4311/5/6 4312/5/6 4318/5/6
f 4318/5/6 4312/5/6 4319/5/6
f 4319/5/6 4312/5/6 4320/5/6
f 4317/5/6 4294/5/6 4323/5/6
f 4323/5/6 4294/5/6 4324/5/6
f 4299/5/6 4318/5/6 4325/5/6
f 4325/5/6 4318/5/6 4326/5/6
f 4313/4/6 4314/4/6 4327/4/6
f 4327/4/6 4314/4/6 4328/4/6
f 4321/4/6 4322/4/6 4329/4/6
f 4329/4/6 4322/4/6 4330/4/6
f 4331/6/6 4332/6/6 4335/6/6
f 4335/6/6 4332/6/6 4336/6/6
f 4327/2/6 4328/2/6 4337/2/6
f 4337/2/6 4328/2/6 4338/2/6
f 4329/2/6 4330/2/6 4339/2/6
f 4339/2/6 4330/2/6 4340/2/6
f 4333/6/6 4334/6/6 4341/6/6
f 4341/6/6 4334/6/6 4342/6/6
f 4335/3/6 4336/3/6 4343/3/6
f 4343/3/6 4336/3/6 4344/3/6
f 4341/3/6 4342/3/6 4345/3/6
f 4345/3/6 4342/3/6 4346/3/6
f 4337/4/6 4338/4/6 4347/4/6
f 4347/4/6 4338/4/6 4348/4/6
f 4339/4/6 4340/4/6 4349/4/6
f 4349/4/6 4340/4/6 4350/4/6
f 4347/3/6 4348/3/6 4351/3/6
f 4351/3/6 4348/3/6 4352/3/6
f 4349/3/6 4350/3/6 4355/3/6
f 4355/3/6 4350/3/6 4356/3/6
f 4352/9/6 4353/9/6 4357/9/6
f 4354/9/6 4355/9/6 4358/9/6
f 4352/9/6 4357/9/6 4359/9/6
f 4359/9/6 4357/9/6 4360/9/6
f 4358/9/6 4355/9/6 4361/9/6
f 4361/9/6 4355/9/6 4362/9/6
f 4363/3/6 4364/3/6 4366/3/6
f 4366/3/6 4364/3/6 4367/3/6
f 4365/4/6 4366/4/6 4370/4/6
f 4370/4/6 4366/4/6 4371/4/6
f 4367/4/6 4368/4/6 4372/4/6
f 4372/4/6 4368/4/6 4373/4/6
f 4369/4/6 4370/4/6 4376/4/6
f 4373/4/6 4374/4/6 4377/4/6
f 4375/3/6 4376/3/6 4379/3/6
f 4376/4/6 4370/4/6 4379/4/6
f 4379/4/6 4370/4/6 4380/4/6
f 4373/4/6 4377/4/6 4381/4/6
f 4377/3/6 4378/3/6 4382/3/6
f 4381/4/6 4377/4/6 4382/4/6
f 4375/3/6 4379/3/6 4383/3/6
f 4383/3/6 4379/3/6 4384/3/6
f 4382/3/6 4378/3/6 4385/3/6
f 4385/3/6 4378/3/6 4386/3/6
f 4383/2/6 4384/2/6 4387/2/6
f 4387/2/6 4384/2/6 4388/2/6
f 4385/2/6 4386/2/6 4389/2/6
f 4389/2/6 4386/2/6 4390/2/6
f 4391/4/6 4392/4/6 4396/4/6
f 4396/4/6 4392/4/6 4397/4/6
f 4393/4/6 4394/4/6 4398/4/6
f 4398/4/6 4394/4/6 4399/4/6
f 4395/4/6 4396/4/6 4402/4/6
f 4396/3/6 4397/3/6 4403/3/6
f 4402/4/6 4396/4/6 4403/4/6
f 4403/3/6 4397/3/6 4404/3/6
f 4398/3/6 4399/3/6 4405/3/6
f 4399/4/6 4400/4/6 4406/4/6
f 4405/3/6 4399/3/6 4406/3/6
f 4406/4/6 4400/4/6 4407/4/6
f 4401/4/6 4402/4/6 4409/4/6
f 4403/3/6 4404/3/6 4410/3/6
f 4409/4/6 4402/4/6 4410/4/6
f 4402/3/6 4403/3/6 4410/3/6
f 4407/4/6 4408/4/6 4411/4/6
f 4406/3/6 4407/3/6 4411/3/6
f 4405/3/6 4406/3/6 4411/3/6
f 4411/4/6 4408/4/6 4412/4/6
f 4410/3/6 4404/3/6 4413/3/6
f 4409/3/6 4410/3/6 4413/3/6
f 4413/3/6 4404/3/6 4414/3/6
f 4411/3/6 4412/3/6 4415/3/6
f 4405/3/6 4411/3/6 4415/3/6
f 4415/3/6 4412/3/6 4416/3/6
f 4409/3/6 4413/3/6 4417/3/6
f 4417/3/6 4413/3/6 4418/3/6
f 4416/3/6 4412/3/6 4421/3/6
f 4421/3/6 4412/3/6 4422/3/6
f 4409/3/6 4417/3/6 4423/3/6
f 4423/3/6 4417/3/6 4424/3/6
f 4422/3/6 4412/3/6 4425/3/6
f 4425/3/6 4412/3/6 4426/3/6
f 4409/3/6 4423/3/6 4427/3/6
f 4423/2/6 4424/2/6 4428/2/6
f 4427/3/6 4423/3/6 4428/3/6
f 4418/2/6 4419/2/6 4429/2/6
f 4429/2/6 4419/2/6 4430/2/6
f 4420/2/6 4421/2/6 4431/2/6
f 4431/2/6 4421/2/6 4432/2/6
f 4426/3/6 4412/3/6 4433/3/6
f 4425/2/6 4426/2/6 4433/2/6
f 4433/3/6 4412/3/6 4434/3/6
f 4427/2/6 4428/2/6 4435/2/6
f 4428/2/6 4424/2/6 4436/2/6
f 4435/2/6 4428/2/6 4436/2/6
f 4429/3/6 4430/3/6 4437/3/6
f 4431/3/6 4432/3/6 4438/3/6
f 4425/2/6 4433/2/6 4439/2/6
f 4433/2/6 4434/2/6 4439/2/6
f 4439/2/6 4434/2/6 4440/2/6
f 4436/4/6 4437/4/6 4442/4/6
f 4437/3/6 4430/3/6 4443/3/6
f 4442/4/6 4437/4/6 4443/4/6
f 4443/3/6 4430/3/6 4444/3/6
f 4431/3/6 4438/3/6 4445/3/6
f 4438/4/6 4439/4/6 4446/4/6
f 4445/3/6 4438/3/6 4446/3/6
f 4446/4/6 4439/4/6 4447/4/6
f 4441/4/6 4442/4/6 4449/4/6
f 4449/4/6 4442/4/6 4450/4/6
f 4447/4/6 4448/4/6 4451/4/6
f 4451/4/6 4448/4/6 4452/4/6
f 4449/3/6 4450/3/6 4453/3/6
f 4443/4/6 4444/4/6 4454/4/6
f 4444/3/6 4430/3/6 4455/3/6
f 4454/4/6 4444/4/6 4455/4/6
f 4455/3/6 4430/3/6 4456/3/6
f 4431/3/6 4445/3/6 4459/3/6
f 4445/4/6 4446/4/6 4460/4/6
f 4459/3/6 4445/3/6 4460/3/6
f 4460/4/6 4446/4/6 4461/4/6
f 4451/3/6 4452/3/6 4462/3/6
f 4456/3/6 4457/3/6 4463/3/6
f 4455/3/6 4456/3/6 4463/3/6
f 4463/3/6 4457/3/6 4464/3/6
f 4458/3/6 4459/3/6 4465/3/6
f 4459/3/6 4460/3/6 4465/3/6
f 4465/3/6 4460/3/6 4466/3/6
f 4441/4/6 4449/4/6 4467/4/6
f 4453/3/6 4454/3/6 4468/3/6
f 4467/4/6 4449/4/6 4468/4/6
f 4449/3/6 4453/3/6 4468/3/6
f 4463/4/6 4464/4/6 4469/4/6
f 4464/3/6 4457/3/6 4470/3/6
f 4469/4/6 4464/4/6 4470/4/6
f 4470/3/6 4457/3/6 4471/3/6
f 4458/3/6 4465/3/6 4472/3/6
f 4465/4/6 4466/4/6 4473/4/6
f 4472/3/6 4465/3/6 4473/3/6
f 4473/4/6 4466/4/6 4474/4/6
f 4461/3/6 4462/3/6 4475/3/6
f 4452/4/6 4448/4/6 4475/4/6
f 4462/3/6 4452/3/6 4475/3/6
f 4475/4/6 4448/4/6 4476/4/6
f 4467/3/6 4468/3/6 4477/3/6
f 4468/3/6 4454/3/6 4478/3/6
f 4477/3/6 4468/3/6 4478/3/6
f 4475/3/6 4476/3/6 4479/3/6
f 4461/3/6 4475/3/6 4479/3/6
f 4479/3/6 4476/3/6 4480/3/6
f 4477/4/6 4478/4/6 4481/4/6
f 4478/3/6 4454/3/6 4482/3/6
f 4481/4/6 4478/4/6 4482/4/6
f 4461/3/6 4479/3/6 4483/3/6
f 4479/4/6 4480/4/6 4483/4/6
f 4483/4/6 4480/4/6 4484/4/6
f 4481/3/6 4482/3/6 4485/3/6
f 4482/3/6 4454/3/6 4486/3/6
f 4485/3/6 4482/3/6 4486/3/6
f 4461/3/6 4483/3/6 4487/3/6
f 4483/3/6 4484/3/6 4487/3/6
f 4487/3/6 4484/3/6 4488/3/6
f 4489/4/6 4490/4/6 4499/4/6
f 4490/3/6 4491/3/6 4500/3/6
f 4499/4/6 4490/4/6 4500/4/6
f 4500/3/6 4491/3/6 4501/3/6
f 4492/9/6 4493/9/6 4502/9/6
f 4502/9/6 4493/9/6 4503/9/6
f 4494/9/6 4495/9/6 4504/9/6
f 4504/9/6 4495/9/6 4505/9/6
f 4496/3/6 4497/3/6 4506/3/6
f 4497/4/6 4498/4/6 4507/4/6
f 4506/3/6 4497/3/6 4507/3/6
f 4507/4/6 4498/4/6 4508/4/6
f 4489/4/6 4499/4/6 4509/4/6
f 4500/3/6 4501/3/6 4510/3/6
f 4509/4/6 4499/4/6 4510/4/6
f 4499/3/6 4500/3/6 4510/3/6
f 4510/3/6 4501/3/6 4511/3/6
f 4507/3/6 4508/3/6 4512/3/6
f 4506/3/6 4507/3/6 4512/3/6
f 4508/4/6 4498/4/6 4513/4/6
f 4512/3/6 4508/3/6 4513/3/6
f 4513/4/6 4498/4/6 4514/4/6
f 4510/2/6 4511/2/6 4515/2/6
f 4509/2/6 4510/2/6 4515/2/6
f 4515/2/6 4511/2/6 4516/2/6
f 4513/2/6 4514/2/6 4517/2/6
f 4512/2/6 4513/2/6 4517/2/6
f 4517/2/6 4514/2/6 4518/2/6
f 4515/3/6 4516/3/6 4519/3/6
f 4519/3/6 4516/3/6 4520/3/6
f 4517/3/6 4518/3/6 4521/3/6
f 4521/3/6 4518/3/6 4522/3/6
f 4523/3/6 4524/3/6 4526/3/6
f 4526/3/6 4524/3/6 4527/3/6
f 4525/3/6 4526/3/6 4530/3/6
f 4527/3/6 4528/3/6 4530/3/6
f 4526/3/6 4527/3/6 4530/3/6
f 4530/3/6 4528/3/6 4531/3/6
f 4529/4/6 4530/4/6 4534/4/6
f 4534/4/6 4530/4/6 4535/4/6
f 4531/4/6 4532/4/6 4536/4/6
f 4536/4/6 4532/4/6 4537/4/6
f 4533/4/6 4534/4/6 4539/4/6
f 4539/4/6 4534/4/6 4540/4/6
f 4537/4/6 4538/4/6 4541/4/6
f 4541/4/6 4538/4/6 4542/4/6
f 4539/9/6 4540/9/6 4543/9/6
f 4543/9/6 4540/9/6 4544/9/6
f 4541/9/6 4542/9/6 4545/9/6
f 4545/9/6 4542/9/6 4546/9/6
f 4543/4/6 4544/4/6 4547/4/6
f 4547/4/6 4544/4/6 4548/4/6
f 4545/4/6 4546/4/6 4549/4/6
f 4549/4/6 4546/4/6 4550/4/6
f 4547/9/6 4548/9/6 4551/9/6
f 4549/9/6 4550/9/6 4552/9/6
f 4547/9/6 4551/9/6 4553/9/6
f 4552/9/6 4550/9/6 4554/9/6
f 4547/9/6 4553/9/6 4555/9/6
f 4555/9/6 4553/9/6 4556/9/6
f 4554/9/6 4550/9/6 4557/9/6
f 4557/9/6 4550/9/6 4558/9/6
f 4555/4/6 4556/4/6 4559/4/6
f 4559/4/6 4556/4/6 4560/4/6
f 4557/4/6 4558/4/6 4561/4/6
f 4561/4/6 4558/4/6 4562/4/6
f 4559/3/6 4560/3/6 4563/3/6
f 4561/3/6 4562/3/6 4564/3/6
f 4559/3/6 4563/3/6 4565/3/6
f 4564/3/6 4562/3/6 4568/3/6
f 4565/3/6 4566/3/6 4569/3/6
f 4567/3/6 4568/3/6 4570/3/6
f 4565/3/6 4569/3/6 4571/3/6
f 4559/3/6 4565/3/6 4571/3/6
f 4571/3/6 4569/3/6 4572/3/6
f 4570/3/6 4568/3/6 4573/3/6
f 4568/3/6 4562/3/6 4574/3/6
f 4573/3/6 4568/3/6 4574/3/6
f 4575/4/6 4576/4/6 4580/4/6
f 4580/4/6 4576/4/6 4581/4/6
f 4577/4/6 4578/4/6 4582/4/6
f 4582/4/6 4578/4/6 4583/4/6
f 4579/4/6 4580/4/6 4585/4/6
f 4580/3/6 4581/3/6 4586/3/6
f 4585/4/6 4580/4/6 4586/4/6
f 4586/3/6 4581/3/6 4587/3/6
f 4582/3/6 4583/3/6 4588/3/6
f 4583/4/6 4584/4/6 4589/4/6
f 4588/3/6 4583/3/6 4589/3/6
f 4589/4/6 4584/4/6 4590/4/6
f 4587/3/6 4588/3/6 4591/3/6
f 4586/3/6 4587/3/6 4591/3/6
f 4589/3/6 4590/3/6 4591/3/6
f 4588/3/6 4589/3/6 4591/3/6
f 4585/3/6 4586/3/6 4591/3/6
f 4591/3/6 4590/3/6 4592/3/6
f 4592/3/6 4590/3/6 4593/3/6
f 4593/3/6 4590/3/6 4594/3/6
f 4591/4/6 4592/4/6 4595/4/6
f 4595/4/6 4592/4/6 4596/4/6
f 4593/4/6 4594/4/6 4597/4/6
f 4597/4/6 4594/4/6 4598/4/6
f 4596/4/6 4597/4/6 4599/4/6
f 4599/4/6 4597/4/6 4600/4/6
f 4600/4/6 4597/4/6 4601/4/6
f 4601/4/6 4597/4/6 4602/4/6
f 4600/3/6 4601/3/6 4604/3/6
f 4604/3/6 4601/3/6 4605/3/6
f 4603/3/6 4604/3/6 4607/3/6
f 4605/3/6 4606/3/6 4607/3/6
f 4604/3/6 4605/3/6 4607/3/6
f 4607/3/6 4606/3/6 4608/3/6
f 4607/2/6 4608/2/6 4609/2/6
f 4609/2/6 4608/2/6 4610/2/6
f 4609/3/6 4610/3/6 4612/3/6
f 4612/3/6 4610/3/6 4613/3/6
f 4612/3/6 4613/3/6 4615/3/6
f 4613/3/6 4614/3/6 4615/3/6
f 4611/3/6 4612/3/6 4615/3/6
f 4615/3/6 4614/3/6 4616/3/6
f 4616/3/6 4614/3/6 4617/3/6
f 4617/3/6 4614/3/6 4618/3/6
f 4616/4/6 4617/4/6 4619/4/6
f 4619/4/6 4617/4/6 4620/4/6
f 4621/3/6 4622/3/6 4624/3/6
f 4624/3/6 4622/3/6 4625/3/6
f 4623/9/6 4624/9/6 4627/9/6
f 4625/9/6 4626/9/6 4627/9/6
f 4624/9/6 4625/9/6 4627/9/6
f 4627/9/6 4626/9/6 4628/9/6
f 4628/9/6 4626/9/6 4629/9/6
f 4629/9/6 4626/9/6 4630/9/6
f 4627/4/6 4628/4/6 4631/4/6
f 4628/3/6 4629/3/6 4632/3/6
f 4631/4/6 4628/4/6 4632/4/6
f 4629/4/6 4630/4/6 4633/4/6
f 4632/3/6 4629/3/6 4633/3/6
f 4633/4/6 4630/4/6 4634/4/6
f 4631/9/6 4632/9/6 4635/9/6
f 4632/9/6 4633/9/6 4635/9/6
f 4633/9/6 4634/9/6 4635/9/6
f 4635/9/6 4634/9/6 4636/9/6
f 4636/9/6 4634/9/6 4637/9/6
f 4637/9/6 4634/9/6 4638/9/6
f 4635/7/6 4636/7/6 4639/7/6
f 4639/7/6 4636/7/6 4640/7/6
f 4637/7/6 4638/7/6 4641/7/6
f 4641/7/6 4638/7/6 4642/7/6
f 4639/9/6 4640/9/6 4643/9/6
f 4643/9/6 4640/9/6 4644/9/6
f 4641/9/6 4642/9/6 4645/9/6
f 4645/9/6 4642/9/6 4646/9/6
f 4643/4/6 4644/4/6 4647/4/6
f 4645/4/6 4646/4/6 4648/4/6
f 4643/4/6 4647/4/6 4649/4/6
f 4648/4/6 4646/4/6 4650/4/6
f 4651/10/6 4652/10/6 4653/10/6
f 4653/10/6 4652/10/6 4654/10/6
f 4643/4/6 4649/4/6 4657/4/6
f 4657/4/6 4649/4/6 4658/4/6
f 4655/10/6 4656/10/6 4659/10/6
f 4659/10/6 4656/10/6 4660/10/6
f 4650/4/6 4646/4/6 4661/4/6
f 4661/4/6 4646/4/6 4662/4/6
f 4657/3/6 4658/3/6 4663/3/6
f 4661/3/6 4662/3/6 4666/3/6
f 4657/3/6 4663/3/6 4667/3/6
f 4667/3/6 4663/3/6 4668/3/6
f 4664/10/6 4665/10/6 4669/10/6
f 4669/10/6 4665/10/6 4670/10/6
f 4666/3/6 4662/3/6 4671/3/6
f 4671/3/6 4662/3/6 4672/3/6
f 4673/4/6 4674/4/6 4677/4/6
f 4674/3/6 4675/3/6 4678/3/6
f 4677/4/6 4674/4/6 4678/4/6
f 4675/4/6 4676/4/6 4679/4/6
f 4678/3/6 4675/3/6 4679/3/6
f 4679/4/6 4676/4/6 4680/4/6
f 4677/3/6 4678/3/6 4681/3/6
f 4678/3/6 4679/3/6 4681/3/6
f 4679/3/6 4680/3/6 4681/3/6
f 4681/3/6 4680/3/6 4682/3/6
f 4682/3/6 4680/3/6 4683/3/6
f 4683/3/6 4680/3/6 4684/3/6
f 4682/3/6 4683/3/6 4686/3/6
f 4686/3/6 4683/3/6 4687/3/6
f 4685/3/6 4686/3/6 4689/3/6
f 4687/3/6 4688/3/6 4689/3/6
f 4686/3/6 4687/3/6 4689/3/6
f 4689/3/6 4688/3/6 4690/3/6
f 4691/3/6 4692/3/6 4695/3/6
f 4695/3/6 4692/3/6 4696/3/6
f 4696/3/6 4692/3/6 4697/3/6
f 4693/3/6 4694/3/6 4698/3/6
f 4698/3/6 4694/3/6 4699/3/6
f 4699/3/6 4694/3/6 4700/3/6
f 4695/3/6 4696/3/6 4701/3/6
f 4701/3/6 4696/3/6 4702/3/6
f 4699/3/6 4700/3/6 4705/3/6
f 4705/3/6 4700/3/6 4706/3/6
f 4702/3/6 4703/3/6 4707/3/6
f 4701/3/6 4702/3/6 4707/3/6
f 4705/3/6 4706/3/6 4708/3/6
f 4704/3/6 4705/3/6 4708/3/6
f 4707/3/6 4703/3/6 4709/3/6
f 4704/3/6 4708/3/6 4710/3/6
f 4709/3/6 4703/3/6 4711/3/6
f 4711/3/6 4703/3/6 4712/3/6
f 4704/3/6 4710/3/6 4713/3/6
f 4713/3/6 4710/3/6 4714/3/6
f 4709/3/6 4711/3/6 4715/3/6
f 4715/3/6 4711/3/6 4716/3/6
f 4714/3/6 4710/3/6 4717/3/6
f 4717/3/6 4710/3/6 4718/3/6
f 4719/7/6 4720/7/6 4721/7/6
f 4721/7/6 4720/7/6 4722/7/6
f 4723/4/6 4724/4/6 4727/4/6
f 4724/3/6 4725/3/6 4727/3/6
f 4725/4/6 4726/4/6 4728/4/6
f 4727/3/6 4725/3/6 4728/3/6
f 4723/4/6 4727/4/6 4729/4/6
f 4728/4/6 4726/4/6 4730/4/6
f 4723/4/6 4729/4/6 4731/4/6
f 4729/3/6 4730/3/6 4731/3/6
f 4730/4/6 4726/4/6 4732/4/6
f 4731/3/6 4730/3/6 4732/3/6
f 4723/4/6 4731/4/6 4733/4/6
f 4732/4/6 4726/4/6 4734/4/6
f 4723/4/6 4733/4/6 4735/4/6
f 4733/3/6 4734/3/6 4736/3/6
f 4735/4/6 4733/4/6 4736/4/6
f 4734/4/6 4726/4/6 4737/4/6
f 4736/3/6 4734/3/6 4737/3/6
f 4737/4/6 4726/4/6 4738/4/6
f 4735/3/6 4736/3/6 4739/3/6
f 4737/3/6 4738/3/6 4740/3/6
f 4735/3/6 4739/3/6 4741/3/6
f 4739/3/6 4740/3/6 4741/3/6
f 4740/3/6 4738/3/6 4742/3/6
f 4741/3/6 4740/3/6 4742/3/6
f 4743/6/6 4744/6/6 4747/6/6
f 4747/6/6 4744/6/6 4748/6/6
f 4745/6/6 4746/6/6 4749/6/6
f 4749/6/6 4746/6/6 4750/6/6
f 4751/3/6 4752/3/6 4759/3/6
f 4759/3/6 4752/3/6 4760/3/6
f 4753/9/6 4754/9/6 4761/9/6
f 4761/9/6 4754/9/6 4762/9/6
f 4755/9/6 4756/9/6 4763/9/6
f 4763/9/6 4756/9/6 4764/9/6
f 4757/3/6 4758/3/6 4765/3/6
f 4765/3/6 4758/3/6 4766/3/6
f 4767/4/6 4768/4/6 4771/4/6
f 4771/4/6 4768/4/6 4772/4/6
f 4769/4/6 4770/4/6 4773/4/6
f 4773/4/6 4770/4/6 4774/4/6
f 4775/4/6 4776/4/6 4779/4/6
f 4779/4/6 4776/4/6 4780/4/6
f 4777/4/6 4778/4/6 4781/4/6
f 4781/4/6 4778/4/6 4782/4/6
f 4783/7/6 4784/7/6 4785/7/6
f 4785/7/6 4784/7/6 4786/7/6
f 4785/9/6 4786/9/6 4787/9/6
f 4787/9/6 4786/9/6 4788/9/6
f 4787/7/6 4788/7/6 4789/7/6
f 4789/7/6 4788/7/6 4790/7/6
f 4789/9/6 4790/9/6 4791/9/6
f 4791/9/6 4790/9/6 4792/9/6
f 4791/3/6 4792/3/6 4793/3/6
f 4793/3/6 4792/3/6 4794/3/6
f 4795/4/6 4796/4/6 4799/4/6
f 4799/4/6 4796/4/6 4800/4/6
f 4797/4/6 4798/4/6 4801/4/6
f 4801/4/6 4798/4/6 4802/4/6
f 4803/3/6 4804/3/6 4807/3/6
f 4807/3/6 4804/3/6 4808/3/6
f 4805/3/6 4806/3/6 4809/3/6
f 4809/3/6 4806/3/6 4810/3/6
f 4807/4/6 4808/4/6 4811/4/6
f 4811/4/6 4808/4/6 4812/4/6
f 4809/4/6 4810/4/6 4813/4/6
f 4813/4/6 4810/4/6 4814/4/6
f 4815/3/6 4816/3/6 4819/3/6
f 4819/3/6 4816/3/6 4820/3/6
f 4817/3/6 4818/3/6 4821/3/6
f 4821/3/6 4818/3/6 4822/3/6
f 4823/2/6 4824/2/6 4827/2/6
f 4827/2/6 4824/2/6 4828/2/6
f 4825/2/6 4826/2/6 4829/2/6
f 4829/2/6 4826/2/6 4830/2/6
f 4831/2/6 4832/2/6 4835/2/6
f 4835/2/6 4832/2/6 4836/2/6
f 4833/2/6 4834/2/6 4837/2/6
f 4837/2/6 4834/2/6 4838/2/6
