# MagicaVoxel @ Ephtracy

# group
o 

# material
mtllib InterstellarRunner.mtl
usemtl palette

# normals
vn -1 0 0
vn 1 0 0
vn 0 0 1
vn 0 0 -1
vn 0 -1 0
vn 0 1 0

# texcoords
vt 0.306641 0.5
vt 0.369141 0.5
vt 0.666016 0.5
vt 0.673828 0.5
vt 0.677734 0.5
vt 0.814453 0.5
vt 0.822266 0.5

# verts
v -1.7 -0.4 -0.9
v -1.7 -0.4 -1.5
v -1.7 -0.1 -0.9
v -1.7 -0.1 -1.5
v -1.6 -0.5 -0.8
v -1.6 -0.5 -1.6
v -1.6 -0.4 -0.9
v -1.6 -0.4 -1.5
v -1.6 -0.1 -0.9
v -1.6 -0.1 -1.5
v -1.6 0 -0.8
v -1.6 0 -1.6
v -1.5 -0.6 -0.8
v -1.5 -0.6 -1.6
v -1.5 -0.5 -0.6
v -1.5 -0.5 -0.8
v -1.5 -0.5 -1.6
v -1.5 -0.5 -1.8
v -1.5 0 -0.8
v -1.5 0 -1.6
v -1.5 0.1 -0.6
v -1.5 0.1 -0.8
v -1.5 0.1 -1.8
v -1.5 0.5 -1.6
v -1.5 0.5 -2
v -1.5 0.6 -1.6
v -1.5 0.6 -1.7
v -1.5 0.6 -2
v -1.5 0.6 -2.1
v -1.5 0.7 -1.7
v -1.5 0.7 -1.8
v -1.5 0.7 -2.1
v -1.5 0.7 -2.2
v -1.5 0.8 -1.8
v -1.5 0.8 -2.2
v -1.4 0.1 -0.6
v -1.4 0.1 -0.8
v -1.4 0.1 -1.4
v -1.4 0.2 -0.6
v -1.4 0.2 -0.8
v -1.4 0.2 -1.4
v -1.4 0.3 -1.4
v -1.4 0.3 -1.8
v -1.4 0.4 -1.4
v -1.4 0.4 -1.5
v -1.4 0.4 -1.8
v -1.4 0.4 -1.9
v -1.4 0.5 -1.5
v -1.4 0.5 -1.6
v -1.4 0.5 -1.9
v -1.3 -0.8 -1.2
v -1.3 -0.8 -1.3
v -1.3 -0.7 -1.2
v -1.3 -0.7 -1.3
v -1.3 -0.5 -0.5
v -1.3 -0.5 -0.6
v -1.3 -0.5 -1.8
v -1.3 -0.5 -2
v -1.3 -0.4 -0.6
v -1.3 -0.4 -0.9
v -1.3 -0.3 -2
v -1.3 -0.3 -2.1
v -1.3 -0.1 -0.5
v -1.3 -0.1 -0.7
v -1.3 -0.1 -0.9
v -1.3 0 -0.7
v -1.3 0 -0.9
v -1.3 0.1 -1.4
v -1.3 0.1 -1.5
v -1.3 0.1 -1.7
v -1.3 0.1 -1.8
v -1.3 0.1 -2
v -1.3 0.1 -2.1
v -1.3 0.2 -1
v -1.3 0.2 -1.4
v -1.3 0.2 -1.8
v -1.3 0.3 -1
v -1.3 0.3 -1.4
v -1.3 0.3 -1.8
v -1.2 -0.8 -1
v -1.2 -0.8 -1.2
v -1.2 -0.7 -1
v -1.2 -0.7 -1.1
v -1.2 -0.7 -1.2
v -1.2 -0.7 -1.3
v -1.2 -0.6 -1.1
v -1.2 -0.6 -1.3
v -1.2 -0.4 -2
v -1.2 -0.4 -2.2
v -1.2 -0.3 -2
v -1.2 -0.3 -2.1
v -1.2 -0.3 -2.2
v -1.2 -0.3 -2.4
v -1.2 -0.1 -2.2
v -1.2 -0.1 -2.4
v -1.2 0 -2.1
v -1.2 0 -2.2
v -1.1 -0.5 -0.5
v -1.1 -0.5 -0.6
v -1.1 -0.4 -0.6
v -1.1 -0.4 -0.9
v -1.1 -0.4 -2.2
v -1.1 -0.4 -2.4
v -1.1 -0.3 -2.2
v -1.1 -0.3 -2.4
v -1.1 -0.1 -0.5
v -1.1 -0.1 -0.7
v -1.1 -0.1 -0.9
v -1.1 -0.1 -2.2
v -1.1 -0.1 -2.4
v -1.1 0 -2.2
v -1.1 0 -2.4
v -0.9 -0.5 -0.5
v -0.9 -0.5 -0.6
v -0.9 -0.4 -0.6
v -0.9 -0.4 -0.9
v -0.9 -0.3 -2.2
v -0.9 -0.3 -2.4
v -0.9 -0.1 -0.5
v -0.9 -0.1 -0.7
v -0.9 -0.1 -0.8
v -0.9 -0.1 -0.9
v -0.9 -0.1 -2.2
v -0.9 -0.1 -2.4
v -0.9 0.1 -0.7
v -0.9 0.1 -0.8
v -0.7 -0.4 -0.6
v -0.7 -0.4 -0.9
v -0.7 -0.1 -0.7
v -0.7 -0.1 -0.9
v -0.7 0 -0.6
v -0.7 0 -0.7
v -0.7 0.1 -0.6
v -0.7 0.1 -0.7
v -0.6 -0.5 -0.5
v -0.6 -0.5 -0.6
v -0.6 -0.4 -0.5
v -0.6 -0.4 -0.6
v -0.6 -0.3 -2
v -0.6 -0.3 -2.1
v -0.6 0 -0.5
v -0.6 0 -0.6
v -0.6 0 -2
v -0.6 0.1 -0.5
v -0.6 0.1 -0.6
v -0.6 0.1 -1.3
v -0.6 0.1 -1.4
v -0.6 0.1 -2
v -0.6 0.1 -2.1
v -0.6 0.1 -2.2
v -0.6 0.2 -1.3
v -0.6 0.2 -1.7
v -0.6 0.3 -1.7
v -0.6 0.3 -1.8
v -0.6 0.3 -2.2
v -0.6 0.3 -2.4
v -0.6 0.4 -1.8
v -0.6 0.4 -2.4
v -0.5 -0.4 -0.4
v -0.5 -0.4 -0.5
v -0.5 -0.3 -0.4
v -0.5 -0.3 -0.5
v -0.5 -0.1 -2.1
v -0.5 -0.1 -2.2
v -0.5 0 -0.4
v -0.5 0 -0.5
v -0.5 0.1 -0.4
v -0.5 0.1 -0.5
v -0.5 0.1 -0.6
v -0.5 0.1 -0.7
v -0.5 0.1 -1.1
v -0.5 0.1 -1.2
v -0.5 0.1 -2.1
v -0.5 0.1 -2.2
v -0.5 0.2 -0.6
v -0.5 0.2 -1.1
v -0.5 0.2 -1.2
v -0.4 -0.5 -1.8
v -0.4 -0.5 -2.2
v -0.4 -0.4 -1.7
v -0.4 -0.4 -1.8
v -0.4 -0.4 -2.1
v -0.4 -0.4 -2.2
v -0.4 -0.3 -0.2
v -0.4 -0.3 -0.3
v -0.4 -0.3 -0.4
v -0.4 -0.3 -1.7
v -0.4 -0.3 -1.9
v -0.4 -0.3 -2
v -0.4 -0.3 -2.1
v -0.4 -0.1 -0.1
v -0.4 -0.1 -0.2
v -0.4 -0.1 -0.3
v -0.4 0 0.0999999
v -0.4 0 -0.1
v -0.4 0 -0.2
v -0.4 0 -0.4
v -0.4 0.1 0.0999999
v -0.4 0.1 -0.4
v -0.4 0.2 -0.6
v -0.4 0.2 -1.1
v -0.4 0.2 -1.2
v -0.4 0.3 -0.6
v -0.4 0.3 -1.1
v -0.4 0.3 -1.2
v -0.3 -0.2 1.6
v -0.3 -0.2 1.1
v -0.3 -0.2 0.6
v -0.3 -0.2 0.4
v -0.3 -0.2 -0.2
v -0.3 -0.1 2.6
v -0.3 -0.1 2.2
v -0.3 -0.1 1.6
v -0.3 -0.1 1.5
v -0.3 -0.1 1.1
v -0.3 -0.1 0.9
v -0.3 -0.1 0.6
v -0.3 -0.1 0.4
v -0.3 -0.1 -0.1
v -0.3 -0.1 -0.2
v -0.3 0 2.6
v -0.3 0 2.2
v -0.3 0 1.8
v -0.3 0 1.5
v -0.3 0 1.2
v -0.3 0 0.9
v -0.3 0 0.0999999
v -0.3 0 -0.1
v -0.3 0.1 2.6
v -0.3 0.1 1.8
v -0.3 0.1 1.2
v -0.3 0.1 0.4
v -0.3 0.1 0.0999999
v -0.3 0.1 -0.6
v -0.3 0.1 -1.2
v -0.3 0.1 -1.9
v -0.3 0.2 0.4
v -0.3 0.2 -0.4
v -0.3 0.2 -0.5
v -0.3 0.2 -1.2
v -0.3 0.2 -1.5
v -0.3 0.2 -1.6
v -0.3 0.2 -1.8
v -0.3 0.2 -1.9
v -0.3 0.3 -0.5
v -0.3 0.3 -0.6
v -0.3 0.3 -1.1
v -0.3 0.3 -1.2
v -0.3 0.3 -1.4
v -0.3 0.3 -1.5
v -0.3 0.3 -1.6
v -0.3 0.3 -1.8
v -0.3 0.4 -0.4
v -0.3 0.4 -0.5
v -0.3 0.4 -0.6
v -0.3 0.4 -1.1
v -0.3 0.4 -1.2
v -0.3 0.4 -1.4
v -0.3 0.5 -0.5
v -0.3 0.5 -0.6
v -0.2 -0.3 1.6
v -0.2 -0.3 -0.2
v -0.2 -0.2 2.6
v -0.2 -0.2 1.6
v -0.2 -0.2 1.1
v -0.2 -0.2 0.6
v -0.2 -0.2 0.4
v -0.2 -0.2 -0.2
v -0.2 -0.1 2.7
v -0.2 -0.1 2.6
v -0.2 -0.1 2.2
v -0.2 -0.1 1.6
v -0.2 0 2.7
v -0.2 0 2.6
v -0.2 0.1 2.7
v -0.2 0.1 2.6
v -0.2 0.1 1.9
v -0.2 0.1 1.8
v -0.2 0.1 1.5
v -0.2 0.1 1.2
v -0.2 0.1 0.4
v -0.2 0.1 -1.9
v -0.2 0.1 -2
v -0.2 0.2 2.6
v -0.2 0.2 1.9
v -0.2 0.2 1.5
v -0.2 0.2 0.4
v -0.2 0.2 -0.1
v -0.2 0.2 -0.4
v -0.2 0.2 -1.8
v -0.2 0.2 -1.9
v -0.2 0.2 -2
v -0.2 0.3 0.4
v -0.2 0.3 -0.1
v -0.2 0.3 -0.2
v -0.2 0.3 -0.4
v -0.2 0.3 -1.4
v -0.2 0.3 -1.5
v -0.2 0.3 -1.6
v -0.2 0.3 -1.7
v -0.2 0.3 -1.8
v -0.2 0.3 -1.9
v -0.2 0.4 -0.2
v -0.2 0.4 -0.4
v -0.2 0.4 -0.6
v -0.2 0.4 -0.7
v -0.2 0.4 -1.1
v -0.2 0.4 -1.2
v -0.2 0.4 -1.4
v -0.2 0.4 -1.5
v -0.2 0.4 -1.6
v -0.2 0.4 -1.7
v -0.2 0.5 -0.5
v -0.2 0.5 -0.6
v -0.2 0.5 -0.7
v -0.2 0.5 -1
v -0.2 0.5 -1.1
v -0.2 0.5 -1.2
v -0.2 0.5 -1.4
v -0.2 0.6 -0.5
v -0.2 0.6 -1
v -0.1 -0.2 2.7
v -0.1 -0.2 2.6
v -0.1 -0.1 2.8
v -0.1 -0.1 2.7
v -0.1 -0.1 2.6
v -0.1 0 2.8
v -0.1 0 2.7
v -0.1 0.1 2.8
v -0.1 0.1 2.7
v -0.1 0.1 2.6
v -0.1 0.2 2.7
v -0.1 0.2 2.6
v -0.1 0.2 0.6
v -0.1 0.2 0.4
v -0.1 0.3 0.6
v -0.1 0.3 0.4
v -0.1 0.3 -0.1
v -0.1 0.3 -0.2
v -0.1 0.4 -0.1
v -0.1 0.4 -0.2
v -0.1 0.4 -0.4
v -0.1 0.4 -0.5
v -0.1 0.5 -0.4
v -0.1 0.5 -0.5
v 0.0999999 0.5 -0.6
v 0.0999999 0.5 -0.8
v 0.0999999 0.5 -1
v 0.0999999 0.6 -0.6
v 0.0999999 0.6 -1
v 0.3 -0.5 -0.5
v 0.3 -0.5 -1
v 0.3 -0.5 -1.8
v 0.3 -0.5 -2.2
v 0.3 -0.4 -0.4
v 0.3 -0.4 -0.5
v 0.3 -0.4 -1.7
v 0.3 -0.4 -1.8
v 0.3 -0.4 -2.1
v 0.3 -0.4 -2.2
v 0.3 -0.3 -0.4
v 0.3 -0.3 -1
v 0.3 -0.3 -1.7
v 0.3 -0.3 -1.9
v 0.3 -0.3 -2
v 0.3 -0.3 -2.1
v 0.4 -0.2 -1.9
v 0.4 -0.2 -2
v 0.4 -0.1 -2
v 0.4 -0.1 -2.1
v 0.4 -0.1 -2.2
v 0.4 0 -1.9
v 0.4 0 -2
v 0.4 0 -2.1
v 0.4 0 -2.2
v 0.5 -0.5 -1
v 0.5 -0.5 -1.6
v 0.5 -0.3 -1
v 0.5 -0.3 -1.4
v 0.5 -0.3 -1.6
v 0.5 -0.3 -2
v 0.5 -0.3 -2.1
v 0.5 -0.1 -2
v 0.5 -0.1 -2.1
v 0.5 0.1 -1.3
v 0.5 0.1 -2
v 0.5 0.1 -2.2
v 0.5 0.2 -1.3
v 0.5 0.2 -1.7
v 0.5 0.3 -1.7
v 0.5 0.3 -1.8
v 0.5 0.3 -2.2
v 0.5 0.3 -2.4
v 0.5 0.4 -1.8
v 0.5 0.4 -2.4
v 0.7 -0.6 -0.8
v 0.7 -0.6 -1.6
v 0.7 -0.5 -0.8
v 0.7 -0.5 -1.6
v 0.7 -0.5 -2
v 0.7 -0.3 -1.6
v 0.7 -0.3 -2
v 0.7 -0.3 -2.1
v 0.7 0 -2
v 0.7 0.1 -0.6
v 0.7 0.1 -0.8
v 0.7 0.1 -1.2
v 0.7 0.1 -2
v 0.7 0.1 -2.1
v 0.7 0.2 -0.6
v 0.7 0.2 -0.8
v 0.7 0.2 -1.2
v 0.8 -0.5 -0.5
v 0.8 -0.5 -0.6
v 0.8 -0.4 -0.6
v 0.8 -0.4 -0.9
v 0.8 -0.4 -2
v 0.8 -0.4 -2.2
v 0.8 -0.3 -2
v 0.8 -0.3 -2.1
v 0.8 -0.3 -2.2
v 0.8 -0.3 -2.4
v 0.8 -0.1 -0.5
v 0.8 -0.1 -0.7
v 0.8 -0.1 -0.9
v 0.8 -0.1 -2.2
v 0.8 -0.1 -2.4
v 0.8 0 -2.1
v 0.8 0 -2.2
v 0.9 -0.4 -2.2
v 0.9 -0.4 -2.4
v 0.9 -0.3 -2.2
v 0.9 -0.3 -2.4
v 0.9 -0.1 -2.2
v 0.9 -0.1 -2.4
v 0.9 0 -2.2
v 0.9 0 -2.4
v 0.9 0.1 -1.2
v 0.9 0.1 -1.4
v 0.9 0.2 -1.2
v 0.9 0.2 -1.4
v 1 -0.8 -1.2
v 1 -0.8 -1.3
v 1 -0.7 -1.2
v 1 -0.7 -1.3
v 1 -0.5 -0.5
v 1 -0.5 -0.6
v 1 -0.4 -0.6
v 1 -0.4 -0.9
v 1 -0.1 -0.5
v 1 -0.1 -0.7
v 1 -0.1 -0.8
v 1 -0.1 -0.9
v 1 0.1 -0.7
v 1 0.1 -0.8
v 1.1 -0.8 -1
v 1.1 -0.8 -1.2
v 1.1 -0.7 -1
v 1.1 -0.7 -1.1
v 1.1 -0.7 -1.2
v 1.1 -0.7 -1.3
v 1.1 -0.6 -1.1
v 1.1 -0.6 -1.3
v 1.1 -0.3 -2.2
v 1.1 -0.3 -2.4
v 1.1 -0.1 -2.2
v 1.1 -0.1 -2.4
v 1.1 0.1 -1.4
v 1.1 0.1 -1.8
v 1.1 0.2 -1.4
v 1.1 0.2 -1.8
v 1.2 -0.5 -0.5
v 1.2 -0.5 -0.6
v 1.2 -0.4 -0.6
v 1.2 -0.4 -0.9
v 1.2 -0.1 -0.5
v 1.2 -0.1 -0.7
v 1.2 -0.1 -0.9
v 1.2 0.2 -1
v 1.2 0.2 -1.8
v 1.2 0.3 -1
v 1.2 0.3 -1.8
v 1.3 0.3 -1.4
v 1.3 0.3 -1.8
v 1.3 0.4 -1.4
v 1.3 0.4 -1.5
v 1.3 0.4 -1.8
v 1.3 0.4 -1.9
v 1.3 0.5 -1.5
v 1.3 0.5 -1.9
v 1.4 -0.4 -0.6
v 1.4 -0.4 -0.8
v 1.4 -0.4 -0.9
v 1.4 -0.1 -0.9
v 1.4 0 -0.7
v 1.4 0 -0.8
v 1.4 0 -0.9
v 1.4 0.1 -0.6
v 1.4 0.1 -0.7
v 1.4 0.5 -1.6
v 1.4 0.5 -1.9
v 1.4 0.5 -2
v 1.4 0.6 -1.6
v 1.4 0.6 -1.7
v 1.4 0.6 -2
v 1.4 0.6 -2.1
v 1.4 0.7 -1.7
v 1.4 0.7 -1.8
v 1.4 0.7 -2.1
v 1.4 0.7 -2.2
v 1.4 0.8 -1.8
v 1.4 0.8 -2.2
v -1.4 -0.4 -0.6
v -1.4 -0.4 -0.8
v -1.4 -0.4 -0.9
v -1.4 -0.1 -0.9
v -1.4 0 -0.7
v -1.4 0 -0.8
v -1.4 0 -0.9
v -1.4 0.1 -0.6
v -1.4 0.1 -0.7
v -1.4 0.5 -1.6
v -1.4 0.5 -1.9
v -1.4 0.5 -2
v -1.4 0.6 -1.6
v -1.4 0.6 -1.7
v -1.4 0.6 -2
v -1.4 0.6 -2.1
v -1.4 0.7 -1.7
v -1.4 0.7 -1.8
v -1.4 0.7 -2.1
v -1.4 0.7 -2.2
v -1.4 0.8 -1.8
v -1.4 0.8 -2.2
v -1.3 0.3 -1.4
v -1.3 0.3 -1.8
v -1.3 0.4 -1.4
v -1.3 0.4 -1.5
v -1.3 0.4 -1.8
v -1.3 0.4 -1.9
v -1.3 0.5 -1.5
v -1.3 0.5 -1.9
v -1.2 -0.5 -0.5
v -1.2 -0.5 -0.6
v -1.2 -0.4 -0.6
v -1.2 -0.4 -0.9
v -1.2 -0.1 -0.5
v -1.2 -0.1 -0.7
v -1.2 -0.1 -0.9
v -1.2 0.2 -1
v -1.2 0.2 -1.8
v -1.2 0.3 -1
v -1.2 0.3 -1.8
v -1.1 -0.8 -1
v -1.1 -0.8 -1.2
v -1.1 -0.7 -1
v -1.1 -0.7 -1.1
v -1.1 -0.7 -1.2
v -1.1 -0.7 -1.3
v -1.1 -0.6 -1.1
v -1.1 -0.6 -1.3
v -1.1 -0.3 -2.2
v -1.1 -0.3 -2.4
v -1.1 -0.1 -2.2
v -1.1 -0.1 -2.4
v -1.1 0.1 -1.4
v -1.1 0.1 -1.8
v -1.1 0.2 -1.4
v -1.1 0.2 -1.8
v -1 -0.8 -1.2
v -1 -0.8 -1.3
v -1 -0.7 -1.2
v -1 -0.7 -1.3
v -1 -0.5 -0.5
v -1 -0.5 -0.6
v -1 -0.4 -0.6
v -1 -0.4 -0.9
v -1 -0.1 -0.5
v -1 -0.1 -0.7
v -1 -0.1 -0.8
v -1 -0.1 -0.9
v -1 0.1 -0.7
v -1 0.1 -0.8
v -0.9 -0.4 -2.2
v -0.9 -0.4 -2.4
v -0.9 -0.3 -2.2
v -0.9 -0.3 -2.4
v -0.9 -0.1 -2.2
v -0.9 -0.1 -2.4
v -0.9 0 -2.2
v -0.9 0 -2.4
v -0.9 0.1 -1.2
v -0.9 0.1 -1.4
v -0.9 0.2 -1.2
v -0.9 0.2 -1.4
v -0.8 -0.5 -0.5
v -0.8 -0.5 -0.6
v -0.8 -0.4 -0.6
v -0.8 -0.4 -0.9
v -0.8 -0.4 -2
v -0.8 -0.4 -2.2
v -0.8 -0.3 -2
v -0.8 -0.3 -2.1
v -0.8 -0.3 -2.2
v -0.8 -0.3 -2.4
v -0.8 -0.1 -0.5
v -0.8 -0.1 -0.7
v -0.8 -0.1 -0.9
v -0.8 -0.1 -2.2
v -0.8 -0.1 -2.4
v -0.8 0 -2.1
v -0.8 0 -2.2
v -0.7 -0.6 -0.8
v -0.7 -0.6 -1.6
v -0.7 -0.5 -0.8
v -0.7 -0.5 -1.6
v -0.7 -0.5 -2
v -0.7 -0.3 -1.6
v -0.7 -0.3 -2
v -0.7 -0.3 -2.1
v -0.7 0 -2
v -0.7 0.1 -0.6
v -0.7 0.1 -0.8
v -0.7 0.1 -1.2
v -0.7 0.1 -2
v -0.7 0.1 -2.1
v -0.7 0.2 -0.6
v -0.7 0.2 -0.8
v -0.7 0.2 -1.2
v -0.5 -0.5 -1
v -0.5 -0.5 -1.6
v -0.5 -0.3 -1
v -0.5 -0.3 -1.4
v -0.5 -0.3 -1.6
v -0.5 -0.3 -2
v -0.5 -0.3 -2.1
v -0.5 -0.1 -2
v -0.5 -0.1 -2.1
v -0.5 0.1 -1.3
v -0.5 0.1 -2
v -0.5 0.1 -2.2
v -0.5 0.2 -1.3
v -0.5 0.2 -1.7
v -0.5 0.3 -1.7
v -0.5 0.3 -1.8
v -0.5 0.3 -2.2
v -0.5 0.3 -2.4
v -0.5 0.4 -1.8
v -0.5 0.4 -2.4
v -0.4 -0.2 -1.9
v -0.4 -0.2 -2
v -0.4 -0.1 -2
v -0.4 -0.1 -2.1
v -0.4 -0.1 -2.2
v -0.4 0 -1.9
v -0.4 0 -2
v -0.4 0 -2.1
v -0.4 0 -2.2
v -0.3 -0.5 -0.5
v -0.3 -0.5 -1
v -0.3 -0.5 -1.8
v -0.3 -0.5 -2.2
v -0.3 -0.4 -0.4
v -0.3 -0.4 -0.5
v -0.3 -0.4 -1.7
v -0.3 -0.4 -1.8
v -0.3 -0.4 -2.1
v -0.3 -0.4 -2.2
v -0.3 -0.3 -0.4
v -0.3 -0.3 -1
v -0.3 -0.3 -1.7
v -0.3 -0.3 -1.9
v -0.3 -0.3 -2
v -0.3 -0.3 -2.1
v -0.1 0.5 -0.6
v -0.1 0.5 -0.8
v -0.1 0.5 -1
v -0.1 0.6 -0.6
v -0.1 0.6 -1
v 0.0999999 -0.2 2.7
v 0.0999999 -0.2 2.6
v 0.0999999 -0.1 2.8
v 0.0999999 -0.1 2.7
v 0.0999999 -0.1 2.6
v 0.0999999 0 2.8
v 0.0999999 0 2.7
v 0.0999999 0.1 2.8
v 0.0999999 0.1 2.7
v 0.0999999 0.1 2.6
v 0.0999999 0.2 2.7
v 0.0999999 0.2 2.6
v 0.0999999 0.2 0.6
v 0.0999999 0.2 0.4
v 0.0999999 0.3 0.6
v 0.0999999 0.3 0.4
v 0.0999999 0.3 -0.1
v 0.0999999 0.3 -0.2
v 0.0999999 0.4 -0.1
v 0.0999999 0.4 -0.2
v 0.0999999 0.4 -0.4
v 0.0999999 0.4 -0.5
v 0.0999999 0.5 -0.4
v 0.0999999 0.5 -0.5
v 0.2 -0.3 1.6
v 0.2 -0.3 -0.2
v 0.2 -0.2 2.6
v 0.2 -0.2 1.6
v 0.2 -0.2 1.1
v 0.2 -0.2 0.6
v 0.2 -0.2 0.4
v 0.2 -0.2 -0.2
v 0.2 -0.1 2.7
v 0.2 -0.1 2.6
v 0.2 -0.1 2.2
v 0.2 -0.1 1.6
v 0.2 0 2.7
v 0.2 0 2.6
v 0.2 0.1 2.7
v 0.2 0.1 2.6
v 0.2 0.1 1.9
v 0.2 0.1 1.8
v 0.2 0.1 1.5
v 0.2 0.1 1.2
v 0.2 0.1 0.4
v 0.2 0.1 -1.9
v 0.2 0.1 -2
v 0.2 0.2 2.6
v 0.2 0.2 1.9
v 0.2 0.2 1.5
v 0.2 0.2 0.4
v 0.2 0.2 -0.1
v 0.2 0.2 -0.4
v 0.2 0.2 -1.8
v 0.2 0.2 -1.9
v 0.2 0.2 -2
v 0.2 0.3 0.4
v 0.2 0.3 -0.1
v 0.2 0.3 -0.2
v 0.2 0.3 -0.4
v 0.2 0.3 -1.4
v 0.2 0.3 -1.5
v 0.2 0.3 -1.6
v 0.2 0.3 -1.7
v 0.2 0.3 -1.8
v 0.2 0.3 -1.9
v 0.2 0.4 -0.2
v 0.2 0.4 -0.4
v 0.2 0.4 -0.6
v 0.2 0.4 -0.7
v 0.2 0.4 -1.1
v 0.2 0.4 -1.2
v 0.2 0.4 -1.4
v 0.2 0.4 -1.5
v 0.2 0.4 -1.6
v 0.2 0.4 -1.7
v 0.2 0.5 -0.5
v 0.2 0.5 -0.6
v 0.2 0.5 -0.7
v 0.2 0.5 -1
v 0.2 0.5 -1.1
v 0.2 0.5 -1.2
v 0.2 0.5 -1.4
v 0.2 0.6 -0.5
v 0.2 0.6 -1
v 0.3 -0.2 1.6
v 0.3 -0.2 1.1
v 0.3 -0.2 0.6
v 0.3 -0.2 0.4
v 0.3 -0.2 -0.2
v 0.3 -0.1 2.6
v 0.3 -0.1 2.2
v 0.3 -0.1 1.6
v 0.3 -0.1 1.5
v 0.3 -0.1 1.1
v 0.3 -0.1 0.9
v 0.3 -0.1 0.6
v 0.3 -0.1 0.4
v 0.3 -0.1 -0.1
v 0.3 -0.1 -0.2
v 0.3 0 2.6
v 0.3 0 2.2
v 0.3 0 1.8
v 0.3 0 1.5
v 0.3 0 1.2
v 0.3 0 0.9
v 0.3 0 0.0999999
v 0.3 0 -0.1
v 0.3 0.1 2.6
v 0.3 0.1 1.8
v 0.3 0.1 1.2
v 0.3 0.1 0.4
v 0.3 0.1 0.0999999
v 0.3 0.1 -0.6
v 0.3 0.1 -1.2
v 0.3 0.1 -1.9
v 0.3 0.2 0.4
v 0.3 0.2 -0.4
v 0.3 0.2 -0.5
v 0.3 0.2 -1.2
v 0.3 0.2 -1.5
v 0.3 0.2 -1.6
v 0.3 0.2 -1.8
v 0.3 0.2 -1.9
v 0.3 0.3 -0.5
v 0.3 0.3 -0.6
v 0.3 0.3 -1.1
v 0.3 0.3 -1.2
v 0.3 0.3 -1.4
v 0.3 0.3 -1.5
v 0.3 0.3 -1.6
v 0.3 0.3 -1.8
v 0.3 0.4 -0.4
v 0.3 0.4 -0.5
v 0.3 0.4 -0.6
v 0.3 0.4 -1.1
v 0.3 0.4 -1.2
v 0.3 0.4 -1.4
v 0.3 0.5 -0.5
v 0.3 0.5 -0.6
v 0.4 -0.5 -1.8
v 0.4 -0.5 -2.2
v 0.4 -0.4 -1.7
v 0.4 -0.4 -1.8
v 0.4 -0.4 -2.1
v 0.4 -0.4 -2.2
v 0.4 -0.3 -0.2
v 0.4 -0.3 -0.3
v 0.4 -0.3 -0.4
v 0.4 -0.3 -1.7
v 0.4 -0.3 -1.9
v 0.4 -0.3 -2
v 0.4 -0.3 -2.1
v 0.4 -0.1 -0.1
v 0.4 -0.1 -0.2
v 0.4 -0.1 -0.3
v 0.4 0 0.0999999
v 0.4 0 -0.1
v 0.4 0 -0.2
v 0.4 0 -0.4
v 0.4 0.1 0.0999999
v 0.4 0.1 -0.4
v 0.4 0.2 -0.6
v 0.4 0.2 -1.1
v 0.4 0.2 -1.2
v 0.4 0.3 -0.6
v 0.4 0.3 -1.1
v 0.4 0.3 -1.2
v 0.5 -0.4 -0.4
v 0.5 -0.4 -0.5
v 0.5 -0.3 -0.4
v 0.5 -0.3 -0.5
v 0.5 -0.1 -2.1
v 0.5 -0.1 -2.2
v 0.5 0 -0.4
v 0.5 0 -0.5
v 0.5 0.1 -0.4
v 0.5 0.1 -0.5
v 0.5 0.1 -0.6
v 0.5 0.1 -0.7
v 0.5 0.1 -1.1
v 0.5 0.1 -1.2
v 0.5 0.1 -2.1
v 0.5 0.1 -2.2
v 0.5 0.2 -0.6
v 0.5 0.2 -1.1
v 0.5 0.2 -1.2
v 0.6 -0.5 -0.5
v 0.6 -0.5 -0.6
v 0.6 -0.4 -0.5
v 0.6 -0.4 -0.6
v 0.6 -0.3 -2
v 0.6 -0.3 -2.1
v 0.6 0 -0.5
v 0.6 0 -0.6
v 0.6 0 -2
v 0.6 0.1 -0.5
v 0.6 0.1 -0.6
v 0.6 0.1 -1.3
v 0.6 0.1 -1.4
v 0.6 0.1 -2
v 0.6 0.1 -2.1
v 0.6 0.1 -2.2
v 0.6 0.2 -1.3
v 0.6 0.2 -1.7
v 0.6 0.3 -1.7
v 0.6 0.3 -1.8
v 0.6 0.3 -2.2
v 0.6 0.3 -2.4
v 0.6 0.4 -1.8
v 0.6 0.4 -2.4
v 0.7 -0.4 -0.6
v 0.7 -0.4 -0.9
v 0.7 -0.1 -0.7
v 0.7 -0.1 -0.9
v 0.7 0 -0.6
v 0.7 0 -0.7
v 0.7 0.1 -0.6
v 0.7 0.1 -0.7
v 0.9 -0.5 -0.5
v 0.9 -0.5 -0.6
v 0.9 -0.4 -0.6
v 0.9 -0.4 -0.9
v 0.9 -0.3 -2.2
v 0.9 -0.3 -2.4
v 0.9 -0.1 -0.5
v 0.9 -0.1 -0.7
v 0.9 -0.1 -0.8
v 0.9 -0.1 -0.9
v 0.9 -0.1 -2.2
v 0.9 -0.1 -2.4
v 0.9 0.1 -0.7
v 0.9 0.1 -0.8
v 1.1 -0.5 -0.5
v 1.1 -0.5 -0.6
v 1.1 -0.4 -0.6
v 1.1 -0.4 -0.9
v 1.1 -0.4 -2.2
v 1.1 -0.4 -2.4
v 1.1 -0.3 -2.2
v 1.1 -0.3 -2.4
v 1.1 -0.1 -0.5
v 1.1 -0.1 -0.7
v 1.1 -0.1 -0.9
v 1.1 -0.1 -2.2
v 1.1 -0.1 -2.4
v 1.1 0 -2.2
v 1.1 0 -2.4
v 1.2 -0.8 -1
v 1.2 -0.8 -1.2
v 1.2 -0.7 -1
v 1.2 -0.7 -1.1
v 1.2 -0.7 -1.2
v 1.2 -0.7 -1.3
v 1.2 -0.6 -1.1
v 1.2 -0.6 -1.3
v 1.2 -0.4 -2
v 1.2 -0.4 -2.2
v 1.2 -0.3 -2
v 1.2 -0.3 -2.1
v 1.2 -0.3 -2.2
v 1.2 -0.3 -2.4
v 1.2 -0.1 -2.2
v 1.2 -0.1 -2.4
v 1.2 0 -2.1
v 1.2 0 -2.2
v 1.3 -0.8 -1.2
v 1.3 -0.8 -1.3
v 1.3 -0.7 -1.2
v 1.3 -0.7 -1.3
v 1.3 -0.5 -0.5
v 1.3 -0.5 -0.6
v 1.3 -0.5 -1.8
v 1.3 -0.5 -2
v 1.3 -0.4 -0.6
v 1.3 -0.4 -0.9
v 1.3 -0.3 -2
v 1.3 -0.3 -2.1
v 1.3 -0.1 -0.5
v 1.3 -0.1 -0.7
v 1.3 -0.1 -0.9
v 1.3 0 -0.7
v 1.3 0 -0.9
v 1.3 0.1 -1.4
v 1.3 0.1 -1.5
v 1.3 0.1 -1.7
v 1.3 0.1 -1.8
v 1.3 0.1 -2
v 1.3 0.1 -2.1
v 1.3 0.2 -1
v 1.3 0.2 -1.4
v 1.3 0.2 -1.8
v 1.3 0.3 -1
v 1.3 0.3 -1.4
v 1.3 0.3 -1.8
v 1.4 0.1 -0.6
v 1.4 0.1 -0.8
v 1.4 0.1 -1.4
v 1.4 0.2 -0.6
v 1.4 0.2 -0.8
v 1.4 0.2 -1.4
v 1.4 0.3 -1.4
v 1.4 0.3 -1.8
v 1.4 0.4 -1.4
v 1.4 0.4 -1.5
v 1.4 0.4 -1.8
v 1.4 0.4 -1.9
v 1.4 0.5 -1.5
v 1.4 0.5 -1.6
v 1.4 0.5 -1.9
v 1.5 -0.6 -0.8
v 1.5 -0.6 -1.6
v 1.5 -0.5 -0.6
v 1.5 -0.5 -0.8
v 1.5 -0.5 -1.6
v 1.5 -0.5 -1.8
v 1.5 0 -0.8
v 1.5 0 -1.6
v 1.5 0.1 -0.6
v 1.5 0.1 -0.8
v 1.5 0.1 -1.8
v 1.5 0.5 -1.6
v 1.5 0.5 -2
v 1.5 0.6 -1.6
v 1.5 0.6 -1.7
v 1.5 0.6 -2
v 1.5 0.6 -2.1
v 1.5 0.7 -1.7
v 1.5 0.7 -1.8
v 1.5 0.7 -2.1
v 1.5 0.7 -2.2
v 1.5 0.8 -1.8
v 1.5 0.8 -2.2
v 1.6 -0.5 -0.8
v 1.6 -0.5 -1.6
v 1.6 -0.4 -0.9
v 1.6 -0.4 -1.5
v 1.6 -0.1 -0.9
v 1.6 -0.1 -1.5
v 1.6 0 -0.8
v 1.6 0 -1.6
v 1.7 -0.4 -0.9
v 1.7 -0.4 -1.5
v 1.7 -0.1 -0.9
v 1.7 -0.1 -1.5
v -0.1 -0.1 2.8
v -0.1 0 2.8
v -0.1 0.1 2.8
v 0.0999999 -0.1 2.8
v 0.0999999 0 2.8
v 0.0999999 0.1 2.8
v -0.2 -0.1 2.7
v -0.2 0 2.7
v -0.2 0.1 2.7
v -0.1 -0.2 2.7
v -0.1 -0.1 2.7
v -0.1 0 2.7
v -0.1 0.1 2.7
v -0.1 0.2 2.7
v 0.0999999 -0.2 2.7
v 0.0999999 -0.1 2.7
v 0.0999999 0 2.7
v 0.0999999 0.1 2.7
v 0.0999999 0.2 2.7
v 0.2 -0.1 2.7
v 0.2 0 2.7
v 0.2 0.1 2.7
v -0.3 -0.1 2.6
v -0.3 0 2.6
v -0.3 0.1 2.6
v -0.2 -0.2 2.6
v -0.2 -0.1 2.6
v -0.2 0 2.6
v -0.2 0.1 2.6
v -0.2 0.2 2.6
v -0.1 -0.2 2.6
v -0.1 -0.1 2.6
v -0.1 0.1 2.6
v -0.1 0.2 2.6
v 0.0999999 -0.2 2.6
v 0.0999999 -0.1 2.6
v 0.0999999 0.1 2.6
v 0.0999999 0.2 2.6
v 0.2 -0.2 2.6
v 0.2 -0.1 2.6
v 0.2 0 2.6
v 0.2 0.1 2.6
v 0.2 0.2 2.6
v 0.3 -0.1 2.6
v 0.3 0 2.6
v 0.3 0.1 2.6
v -0.3 -0.2 1.6
v -0.3 -0.1 1.6
v -0.2 -0.3 1.6
v -0.2 -0.2 1.6
v -0.2 -0.1 1.6
v 0.2 -0.3 1.6
v 0.2 -0.2 1.6
v 0.2 -0.1 1.6
v 0.3 -0.2 1.6
v 0.3 -0.1 1.6
v -0.1 0.2 0.6
v -0.1 0.3 0.6
v 0.0999999 0.2 0.6
v 0.0999999 0.3 0.6
v -0.3 0.1 0.4
v -0.3 0.2 0.4
v -0.2 0.1 0.4
v -0.2 0.2 0.4
v -0.2 0.3 0.4
v -0.1 0.2 0.4
v -0.1 0.3 0.4
v 0.0999999 0.2 0.4
v 0.0999999 0.3 0.4
v 0.2 0.1 0.4
v 0.2 0.2 0.4
v 0.2 0.3 0.4
v 0.3 0.1 0.4
v 0.3 0.2 0.4
v -0.4 0 0.0999999
v -0.4 0.1 0.0999999
v -0.3 0 0.0999999
v -0.3 0.1 0.0999999
v 0.3 0 0.0999999
v 0.3 0.1 0.0999999
v 0.4 0 0.0999999
v 0.4 0.1 0.0999999
v -0.4 -0.1 -0.1
v -0.4 0 -0.1
v -0.3 -0.1 -0.1
v -0.3 0 -0.1
v -0.1 0.3 -0.1
v -0.1 0.4 -0.1
v 0.0999999 0.3 -0.1
v 0.0999999 0.4 -0.1
v 0.3 -0.1 -0.1
v 0.3 0 -0.1
v 0.4 -0.1 -0.1
v 0.4 0 -0.1
v -0.4 -0.3 -0.2
v -0.4 -0.1 -0.2
v -0.3 -0.3 -0.2
v -0.3 -0.2 -0.2
v -0.3 -0.1 -0.2
v -0.2 -0.3 -0.2
v -0.2 -0.2 -0.2
v -0.2 0.3 -0.2
v -0.2 0.4 -0.2
v -0.1 0.3 -0.2
v -0.1 0.4 -0.2
v 0.0999999 0.3 -0.2
v 0.0999999 0.4 -0.2
v 0.2 -0.3 -0.2
v 0.2 -0.2 -0.2
v 0.2 0.3 -0.2
v 0.2 0.4 -0.2
v 0.3 -0.3 -0.2
v 0.3 -0.2 -0.2
v 0.3 -0.1 -0.2
v 0.4 -0.3 -0.2
v 0.4 -0.1 -0.2
v -0.5 -0.4 -0.4
v -0.5 -0.3 -0.4
v -0.5 0 -0.4
v -0.5 0.1 -0.4
v -0.4 -0.3 -0.4
v -0.4 0 -0.4
v -0.4 0.1 -0.4
v -0.3 -0.4 -0.4
v -0.3 -0.3 -0.4
v -0.3 0.2 -0.4
v -0.3 0.4 -0.4
v -0.2 0.2 -0.4
v -0.2 0.3 -0.4
v -0.2 0.4 -0.4
v -0.1 0.4 -0.4
v -0.1 0.5 -0.4
v 0.0999999 0.4 -0.4
v 0.0999999 0.5 -0.4
v 0.2 0.2 -0.4
v 0.2 0.3 -0.4
v 0.2 0.4 -0.4
v 0.3 -0.4 -0.4
v 0.3 -0.3 -0.4
v 0.3 0.2 -0.4
v 0.3 0.4 -0.4
v 0.4 -0.3 -0.4
v 0.4 0 -0.4
v 0.4 0.1 -0.4
v 0.5 -0.4 -0.4
v 0.5 -0.3 -0.4
v 0.5 0 -0.4
v 0.5 0.1 -0.4
v -1.3 -0.5 -0.5
v -1.3 -0.1 -0.5
v -1.2 -0.5 -0.5
v -1.2 -0.1 -0.5
v -1.1 -0.5 -0.5
v -1.1 -0.1 -0.5
v -1 -0.5 -0.5
v -1 -0.1 -0.5
v -0.9 -0.5 -0.5
v -0.9 -0.1 -0.5
v -0.8 -0.5 -0.5
v -0.8 -0.1 -0.5
v -0.6 -0.5 -0.5
v -0.6 -0.4 -0.5
v -0.6 0 -0.5
v -0.6 0.1 -0.5
v -0.5 -0.4 -0.5
v -0.5 -0.3 -0.5
v -0.5 0 -0.5
v -0.5 0.1 -0.5
v -0.3 -0.5 -0.5
v -0.3 -0.4 -0.5
v -0.3 0.4 -0.5
v -0.3 0.5 -0.5
v -0.2 0.4 -0.5
v -0.2 0.5 -0.5
v -0.2 0.6 -0.5
v -0.1 0.4 -0.5
v -0.1 0.5 -0.5
v 0.0999999 0.4 -0.5
v 0.0999999 0.5 -0.5
v 0.2 0.4 -0.5
v 0.2 0.5 -0.5
v 0.2 0.6 -0.5
v 0.3 -0.5 -0.5
v 0.3 -0.4 -0.5
v 0.3 0.4 -0.5
v 0.3 0.5 -0.5
v 0.5 -0.4 -0.5
v 0.5 -0.3 -0.5
v 0.5 0 -0.5
v 0.5 0.1 -0.5
v 0.6 -0.5 -0.5
v 0.6 -0.4 -0.5
v 0.6 0 -0.5
v 0.6 0.1 -0.5
v 0.8 -0.5 -0.5
v 0.8 -0.1 -0.5
v 0.9 -0.5 -0.5
v 0.9 -0.1 -0.5
v 1 -0.5 -0.5
v 1 -0.1 -0.5
v 1.1 -0.5 -0.5
v 1.1 -0.1 -0.5
v 1.2 -0.5 -0.5
v 1.2 -0.1 -0.5
v 1.3 -0.5 -0.5
v 1.3 -0.1 -0.5
v -1.5 -0.5 -0.6
v -1.5 0.1 -0.6
v -1.4 -0.5 -0.6
v -1.4 -0.4 -0.6
v -1.4 0.1 -0.6
v -1.4 0.2 -0.6
v -1.3 -0.5 -0.6
v -1.3 -0.4 -0.6
v -1.2 -0.5 -0.6
v -1.2 -0.4 -0.6
v -1.1 -0.5 -0.6
v -1.1 -0.4 -0.6
v -1 -0.5 -0.6
v -1 -0.4 -0.6
v -0.9 -0.5 -0.6
v -0.9 -0.4 -0.6
v -0.8 -0.5 -0.6
v -0.8 -0.4 -0.6
v -0.7 -0.4 -0.6
v -0.7 0 -0.6
v -0.7 0.1 -0.6
v -0.7 0.2 -0.6
v -0.6 -0.5 -0.6
v -0.6 -0.4 -0.6
v -0.6 0 -0.6
v -0.6 0.1 -0.6
v -0.5 0.1 -0.6
v -0.5 0.2 -0.6
v -0.4 0.2 -0.6
v -0.4 0.3 -0.6
v -0.3 0.1 -0.6
v -0.3 0.3 -0.6
v 0.3 0.1 -0.6
v 0.3 0.3 -0.6
v 0.4 0.2 -0.6
v 0.4 0.3 -0.6
v 0.5 0.1 -0.6
v 0.5 0.2 -0.6
v 0.6 -0.5 -0.6
v 0.6 -0.4 -0.6
v 0.6 0 -0.6
v 0.6 0.1 -0.6
v 0.7 -0.4 -0.6
v 0.7 0 -0.6
v 0.7 0.1 -0.6
v 0.7 0.2 -0.6
v 0.8 -0.5 -0.6
v 0.8 -0.4 -0.6
v 0.9 -0.5 -0.6
v 0.9 -0.4 -0.6
v 1 -0.5 -0.6
v 1 -0.4 -0.6
v 1.1 -0.5 -0.6
v 1.1 -0.4 -0.6
v 1.2 -0.5 -0.6
v 1.2 -0.4 -0.6
v 1.3 -0.5 -0.6
v 1.3 -0.4 -0.6
v 1.4 -0.5 -0.6
v 1.4 -0.4 -0.6
v 1.4 0.1 -0.6
v 1.4 0.2 -0.6
v 1.5 -0.5 -0.6
v 1.5 0.1 -0.6
v -1.4 0 -0.7
v -1.4 0.1 -0.7
v -1.3 -0.1 -0.7
v -1.3 0 -0.7
v -1.2 -0.1 -0.7
v -1.2 0 -0.7
v -1.1 -0.1 -0.7
v -1 -0.1 -0.7
v -1 0.1 -0.7
v -0.9 -0.1 -0.7
v -0.9 0.1 -0.7
v -0.8 -0.1 -0.7
v -0.8 0.1 -0.7
v -0.7 -0.1 -0.7
v -0.7 0 -0.7
v -0.7 0.1 -0.7
v 0.7 -0.1 -0.7
v 0.7 0 -0.7
v 0.7 0.1 -0.7
v 0.8 -0.1 -0.7
v 0.8 0.1 -0.7
v 0.9 -0.1 -0.7
v 0.9 0.1 -0.7
v 1 -0.1 -0.7
v 1 0.1 -0.7
v 1.1 -0.1 -0.7
v 1.2 -0.1 -0.7
v 1.2 0 -0.7
v 1.3 -0.1 -0.7
v 1.3 0 -0.7
v 1.4 0 -0.7
v 1.4 0.1 -0.7
v -1.6 -0.5 -0.8
v -1.6 0 -0.8
v -1.5 -0.6 -0.8
v -1.5 -0.5 -0.8
v -1.5 0 -0.8
v -1.4 -0.5 -0.8
v -1 -0.1 -0.8
v -1 0.1 -0.8
v -0.9 -0.1 -0.8
v -0.9 0.1 -0.8
v -0.7 -0.6 -0.8
v -0.7 -0.5 -0.8
v 0.7 -0.6 -0.8
v 0.7 -0.5 -0.8
v 0.9 -0.1 -0.8
v 0.9 0.1 -0.8
v 1 -0.1 -0.8
v 1 0.1 -0.8
v 1.4 -0.5 -0.8
v 1.5 -0.6 -0.8
v 1.5 -0.5 -0.8
v 1.5 0 -0.8
v 1.6 -0.5 -0.8
v 1.6 0 -0.8
v -1.7 -0.4 -0.9
v -1.7 -0.1 -0.9
v -1.6 -0.4 -0.9
v -1.6 -0.1 -0.9
v -1.4 -0.4 -0.9
v -1.4 -0.1 -0.9
v -1.4 0 -0.9
v -1.3 -0.4 -0.9
v -1.3 -0.1 -0.9
v -1.3 0 -0.9
v -1.2 -0.4 -0.9
v -1.2 -0.1 -0.9
v -1.1 -0.4 -0.9
v -1.1 -0.1 -0.9
v -1 -0.4 -0.9
v -1 -0.1 -0.9
v -0.9 -0.4 -0.9
v -0.9 -0.1 -0.9
v -0.8 -0.4 -0.9
v -0.8 -0.1 -0.9
v -0.7 -0.4 -0.9
v -0.7 -0.1 -0.9
v 0.7 -0.4 -0.9
v 0.7 -0.1 -0.9
v 0.8 -0.4 -0.9
v 0.8 -0.1 -0.9
v 0.9 -0.4 -0.9
v 0.9 -0.1 -0.9
v 1 -0.4 -0.9
v 1 -0.1 -0.9
v 1.1 -0.4 -0.9
v 1.1 -0.1 -0.9
v 1.2 -0.4 -0.9
v 1.2 -0.1 -0.9
v 1.3 -0.4 -0.9
v 1.3 -0.1 -0.9
v 1.3 0 -0.9
v 1.4 -0.4 -0.9
v 1.4 -0.1 -0.9
v 1.4 0 -0.9
v 1.6 -0.4 -0.9
v 1.6 -0.1 -0.9
v 1.7 -0.4 -0.9
v 1.7 -0.1 -0.9
v -1.3 0.2 -1
v -1.3 0.3 -1
v -1.2 -0.8 -1
v -1.2 -0.7 -1
v -1.2 0.2 -1
v -1.2 0.3 -1
v -1.1 -0.8 -1
v -1.1 -0.7 -1
v 1.1 -0.8 -1
v 1.1 -0.7 -1
v 1.2 -0.8 -1
v 1.2 -0.7 -1
v 1.2 0.2 -1
v 1.2 0.3 -1
v 1.3 0.2 -1
v 1.3 0.3 -1
v -1.2 -0.7 -1.1
v -1.2 -0.6 -1.1
v -1.1 -0.7 -1.1
v -1.1 -0.6 -1.1
v 1.1 -0.7 -1.1
v 1.1 -0.6 -1.1
v 1.2 -0.7 -1.1
v 1.2 -0.6 -1.1
v -1.3 -0.8 -1.2
v -1.3 -0.7 -1.2
v -1.2 -0.8 -1.2
v -1.2 -0.7 -1.2
v -1.1 -0.8 -1.2
v -1.1 -0.7 -1.2
v -1 -0.8 -1.2
v -1 -0.7 -1.2
v 1 -0.8 -1.2
v 1 -0.7 -1.2
v 1.1 -0.8 -1.2
v 1.1 -0.7 -1.2
v 1.2 -0.8 -1.2
v 1.2 -0.7 -1.2
v 1.3 -0.8 -1.2
v 1.3 -0.7 -1.2
v -0.6 0.1 -1.3
v -0.6 0.2 -1.3
v -0.5 0.1 -1.3
v -0.5 0.2 -1.3
v 0.5 0.1 -1.3
v 0.5 0.2 -1.3
v 0.6 0.1 -1.3
v 0.6 0.2 -1.3
v -1.4 0.3 -1.4
v -1.4 0.4 -1.4
v -1.3 0.3 -1.4
v -1.3 0.4 -1.4
v 1.3 0.3 -1.4
v 1.3 0.4 -1.4
v 1.4 0.3 -1.4
v 1.4 0.4 -1.4
v -1.4 0.4 -1.5
v -1.4 0.5 -1.5
v -1.3 0.4 -1.5
v -1.3 0.5 -1.5
v 1.3 0.4 -1.5
v 1.3 0.5 -1.5
v 1.4 0.4 -1.5
v 1.4 0.5 -1.5
v -1.5 0.5 -1.6
v -1.5 0.6 -1.6
v -1.4 0.5 -1.6
v -1.4 0.6 -1.6
v 1.4 0.5 -1.6
v 1.4 0.6 -1.6
v 1.5 0.5 -1.6
v 1.5 0.6 -1.6
v -1.5 0.6 -1.7
v -1.5 0.7 -1.7
v -1.4 0.6 -1.7
v -1.4 0.7 -1.7
v -0.6 0.2 -1.7
v -0.6 0.3 -1.7
v -0.5 0.2 -1.7
v -0.5 0.3 -1.7
v -0.4 -0.4 -1.7
v -0.4 -0.3 -1.7
v -0.3 -0.4 -1.7
v -0.3 -0.3 -1.7
v 0.3 -0.4 -1.7
v 0.3 -0.3 -1.7
v 0.4 -0.4 -1.7
v 0.4 -0.3 -1.7
v 0.5 0.2 -1.7
v 0.5 0.3 -1.7
v 0.6 0.2 -1.7
v 0.6 0.3 -1.7
v 1.4 0.6 -1.7
v 1.4 0.7 -1.7
v 1.5 0.6 -1.7
v 1.5 0.7 -1.7
v -1.5 0.7 -1.8
v -1.5 0.8 -1.8
v -1.4 0.7 -1.8
v -1.4 0.8 -1.8
v -0.6 0.3 -1.8
v -0.6 0.4 -1.8
v -0.5 0.3 -1.8
v -0.5 0.4 -1.8
v -0.4 -0.5 -1.8
v -0.4 -0.4 -1.8
v -0.3 -0.5 -1.8
v -0.3 -0.4 -1.8
v 0.3 -0.5 -1.8
v 0.3 -0.4 -1.8
v 0.4 -0.5 -1.8
v 0.4 -0.4 -1.8
v 0.5 0.3 -1.8
v 0.5 0.4 -1.8
v 0.6 0.3 -1.8
v 0.6 0.4 -1.8
v 1.4 0.7 -1.8
v 1.4 0.8 -1.8
v 1.5 0.7 -1.8
v 1.5 0.8 -1.8
v -0.3 0.4 -0.6
v -0.3 0.5 -0.6
v -0.2 0.4 -0.6
v -0.2 0.5 -0.6
v -0.1 0.5 -0.6
v -0.1 0.6 -0.6
v 0.0999999 0.5 -0.6
v 0.0999999 0.6 -0.6
v 0.2 0.4 -0.6
v 0.2 0.5 -0.6
v 0.3 0.4 -0.6
v 0.3 0.5 -0.6
v -0.5 -0.5 -1
v -0.5 -0.3 -1
v -0.3 -0.5 -1
v -0.3 -0.3 -1
v -0.2 0.5 -1
v -0.2 0.6 -1
v -0.1 0.5 -1
v -0.1 0.6 -1
v 0.0999999 0.5 -1
v 0.0999999 0.6 -1
v 0.2 0.5 -1
v 0.2 0.6 -1
v 0.3 -0.5 -1
v 0.3 -0.3 -1
v 0.5 -0.5 -1
v 0.5 -0.3 -1
v -0.9 0.1 -1.2
v -0.9 0.2 -1.2
v -0.7 0.1 -1.2
v -0.7 0.2 -1.2
v -0.5 0.1 -1.2
v -0.5 0.2 -1.2
v -0.4 0.1 -1.2
v -0.4 0.2 -1.2
v -0.4 0.3 -1.2
v -0.3 0.1 -1.2
v -0.3 0.2 -1.2
v -0.3 0.3 -1.2
v 0.3 0.1 -1.2
v 0.3 0.2 -1.2
v 0.3 0.3 -1.2
v 0.4 0.1 -1.2
v 0.4 0.2 -1.2
v 0.4 0.3 -1.2
v 0.5 0.1 -1.2
v 0.5 0.2 -1.2
v 0.7 0.1 -1.2
v 0.7 0.2 -1.2
v 0.9 0.1 -1.2
v 0.9 0.2 -1.2
v -1.3 -0.8 -1.3
v -1.3 -0.7 -1.3
v -1.2 -0.7 -1.3
v -1.2 -0.6 -1.3
v -1.1 -0.7 -1.3
v -1.1 -0.6 -1.3
v -1 -0.8 -1.3
v -1 -0.7 -1.3
v 1 -0.8 -1.3
v 1 -0.7 -1.3
v 1.1 -0.7 -1.3
v 1.1 -0.6 -1.3
v 1.2 -0.7 -1.3
v 1.2 -0.6 -1.3
v 1.3 -0.8 -1.3
v 1.3 -0.7 -1.3
v -1.4 0.1 -1.4
v -1.4 0.2 -1.4
v -1.3 0.1 -1.4
v -1.3 0.2 -1.4
v -1.1 0.1 -1.4
v -1.1 0.2 -1.4
v -0.9 0.1 -1.4
v -0.9 0.2 -1.4
v -0.3 0.3 -1.4
v -0.3 0.4 -1.4
v -0.2 0.3 -1.4
v -0.2 0.4 -1.4
v -0.2 0.5 -1.4
v 0.2 0.3 -1.4
v 0.2 0.4 -1.4
v 0.2 0.5 -1.4
v 0.3 0.3 -1.4
v 0.3 0.4 -1.4
v 0.9 0.1 -1.4
v 0.9 0.2 -1.4
v 1.1 0.1 -1.4
v 1.1 0.2 -1.4
v 1.3 0.1 -1.4
v 1.3 0.2 -1.4
v 1.4 0.1 -1.4
v 1.4 0.2 -1.4
v -1.7 -0.4 -1.5
v -1.7 -0.1 -1.5
v -1.6 -0.4 -1.5
v -1.6 -0.1 -1.5
v 1.6 -0.4 -1.5
v 1.6 -0.1 -1.5
v 1.7 -0.4 -1.5
v 1.7 -0.1 -1.5
v -1.6 -0.5 -1.6
v -1.6 0 -1.6
v -1.5 -0.6 -1.6
v -1.5 -0.5 -1.6
v -1.5 0 -1.6
v -0.7 -0.6 -1.6
v -0.7 -0.5 -1.6
v -0.7 -0.3 -1.6
v -0.5 -0.5 -1.6
v -0.5 -0.3 -1.6
v 0.5 -0.5 -1.6
v 0.5 -0.3 -1.6
v 0.7 -0.6 -1.6
v 0.7 -0.5 -1.6
v 0.7 -0.3 -1.6
v 1.5 -0.6 -1.6
v 1.5 -0.5 -1.6
v 1.5 0 -1.6
v 1.6 -0.5 -1.6
v 1.6 0 -1.6
v -0.2 0.3 -1.7
v -0.2 0.4 -1.7
v 0.2 0.3 -1.7
v 0.2 0.4 -1.7
v -1.5 -0.5 -1.8
v -1.5 0.1 -1.8
v -1.4 0.3 -1.8
v -1.4 0.4 -1.8
v -1.3 -0.5 -1.8
v -1.3 0.1 -1.8
v -1.3 0.2 -1.8
v -1.3 0.3 -1.8
v -1.3 0.4 -1.8
v -1.2 0.1 -1.8
v -1.2 0.2 -1.8
v -1.2 0.3 -1.8
v -1.1 0.1 -1.8
v -1.1 0.2 -1.8
v -0.3 0.2 -1.8
v -0.3 0.3 -1.8
v -0.2 0.2 -1.8
v -0.2 0.3 -1.8
v 0.2 0.2 -1.8
v 0.2 0.3 -1.8
v 0.3 0.2 -1.8
v 0.3 0.3 -1.8
v 1.1 0.1 -1.8
v 1.1 0.2 -1.8
v 1.2 0.1 -1.8
v 1.2 0.2 -1.8
v 1.2 0.3 -1.8
v 1.3 -0.5 -1.8
v 1.3 0.1 -1.8
v 1.3 0.2 -1.8
v 1.3 0.3 -1.8
v 1.3 0.4 -1.8
v 1.4 0.3 -1.8
v 1.4 0.4 -1.8
v 1.5 -0.5 -1.8
v 1.5 0.1 -1.8
v -1.4 0.4 -1.9
v -1.4 0.5 -1.9
v -1.3 0.4 -1.9
v -1.3 0.5 -1.9
v -0.4 -0.2 -1.9
v -0.4 0 -1.9
v -0.3 0.1 -1.9
v -0.3 0.2 -1.9
v -0.2 0.1 -1.9
v -0.2 0.2 -1.9
v -0.2 0.3 -1.9
v 0.2 0.1 -1.9
v 0.2 0.2 -1.9
v 0.2 0.3 -1.9
v 0.3 0.1 -1.9
v 0.3 0.2 -1.9
v 0.4 -0.2 -1.9
v 0.4 0 -1.9
v 1.3 0.4 -1.9
v 1.3 0.5 -1.9
v 1.4 0.4 -1.9
v 1.4 0.5 -1.9
v -1.5 0.5 -2
v -1.5 0.6 -2
v -1.4 0.5 -2
v -1.4 0.6 -2
v -1.3 -0.5 -2
v -1.3 -0.3 -2
v -1.2 -0.4 -2
v -1.2 -0.3 -2
v -0.8 -0.4 -2
v -0.8 -0.3 -2
v -0.7 -0.5 -2
v -0.7 -0.3 -2
v -0.7 0 -2
v -0.7 0.1 -2
v -0.6 -0.3 -2
v -0.6 0 -2
v -0.6 0.1 -2
v -0.5 -0.3 -2
v -0.5 -0.1 -2
v -0.4 -0.3 -2
v -0.4 -0.2 -2
v -0.4 -0.1 -2
v -0.3 -0.3 -2
v -0.2 0.1 -2
v -0.2 0.2 -2
v 0.2 0.1 -2
v 0.2 0.2 -2
v 0.3 -0.3 -2
v 0.4 -0.3 -2
v 0.4 -0.2 -2
v 0.4 -0.1 -2
v 0.5 -0.3 -2
v 0.5 -0.1 -2
v 0.6 -0.3 -2
v 0.6 0 -2
v 0.6 0.1 -2
v 0.7 -0.5 -2
v 0.7 -0.3 -2
v 0.7 0 -2
v 0.7 0.1 -2
v 0.8 -0.4 -2
v 0.8 -0.3 -2
v 1.2 -0.4 -2
v 1.2 -0.3 -2
v 1.3 -0.5 -2
v 1.3 -0.3 -2
v 1.4 0.5 -2
v 1.4 0.6 -2
v 1.5 0.5 -2
v 1.5 0.6 -2
v -1.5 0.6 -2.1
v -1.5 0.7 -2.1
v -1.4 0.6 -2.1
v -1.4 0.7 -2.1
v -1.3 -0.3 -2.1
v -1.3 0.1 -2.1
v -1.2 -0.3 -2.1
v -1.2 0 -2.1
v -0.8 -0.3 -2.1
v -0.8 0 -2.1
v -0.7 -0.3 -2.1
v -0.7 0.1 -2.1
v -0.6 -0.3 -2.1
v -0.6 0.1 -2.1
v -0.5 -0.3 -2.1
v -0.5 -0.1 -2.1
v -0.5 0.1 -2.1
v -0.4 -0.4 -2.1
v -0.4 -0.3 -2.1
v -0.3 -0.4 -2.1
v -0.3 -0.3 -2.1
v 0.3 -0.4 -2.1
v 0.3 -0.3 -2.1
v 0.4 -0.4 -2.1
v 0.4 -0.3 -2.1
v 0.5 -0.3 -2.1
v 0.5 -0.1 -2.1
v 0.5 0.1 -2.1
v 0.6 -0.3 -2.1
v 0.6 0.1 -2.1
v 0.7 -0.3 -2.1
v 0.7 0.1 -2.1
v 0.8 -0.3 -2.1
v 0.8 0 -2.1
v 1.2 -0.3 -2.1
v 1.2 0 -2.1
v 1.3 -0.3 -2.1
v 1.3 0.1 -2.1
v 1.4 0.6 -2.1
v 1.4 0.7 -2.1
v 1.5 0.6 -2.1
v 1.5 0.7 -2.1
v -1.5 0.7 -2.2
v -1.5 0.8 -2.2
v -1.4 0.7 -2.2
v -1.4 0.8 -2.2
v -1.2 -0.4 -2.2
v -1.2 -0.3 -2.2
v -1.2 -0.1 -2.2
v -1.2 0 -2.2
v -1.1 -0.4 -2.2
v -1.1 -0.3 -2.2
v -1.1 -0.1 -2.2
v -1.1 0 -2.2
v -0.9 -0.4 -2.2
v -0.9 -0.3 -2.2
v -0.9 -0.1 -2.2
v -0.9 0 -2.2
v -0.8 -0.4 -2.2
v -0.8 -0.3 -2.2
v -0.8 -0.1 -2.2
v -0.8 0 -2.2
v -0.6 0.1 -2.2
v -0.6 0.3 -2.2
v -0.5 -0.1 -2.2
v -0.5 0.1 -2.2
v -0.5 0.3 -2.2
v -0.4 -0.5 -2.2
v -0.4 -0.4 -2.2
v -0.4 -0.1 -2.2
v -0.4 0 -2.2
v -0.3 -0.5 -2.2
v -0.3 -0.4 -2.2
v 0.3 -0.5 -2.2
v 0.3 -0.4 -2.2
v 0.4 -0.5 -2.2
v 0.4 -0.4 -2.2
v 0.4 -0.1 -2.2
v 0.4 0 -2.2
v 0.5 -0.1 -2.2
v 0.5 0.1 -2.2
v 0.5 0.3 -2.2
v 0.6 0.1 -2.2
v 0.6 0.3 -2.2
v 0.8 -0.4 -2.2
v 0.8 -0.3 -2.2
v 0.8 -0.1 -2.2
v 0.8 0 -2.2
v 0.9 -0.4 -2.2
v 0.9 -0.3 -2.2
v 0.9 -0.1 -2.2
v 0.9 0 -2.2
v 1.1 -0.4 -2.2
v 1.1 -0.3 -2.2
v 1.1 -0.1 -2.2
v 1.1 0 -2.2
v 1.2 -0.4 -2.2
v 1.2 -0.3 -2.2
v 1.2 -0.1 -2.2
v 1.2 0 -2.2
v 1.4 0.7 -2.2
v 1.4 0.8 -2.2
v 1.5 0.7 -2.2
v 1.5 0.8 -2.2
v -1.2 -0.3 -2.4
v -1.2 -0.1 -2.4
v -1.1 -0.4 -2.4
v -1.1 -0.3 -2.4
v -1.1 -0.1 -2.4
v -1.1 0 -2.4
v -0.9 -0.4 -2.4
v -0.9 -0.3 -2.4
v -0.9 -0.1 -2.4
v -0.9 0 -2.4
v -0.8 -0.3 -2.4
v -0.8 -0.1 -2.4
v -0.6 0.3 -2.4
v -0.6 0.4 -2.4
v -0.5 0.3 -2.4
v -0.5 0.4 -2.4
v 0.5 0.3 -2.4
v 0.5 0.4 -2.4
v 0.6 0.3 -2.4
v 0.6 0.4 -2.4
v 0.8 -0.3 -2.4
v 0.8 -0.1 -2.4
v 0.9 -0.4 -2.4
v 0.9 -0.3 -2.4
v 0.9 -0.1 -2.4
v 0.9 0 -2.4
v 1.1 -0.4 -2.4
v 1.1 -0.3 -2.4
v 1.1 -0.1 -2.4
v 1.1 0 -2.4
v 1.2 -0.3 -2.4
v 1.2 -0.1 -2.4
v -1.2 -0.8 -1
v -1.1 -0.8 -1
v 1.1 -0.8 -1
v 1.2 -0.8 -1
v -1.3 -0.8 -1.2
v -1.2 -0.8 -1.2
v -1.1 -0.8 -1.2
v -1 -0.8 -1.2
v 1 -0.8 -1.2
v 1.1 -0.8 -1.2
v 1.2 -0.8 -1.2
v 1.3 -0.8 -1.2
v -1.3 -0.8 -1.3
v -1 -0.8 -1.3
v 1 -0.8 -1.3
v 1.3 -0.8 -1.3
v -1.5 -0.6 -0.8
v -0.7 -0.6 -0.8
v 0.7 -0.6 -0.8
v 1.5 -0.6 -0.8
v -1.3 -0.6 -0.9
v -1 -0.6 -0.9
v 1 -0.6 -0.9
v 1.3 -0.6 -0.9
v -1.2 -0.6 -1.1
v -1.1 -0.6 -1.1
v 1.1 -0.6 -1.1
v 1.2 -0.6 -1.1
v -1.2 -0.6 -1.3
v -1.1 -0.6 -1.3
v 1.1 -0.6 -1.3
v 1.2 -0.6 -1.3
v -1.3 -0.6 -1.5
v -1 -0.6 -1.5
v 1 -0.6 -1.5
v 1.3 -0.6 -1.5
v -1.5 -0.6 -1.6
v -0.7 -0.6 -1.6
v 0.7 -0.6 -1.6
v 1.5 -0.6 -1.6
v -1.3 -0.5 -0.5
v -1.2 -0.5 -0.5
v -1.1 -0.5 -0.5
v -1 -0.5 -0.5
v -0.9 -0.5 -0.5
v -0.8 -0.5 -0.5
v -0.6 -0.5 -0.5
v -0.3 -0.5 -0.5
v 0.3 -0.5 -0.5
v 0.6 -0.5 -0.5
v 0.8 -0.5 -0.5
v 0.9 -0.5 -0.5
v 1 -0.5 -0.5
v 1.1 -0.5 -0.5
v 1.2 -0.5 -0.5
v 1.3 -0.5 -0.5
v -1.5 -0.5 -0.6
v -1.4 -0.5 -0.6
v -1.3 -0.5 -0.6
v -1.2 -0.5 -0.6
v -1.1 -0.5 -0.6
v -1 -0.5 -0.6
v -0.9 -0.5 -0.6
v -0.8 -0.5 -0.6
v -0.6 -0.5 -0.6
v 0.6 -0.5 -0.6
v 0.8 -0.5 -0.6
v 0.9 -0.5 -0.6
v 1 -0.5 -0.6
v 1.1 -0.5 -0.6
v 1.2 -0.5 -0.6
v 1.3 -0.5 -0.6
v 1.4 -0.5 -0.6
v 1.5 -0.5 -0.6
v -1.6 -0.5 -0.8
v -1.5 -0.5 -0.8
v -1.4 -0.5 -0.8
v -0.7 -0.5 -0.8
v 0.7 -0.5 -0.8
v 1.4 -0.5 -0.8
v 1.5 -0.5 -0.8
v 1.6 -0.5 -0.8
v -0.5 -0.5 -1
v -0.3 -0.5 -1
v 0.3 -0.5 -1
v 0.5 -0.5 -1
v -1.6 -0.5 -1.6
v -1.5 -0.5 -1.6
v -0.7 -0.5 -1.6
v -0.5 -0.5 -1.6
v 0.5 -0.5 -1.6
v 0.7 -0.5 -1.6
v 1.5 -0.5 -1.6
v 1.6 -0.5 -1.6
v -1.5 -0.5 -1.8
v -1.3 -0.5 -1.8
v -0.4 -0.5 -1.8
v -0.3 -0.5 -1.8
v 0.3 -0.5 -1.8
v 0.4 -0.5 -1.8
v 1.3 -0.5 -1.8
v 1.5 -0.5 -1.8
v -1.3 -0.5 -2
v -0.7 -0.5 -2
v 0.7 -0.5 -2
v 1.3 -0.5 -2
v -0.4 -0.5 -2.2
v -0.3 -0.5 -2.2
v 0.3 -0.5 -2.2
v 0.4 -0.5 -2.2
v -0.5 -0.4 -0.4
v -0.3 -0.4 -0.4
v 0.3 -0.4 -0.4
v 0.5 -0.4 -0.4
v -0.5 -0.4 -0.5
v -0.3 -0.4 -0.5
v 0.3 -0.4 -0.5
v 0.5 -0.4 -0.5
v -1.7 -0.4 -0.9
v -1.6 -0.4 -0.9
v 1.6 -0.4 -0.9
v 1.7 -0.4 -0.9
v -1.7 -0.4 -1.5
v -1.6 -0.4 -1.5
v 1.6 -0.4 -1.5
v 1.7 -0.4 -1.5
v -0.4 -0.4 -1.7
v -0.3 -0.4 -1.7
v 0.3 -0.4 -1.7
v 0.4 -0.4 -1.7
v -0.4 -0.4 -1.8
v -0.3 -0.4 -1.8
v 0.3 -0.4 -1.8
v 0.4 -0.4 -1.8
v -1.2 -0.4 -2
v -0.8 -0.4 -2
v 0.8 -0.4 -2
v 1.2 -0.4 -2
v -1.2 -0.4 -2.2
v -1.1 -0.4 -2.2
v -0.9 -0.4 -2.2
v -0.8 -0.4 -2.2
v 0.8 -0.4 -2.2
v 0.9 -0.4 -2.2
v 1.1 -0.4 -2.2
v 1.2 -0.4 -2.2
v -1.1 -0.4 -2.4
v -0.9 -0.4 -2.4
v 0.9 -0.4 -2.4
v 1.1 -0.4 -2.4
v -0.2 -0.3 1.6
v 0.2 -0.3 1.6
v -0.1 -0.3 1.4
v 0.0999999 -0.3 1.4
v -0.1 -0.3 1.3
v 0.0999999 -0.3 1.3
v -0.4 -0.3 -0.2
v -0.3 -0.3 -0.2
v -0.2 -0.3 -0.2
v 0.2 -0.3 -0.2
v 0.3 -0.3 -0.2
v 0.4 -0.3 -0.2
v -0.4 -0.3 -0.3
v -0.3 -0.3 -0.3
v 0.3 -0.3 -0.3
v 0.4 -0.3 -0.3
v -0.4 -0.3 -0.4
v -0.3 -0.3 -0.4
v 0.3 -0.3 -0.4
v 0.4 -0.3 -0.4
v -0.5 -0.3 -1
v -0.3 -0.3 -1
v -0.1 -0.3 -1
v 0.0999999 -0.3 -1
v 0.3 -0.3 -1
v 0.5 -0.3 -1
v -0.2 -0.3 -1.1
v -0.1 -0.3 -1.1
v 0.0999999 -0.3 -1.1
v 0.2 -0.3 -1.1
v -0.3 -0.3 -1.2
v -0.2 -0.3 -1.2
v 0.2 -0.3 -1.2
v 0.3 -0.3 -1.2
v -0.4 -0.3 -1.3
v -0.3 -0.3 -1.3
v 0.3 -0.3 -1.3
v 0.4 -0.3 -1.3
v -0.5 -0.3 -1.4
v -0.4 -0.3 -1.4
v 0.4 -0.3 -1.4
v 0.5 -0.3 -1.4
v -0.7 -0.3 -1.6
v -0.5 -0.3 -1.6
v 0.5 -0.3 -1.6
v 0.7 -0.3 -1.6
v -0.4 -0.3 -1.7
v -0.3 -0.3 -1.7
v 0.3 -0.3 -1.7
v 0.4 -0.3 -1.7
v -0.5 -0.3 -1.9
v -0.4 -0.3 -1.9
v -0.3 -0.3 -1.9
v 0.3 -0.3 -1.9
v 0.4 -0.3 -1.9
v 0.5 -0.3 -1.9
v -1.3 -0.3 -2
v -1.2 -0.3 -2
v -0.8 -0.3 -2
v -0.7 -0.3 -2
v -0.6 -0.3 -2
v -0.5 -0.3 -2
v -0.4 -0.3 -2
v -0.3 -0.3 -2
v 0.3 -0.3 -2
v 0.4 -0.3 -2
v 0.5 -0.3 -2
v 0.6 -0.3 -2
v 0.7 -0.3 -2
v 0.8 -0.3 -2
v 1.2 -0.3 -2
v 1.3 -0.3 -2
v -1.3 -0.3 -2.1
v -1.2 -0.3 -2.1
v -0.8 -0.3 -2.1
v -0.7 -0.3 -2.1
v -0.6 -0.3 -2.1
v -0.5 -0.3 -2.1
v 0.5 -0.3 -2.1
v 0.6 -0.3 -2.1
v 0.7 -0.3 -2.1
v 0.8 -0.3 -2.1
v 1.2 -0.3 -2.1
v 1.3 -0.3 -2.1
v -1.2 -0.3 -2.2
v -1.1 -0.3 -2.2
v -0.9 -0.3 -2.2
v -0.8 -0.3 -2.2
v 0.8 -0.3 -2.2
v 0.9 -0.3 -2.2
v 1.1 -0.3 -2.2
v 1.2 -0.3 -2.2
v -1.2 -0.3 -2.4
v -1.1 -0.3 -2.4
v -0.9 -0.3 -2.4
v -0.8 -0.3 -2.4
v 0.8 -0.3 -2.4
v 0.9 -0.3 -2.4
v 1.1 -0.3 -2.4
v 1.2 -0.3 -2.4
v -0.1 -0.2 2.7
v 0.0999999 -0.2 2.7
v -0.2 -0.2 2.6
v -0.1 -0.2 2.6
v 0.0999999 -0.2 2.6
v 0.2 -0.2 2.6
v -0.3 -0.2 1.6
v -0.2 -0.2 1.6
v 0.2 -0.2 1.6
v 0.3 -0.2 1.6
v -0.3 -0.2 1.1
v -0.2 -0.2 1.1
v 0.2 -0.2 1.1
v 0.3 -0.2 1.1
v -0.3 -0.2 0.6
v -0.2 -0.2 0.6
v 0.2 -0.2 0.6
v 0.3 -0.2 0.6
v -0.3 -0.2 0.4
v -0.2 -0.2 0.4
v 0.2 -0.2 0.4
v 0.3 -0.2 0.4
v -0.3 -0.2 -0.2
v -0.2 -0.2 -0.2
v 0.2 -0.2 -0.2
v 0.3 -0.2 -0.2
v -0.1 -0.1 2.8
v 0.0999999 -0.1 2.8
v -0.2 -0.1 2.7
v -0.1 -0.1 2.7
v 0.0999999 -0.1 2.7
v 0.2 -0.1 2.7
v -0.3 -0.1 2.6
v -0.2 -0.1 2.6
v -0.1 -0.1 2.6
v 0.0999999 -0.1 2.6
v 0.2 -0.1 2.6
v 0.3 -0.1 2.6
v -0.3 -0.1 2.2
v -0.2 -0.1 2.2
v 0.2 -0.1 2.2
v 0.3 -0.1 2.2
v -0.3 -0.1 1.6
v -0.2 -0.1 1.6
v 0.2 -0.1 1.6
v 0.3 -0.1 1.6
v -0.4 -0.1 -0.1
v -0.3 -0.1 -0.1
v 0.3 -0.1 -0.1
v 0.4 -0.1 -0.1
v -0.4 -0.1 -0.2
v -0.3 -0.1 -0.2
v 0.3 -0.1 -0.2
v 0.4 -0.1 -0.2
v -1.2 -0.1 -0.7
v -1.1 -0.1 -0.7
v -0.8 -0.1 -0.7
v -0.7 -0.1 -0.7
v 0.7 -0.1 -0.7
v 0.8 -0.1 -0.7
v 1.1 -0.1 -0.7
v 1.2 -0.1 -0.7
v -1 -0.1 -0.8
v -0.9 -0.1 -0.8
v 0.9 -0.1 -0.8
v 1 -0.1 -0.8
v -1.2 -0.1 -0.9
v -1.1 -0.1 -0.9
v -1 -0.1 -0.9
v -0.9 -0.1 -0.9
v -0.8 -0.1 -0.9
v -0.7 -0.1 -0.9
v 0.7 -0.1 -0.9
v 0.8 -0.1 -0.9
v 0.9 -0.1 -0.9
v 1 -0.1 -0.9
v 1.1 -0.1 -0.9
v 1.2 -0.1 -0.9
v -0.5 -0.1 -2
v -0.4 -0.1 -2
v 0.4 -0.1 -2
v 0.5 -0.1 -2
v -0.5 -0.1 -2.1
v -0.4 -0.1 -2.1
v 0.4 -0.1 -2.1
v 0.5 -0.1 -2.1
v -1.1 -0.1 -2.2
v -0.9 -0.1 -2.2
v -0.5 -0.1 -2.2
v -0.4 -0.1 -2.2
v 0.4 -0.1 -2.2
v 0.5 -0.1 -2.2
v 0.9 -0.1 -2.2
v 1.1 -0.1 -2.2
v -1.1 -0.1 -2.4
v -0.9 -0.1 -2.4
v 0.9 -0.1 -2.4
v 1.1 -0.1 -2.4
v -0.4 0 0.0999999
v -0.3 0 0.0999999
v 0.3 0 0.0999999
v 0.4 0 0.0999999
v -0.4 0 -0.1
v -0.3 0 -0.1
v 0.3 0 -0.1
v 0.4 0 -0.1
v -1.4 0 -0.7
v -1.3 0 -0.7
v 1.3 0 -0.7
v 1.4 0 -0.7
v -1.4 0 -0.8
v 1.4 0 -0.8
v -1.4 0 -0.9
v -1.3 0 -0.9
v 1.3 0 -0.9
v 1.4 0 -0.9
v -0.4 0 -1.9
v 0.4 0 -1.9
v -0.4 0 -2
v 0.4 0 -2
v -0.4 0 -2.1
v 0.4 0 -2.1
v -0.4 0 -2.2
v 0.4 0 -2.2
v -1.4 0.1 -0.6
v -0.7 0.1 -0.6
v 0.7 0.1 -0.6
v 1.4 0.1 -0.6
v -1.4 0.1 -0.7
v -1 0.1 -0.7
v -0.9 0.1 -0.7
v -0.8 0.1 -0.7
v -0.7 0.1 -0.7
v 0.7 0.1 -0.7
v 0.8 0.1 -0.7
v 0.9 0.1 -0.7
v 1 0.1 -0.7
v 1.4 0.1 -0.7
v -1 0.1 -0.8
v -0.9 0.1 -0.8
v 0.9 0.1 -0.8
v 1 0.1 -0.8
v -0.6 0.1 -2.1
v -0.5 0.1 -2.1
v 0.5 0.1 -2.1
v 0.6 0.1 -2.1
v -0.6 0.1 -2.2
v -0.5 0.1 -2.2
v 0.5 0.1 -2.2
v 0.6 0.1 -2.2
v -1.4 0.3 -1.4
v -1.3 0.3 -1.4
v 1.3 0.3 -1.4
v 1.4 0.3 -1.4
v -1.4 0.3 -1.8
v -1.3 0.3 -1.8
v 1.3 0.3 -1.8
v 1.4 0.3 -1.8
v -0.6 0.3 -2.2
v -0.5 0.3 -2.2
v 0.5 0.3 -2.2
v 0.6 0.3 -2.2
v -0.6 0.3 -2.4
v -0.5 0.3 -2.4
v 0.5 0.3 -2.4
v 0.6 0.3 -2.4
v -1.4 0.4 -1.8
v -1.3 0.4 -1.8
v 1.3 0.4 -1.8
v 1.4 0.4 -1.8
v -1.4 0.4 -1.9
v -1.3 0.4 -1.9
v 1.3 0.4 -1.9
v 1.4 0.4 -1.9
v -1.5 0.5 -1.6
v -1.4 0.5 -1.6
v 1.4 0.5 -1.6
v 1.5 0.5 -1.6
v -1.4 0.5 -1.9
v 1.4 0.5 -1.9
v -1.5 0.5 -2
v -1.4 0.5 -2
v 1.4 0.5 -2
v 1.5 0.5 -2
v -1.5 0.6 -2
v -1.4 0.6 -2
v 1.4 0.6 -2
v 1.5 0.6 -2
v -1.5 0.6 -2.1
v -1.4 0.6 -2.1
v 1.4 0.6 -2.1
v 1.5 0.6 -2.1
v -1.5 0.7 -2.1
v -1.4 0.7 -2.1
v 1.4 0.7 -2.1
v 1.5 0.7 -2.1
v -1.5 0.7 -2.2
v -1.4 0.7 -2.2
v 1.4 0.7 -2.2
v 1.5 0.7 -2.2
v -1.2 -0.7 -1
v -1.1 -0.7 -1
v 1.1 -0.7 -1
v 1.2 -0.7 -1
v -1.2 -0.7 -1.1
v -1.1 -0.7 -1.1
v 1.1 -0.7 -1.1
v 1.2 -0.7 -1.1
v -1.3 -0.7 -1.2
v -1.2 -0.7 -1.2
v -1.1 -0.7 -1.2
v -1 -0.7 -1.2
v 1 -0.7 -1.2
v 1.1 -0.7 -1.2
v 1.2 -0.7 -1.2
v 1.3 -0.7 -1.2
v -1.3 -0.7 -1.3
v -1.2 -0.7 -1.3
v -1.1 -0.7 -1.3
v -1 -0.7 -1.3
v 1 -0.7 -1.3
v 1.1 -0.7 -1.3
v 1.2 -0.7 -1.3
v 1.3 -0.7 -1.3
v -1.4 -0.4 -0.6
v -1.3 -0.4 -0.6
v -1.2 -0.4 -0.6
v -1.1 -0.4 -0.6
v -1 -0.4 -0.6
v -0.9 -0.4 -0.6
v -0.8 -0.4 -0.6
v -0.7 -0.4 -0.6
v 0.7 -0.4 -0.6
v 0.8 -0.4 -0.6
v 0.9 -0.4 -0.6
v 1 -0.4 -0.6
v 1.1 -0.4 -0.6
v 1.2 -0.4 -0.6
v 1.3 -0.4 -0.6
v 1.4 -0.4 -0.6
v -1.4 -0.4 -0.8
v 1.4 -0.4 -0.8
v -1.4 -0.4 -0.9
v -1.3 -0.4 -0.9
v -1.2 -0.4 -0.9
v -1.1 -0.4 -0.9
v -1 -0.4 -0.9
v -0.9 -0.4 -0.9
v -0.8 -0.4 -0.9
v -0.7 -0.4 -0.9
v 0.7 -0.4 -0.9
v 0.8 -0.4 -0.9
v 0.9 -0.4 -0.9
v 1 -0.4 -0.9
v 1.1 -0.4 -0.9
v 1.2 -0.4 -0.9
v 1.3 -0.4 -0.9
v 1.4 -0.4 -0.9
v -0.4 -0.4 -2.1
v -0.3 -0.4 -2.1
v 0.3 -0.4 -2.1
v 0.4 -0.4 -2.1
v -0.4 -0.4 -2.2
v -0.3 -0.4 -2.2
v 0.3 -0.4 -2.2
v 0.4 -0.4 -2.2
v -0.4 -0.3 -2
v -0.3 -0.3 -2
v 0.3 -0.3 -2
v 0.4 -0.3 -2
v -0.4 -0.3 -2.1
v -0.3 -0.3 -2.1
v 0.3 -0.3 -2.1
v 0.4 -0.3 -2.1
v -1.1 -0.3 -2.2
v -0.9 -0.3 -2.2
v 0.9 -0.3 -2.2
v 1.1 -0.3 -2.2
v -1.1 -0.3 -2.4
v -0.9 -0.3 -2.4
v 0.9 -0.3 -2.4
v 1.1 -0.3 -2.4
v -0.4 -0.2 -1.9
v 0.4 -0.2 -1.9
v -0.4 -0.2 -2
v 0.4 -0.2 -2
v -1.3 -0.1 -0.5
v -1.2 -0.1 -0.5
v -1.1 -0.1 -0.5
v -1 -0.1 -0.5
v -0.9 -0.1 -0.5
v -0.8 -0.1 -0.5
v 0.8 -0.1 -0.5
v 0.9 -0.1 -0.5
v 1 -0.1 -0.5
v 1.1 -0.1 -0.5
v 1.2 -0.1 -0.5
v 1.3 -0.1 -0.5
v -1.3 -0.1 -0.7
v -1.2 -0.1 -0.7
v -1.1 -0.1 -0.7
v -1 -0.1 -0.7
v -0.9 -0.1 -0.7
v -0.8 -0.1 -0.7
v 0.8 -0.1 -0.7
v 0.9 -0.1 -0.7
v 1 -0.1 -0.7
v 1.1 -0.1 -0.7
v 1.2 -0.1 -0.7
v 1.3 -0.1 -0.7
v -1.7 -0.1 -0.9
v -1.6 -0.1 -0.9
v 1.6 -0.1 -0.9
v 1.7 -0.1 -0.9
v -1.7 -0.1 -1.5
v -1.6 -0.1 -1.5
v 1.6 -0.1 -1.5
v 1.7 -0.1 -1.5
v -1.2 -0.1 -2.2
v -1.1 -0.1 -2.2
v -0.9 -0.1 -2.2
v -0.8 -0.1 -2.2
v 0.8 -0.1 -2.2
v 0.9 -0.1 -2.2
v 1.1 -0.1 -2.2
v 1.2 -0.1 -2.2
v -1.2 -0.1 -2.4
v -1.1 -0.1 -2.4
v -0.9 -0.1 -2.4
v -0.8 -0.1 -2.4
v 0.8 -0.1 -2.4
v 0.9 -0.1 -2.4
v 1.1 -0.1 -2.4
v 1.2 -0.1 -2.4
v -1.6 0 -0.8
v -1.5 0 -0.8
v 1.5 0 -0.8
v 1.6 0 -0.8
v -1.6 0 -1.6
v -1.5 0 -1.6
v 1.5 0 -1.6
v 1.6 0 -1.6
v -1.2 0 -2.1
v -0.8 0 -2.1
v 0.8 0 -2.1
v 1.2 0 -2.1
v -1.2 0 -2.2
v -1.1 0 -2.2
v -0.9 0 -2.2
v -0.8 0 -2.2
v 0.8 0 -2.2
v 0.9 0 -2.2
v 1.1 0 -2.2
v 1.2 0 -2.2
v -1.1 0 -2.4
v -0.9 0 -2.4
v 0.9 0 -2.4
v 1.1 0 -2.4
v -0.1 0.1 2.8
v 0.0999999 0.1 2.8
v -0.2 0.1 2.7
v -0.1 0.1 2.7
v 0.0999999 0.1 2.7
v 0.2 0.1 2.7
v -0.3 0.1 2.6
v -0.2 0.1 2.6
v -0.1 0.1 2.6
v 0.0999999 0.1 2.6
v 0.2 0.1 2.6
v 0.3 0.1 2.6
v -0.2 0.1 1.9
v 0.2 0.1 1.9
v -0.3 0.1 1.8
v -0.2 0.1 1.8
v 0.2 0.1 1.8
v 0.3 0.1 1.8
v -0.2 0.1 1.5
v 0.2 0.1 1.5
v -0.3 0.1 1.2
v -0.2 0.1 1.2
v 0.2 0.1 1.2
v 0.3 0.1 1.2
v -0.3 0.1 0.4
v -0.2 0.1 0.4
v 0.2 0.1 0.4
v 0.3 0.1 0.4
v -0.4 0.1 0.0999999
v -0.3 0.1 0.0999999
v 0.3 0.1 0.0999999
v 0.4 0.1 0.0999999
v -0.5 0.1 -0.4
v -0.4 0.1 -0.4
v 0.4 0.1 -0.4
v 0.5 0.1 -0.4
v -0.6 0.1 -0.5
v -0.5 0.1 -0.5
v 0.5 0.1 -0.5
v 0.6 0.1 -0.5
v -1.5 0.1 -0.6
v -1.4 0.1 -0.6
v -0.7 0.1 -0.6
v -0.6 0.1 -0.6
v -0.5 0.1 -0.6
v -0.3 0.1 -0.6
v 0.3 0.1 -0.6
v 0.5 0.1 -0.6
v 0.6 0.1 -0.6
v 0.7 0.1 -0.6
v 1.4 0.1 -0.6
v 1.5 0.1 -0.6
v -0.6 0.1 -0.7
v -0.5 0.1 -0.7
v 0.5 0.1 -0.7
v 0.6 0.1 -0.7
v -1.5 0.1 -0.8
v -1.4 0.1 -0.8
v -0.7 0.1 -0.8
v -0.6 0.1 -0.8
v 0.6 0.1 -0.8
v 0.7 0.1 -0.8
v 1.4 0.1 -0.8
v 1.5 0.1 -0.8
v -0.5 0.1 -1.1
v 0.5 0.1 -1.1
v -0.9 0.1 -1.2
v -0.7 0.1 -1.2
v -0.5 0.1 -1.2
v -0.4 0.1 -1.2
v -0.3 0.1 -1.2
v 0.3 0.1 -1.2
v 0.4 0.1 -1.2
v 0.5 0.1 -1.2
v 0.7 0.1 -1.2
v 0.9 0.1 -1.2
v -0.6 0.1 -1.3
v -0.5 0.1 -1.3
v 0.5 0.1 -1.3
v 0.6 0.1 -1.3
v -1.4 0.1 -1.4
v -1.3 0.1 -1.4
v -1.1 0.1 -1.4
v -0.9 0.1 -1.4
v -0.7 0.1 -1.4
v -0.6 0.1 -1.4
v 0.6 0.1 -1.4
v 0.7 0.1 -1.4
v 0.9 0.1 -1.4
v 1.1 0.1 -1.4
v 1.3 0.1 -1.4
v 1.4 0.1 -1.4
v -1.4 0.1 -1.5
v -1.3 0.1 -1.5
v -0.8 0.1 -1.5
v -0.7 0.1 -1.5
v 0.7 0.1 -1.5
v 0.8 0.1 -1.5
v 1.3 0.1 -1.5
v 1.4 0.1 -1.5
v -0.9 0.1 -1.6
v -0.8 0.1 -1.6
v 0.8 0.1 -1.6
v 0.9 0.1 -1.6
v -1.4 0.1 -1.7
v -1.3 0.1 -1.7
v -1 0.1 -1.7
v -0.9 0.1 -1.7
v 0.9 0.1 -1.7
v 1 0.1 -1.7
v 1.3 0.1 -1.7
v 1.4 0.1 -1.7
v -1.5 0.1 -1.8
v -1.3 0.1 -1.8
v -1.2 0.1 -1.8
v -1.1 0.1 -1.8
v -1 0.1 -1.8
v 1 0.1 -1.8
v 1.1 0.1 -1.8
v 1.2 0.1 -1.8
v 1.3 0.1 -1.8
v 1.5 0.1 -1.8
v -1.2 0.1 -1.9
v -1.1 0.1 -1.9
v -0.3 0.1 -1.9
v -0.2 0.1 -1.9
v 0.2 0.1 -1.9
v 0.3 0.1 -1.9
v 1.1 0.1 -1.9
v 1.2 0.1 -1.9
v -1.3 0.1 -2
v -1.2 0.1 -2
v -0.7 0.1 -2
v -0.6 0.1 -2
v -0.5 0.1 -2
v -0.2 0.1 -2
v 0.2 0.1 -2
v 0.5 0.1 -2
v 0.6 0.1 -2
v 0.7 0.1 -2
v 1.2 0.1 -2
v 1.3 0.1 -2
v -1.3 0.1 -2.1
v -0.7 0.1 -2.1
v 0.7 0.1 -2.1
v 1.3 0.1 -2.1
v -0.5 0.1 -2.2
v 0.5 0.1 -2.2
v -0.1 0.2 2.7
v 0.0999999 0.2 2.7
v -0.2 0.2 2.6
v -0.1 0.2 2.6
v 0.0999999 0.2 2.6
v 0.2 0.2 2.6
v -0.1 0.2 2.1
v 0.0999999 0.2 2.1
v -0.2 0.2 1.9
v -0.1 0.2 1.9
v 0.0999999 0.2 1.9
v 0.2 0.2 1.9
v -0.1 0.2 1.7
v 0.0999999 0.2 1.7
v -0.2 0.2 1.5
v -0.1 0.2 1.5
v 0.0999999 0.2 1.5
v 0.2 0.2 1.5
v -0.1 0.2 1.1
v 0.0999999 0.2 1.1
v -0.1 0.2 0.6
v 0.0999999 0.2 0.6
v -0.3 0.2 0.4
v -0.2 0.2 0.4
v -0.1 0.2 0.4
v 0.0999999 0.2 0.4
v 0.2 0.2 0.4
v 0.3 0.2 0.4
v -0.2 0.2 -0.1
v 0.2 0.2 -0.1
v -0.3 0.2 -0.4
v -0.2 0.2 -0.4
v 0.2 0.2 -0.4
v 0.3 0.2 -0.4
v -1.4 0.2 -0.6
v -0.7 0.2 -0.6
v -0.5 0.2 -0.6
v -0.4 0.2 -0.6
v 0.4 0.2 -0.6
v 0.5 0.2 -0.6
v 0.7 0.2 -0.6
v 1.4 0.2 -0.6
v -1.4 0.2 -0.8
v -0.7 0.2 -0.8
v 0.7 0.2 -0.8
v 1.4 0.2 -0.8
v -1.3 0.2 -1
v -1.2 0.2 -1
v 1.2 0.2 -1
v 1.3 0.2 -1
v -0.5 0.2 -1.1
v -0.4 0.2 -1.1
v 0.4 0.2 -1.1
v 0.5 0.2 -1.1
v -0.9 0.2 -1.2
v -0.7 0.2 -1.2
v -0.5 0.2 -1.2
v -0.4 0.2 -1.2
v 0.4 0.2 -1.2
v 0.5 0.2 -1.2
v 0.7 0.2 -1.2
v 0.9 0.2 -1.2
v -0.6 0.2 -1.3
v -0.5 0.2 -1.3
v 0.5 0.2 -1.3
v 0.6 0.2 -1.3
v -1.4 0.2 -1.4
v -1.3 0.2 -1.4
v -1.1 0.2 -1.4
v -0.9 0.2 -1.4
v 0.9 0.2 -1.4
v 1.1 0.2 -1.4
v 1.3 0.2 -1.4
v 1.4 0.2 -1.4
v -0.6 0.2 -1.7
v -0.5 0.2 -1.7
v 0.5 0.2 -1.7
v 0.6 0.2 -1.7
v -1.2 0.2 -1.8
v -1.1 0.2 -1.8
v -0.3 0.2 -1.8
v -0.2 0.2 -1.8
v 0.2 0.2 -1.8
v 0.3 0.2 -1.8
v 1.1 0.2 -1.8
v 1.2 0.2 -1.8
v -0.3 0.2 -1.9
v -0.2 0.2 -1.9
v 0.2 0.2 -1.9
v 0.3 0.2 -1.9
v -0.2 0.2 -2
v 0.2 0.2 -2
v -0.1 0.3 0.6
v 0.0999999 0.3 0.6
v -0.2 0.3 0.4
v -0.1 0.3 0.4
v 0.0999999 0.3 0.4
v 0.2 0.3 0.4
v -0.2 0.3 -0.1
v -0.1 0.3 -0.1
v 0.0999999 0.3 -0.1
v 0.2 0.3 -0.1
v -0.2 0.3 -0.2
v -0.1 0.3 -0.2
v 0.0999999 0.3 -0.2
v 0.2 0.3 -0.2
v -0.4 0.3 -0.6
v -0.3 0.3 -0.6
v 0.3 0.3 -0.6
v 0.4 0.3 -0.6
v -1.3 0.3 -1
v -1.2 0.3 -1
v 1.2 0.3 -1
v 1.3 0.3 -1
v -0.4 0.3 -1.1
v -0.3 0.3 -1.1
v 0.3 0.3 -1.1
v 0.4 0.3 -1.1
v -0.4 0.3 -1.2
v -0.3 0.3 -1.2
v 0.3 0.3 -1.2
v 0.4 0.3 -1.2
v -1.3 0.3 -1.4
v -0.3 0.3 -1.4
v -0.2 0.3 -1.4
v 0.2 0.3 -1.4
v 0.3 0.3 -1.4
v 1.3 0.3 -1.4
v -0.3 0.3 -1.5
v -0.2 0.3 -1.5
v 0.2 0.3 -1.5
v 0.3 0.3 -1.5
v -0.3 0.3 -1.6
v -0.2 0.3 -1.6
v 0.2 0.3 -1.6
v 0.3 0.3 -1.6
v -0.6 0.3 -1.7
v -0.5 0.3 -1.7
v -0.2 0.3 -1.7
v 0.2 0.3 -1.7
v 0.5 0.3 -1.7
v 0.6 0.3 -1.7
v -1.3 0.3 -1.8
v -1.2 0.3 -1.8
v -0.6 0.3 -1.8
v -0.5 0.3 -1.8
v -0.3 0.3 -1.8
v -0.2 0.3 -1.8
v 0.2 0.3 -1.8
v 0.3 0.3 -1.8
v 0.5 0.3 -1.8
v 0.6 0.3 -1.8
v 1.2 0.3 -1.8
v 1.3 0.3 -1.8
v -0.2 0.3 -1.9
v 0.2 0.3 -1.9
v -0.1 0.4 -0.1
v 0.0999999 0.4 -0.1
v -0.2 0.4 -0.2
v -0.1 0.4 -0.2
v 0.0999999 0.4 -0.2
v 0.2 0.4 -0.2
v -0.3 0.4 -0.4
v -0.2 0.4 -0.4
v -0.1 0.4 -0.4
v 0.0999999 0.4 -0.4
v 0.2 0.4 -0.4
v 0.3 0.4 -0.4
v -0.3 0.4 -0.5
v -0.2 0.4 -0.5
v -0.1 0.4 -0.5
v 0.0999999 0.4 -0.5
v 0.2 0.4 -0.5
v 0.3 0.4 -0.5
v -0.3 0.4 -0.6
v -0.2 0.4 -0.6
v 0.2 0.4 -0.6
v 0.3 0.4 -0.6
v -0.2 0.4 -0.7
v 0.2 0.4 -0.7
v -0.3 0.4 -1.1
v -0.2 0.4 -1.1
v 0.2 0.4 -1.1
v 0.3 0.4 -1.1
v -0.3 0.4 -1.2
v -0.2 0.4 -1.2
v 0.2 0.4 -1.2
v 0.3 0.4 -1.2
v -1.4 0.4 -1.4
v -1.3 0.4 -1.4
v -0.3 0.4 -1.4
v -0.2 0.4 -1.4
v 0.2 0.4 -1.4
v 0.3 0.4 -1.4
v 1.3 0.4 -1.4
v 1.4 0.4 -1.4
v -1.4 0.4 -1.5
v -1.3 0.4 -1.5
v -0.2 0.4 -1.5
v 0.2 0.4 -1.5
v 1.3 0.4 -1.5
v 1.4 0.4 -1.5
v -0.2 0.4 -1.6
v 0.2 0.4 -1.6
v -0.2 0.4 -1.7
v 0.2 0.4 -1.7
v -0.6 0.4 -1.8
v -0.5 0.4 -1.8
v 0.5 0.4 -1.8
v 0.6 0.4 -1.8
v -0.6 0.4 -2.4
v -0.5 0.4 -2.4
v 0.5 0.4 -2.4
v 0.6 0.4 -2.4
v -0.1 0.5 -0.4
v 0.0999999 0.5 -0.4
v -0.3 0.5 -0.5
v -0.2 0.5 -0.5
v -0.1 0.5 -0.5
v 0.0999999 0.5 -0.5
v 0.2 0.5 -0.5
v 0.3 0.5 -0.5
v -0.3 0.5 -0.6
v -0.2 0.5 -0.6
v -0.1 0.5 -0.6
v 0.0999999 0.5 -0.6
v 0.2 0.5 -0.6
v 0.3 0.5 -0.6
v -0.1 0.5 -0.8
v 0.0999999 0.5 -0.8
v -0.2 0.5 -1
v -0.1 0.5 -1
v 0.0999999 0.5 -1
v 0.2 0.5 -1
v -0.2 0.5 -1.1
v 0.2 0.5 -1.1
v -0.2 0.5 -1.2
v 0.2 0.5 -1.2
v -0.2 0.5 -1.4
v 0.2 0.5 -1.4
v -1.4 0.5 -1.5
v -1.3 0.5 -1.5
v 1.3 0.5 -1.5
v 1.4 0.5 -1.5
v -1.4 0.5 -1.6
v 1.4 0.5 -1.6
v -1.4 0.5 -1.9
v -1.3 0.5 -1.9
v 1.3 0.5 -1.9
v 1.4 0.5 -1.9
v -0.2 0.6 -0.5
v 0.2 0.6 -0.5
v -0.1 0.6 -0.6
v 0.0999999 0.6 -0.6
v -0.2 0.6 -1
v -0.1 0.6 -1
v 0.0999999 0.6 -1
v 0.2 0.6 -1
v -1.5 0.6 -1.6
v -1.4 0.6 -1.6
v 1.4 0.6 -1.6
v 1.5 0.6 -1.6
v -1.5 0.6 -1.7
v -1.4 0.6 -1.7
v 1.4 0.6 -1.7
v 1.5 0.6 -1.7
v -1.5 0.7 -1.7
v -1.4 0.7 -1.7
v 1.4 0.7 -1.7
v 1.5 0.7 -1.7
v -1.5 0.7 -1.8
v -1.4 0.7 -1.8
v 1.4 0.7 -1.8
v 1.5 0.7 -1.8
v -1.5 0.8 -1.8
v -1.4 0.8 -1.8
v 1.4 0.8 -1.8
v 1.5 0.8 -1.8
v -1.5 0.8 -2.2
v -1.4 0.8 -2.2
v 1.4 0.8 -2.2
v 1.5 0.8 -2.2

# faces
f 3/1/1 2/1/1 1/1/1
f 4/1/1 2/1/1 3/1/1
f 7/7/1 6/7/1 5/7/1
f 8/7/1 6/7/1 7/7/1
f 9/7/1 7/7/1 5/7/1
f 10/7/1 6/7/1 8/7/1
f 11/7/1 9/7/1 5/7/1
f 11/7/1 10/7/1 9/7/1
f 12/7/1 6/7/1 10/7/1
f 12/7/1 10/7/1 11/7/1
f 16/2/1 14/2/1 13/2/1
f 17/2/1 14/2/1 16/2/1
f 19/2/1 16/2/1 15/2/1
f 20/1/1 18/1/1 17/1/1
f 21/2/1 19/2/1 15/2/1
f 22/1/1 20/1/1 19/1/1
f 22/2/1 19/2/1 21/2/1
f 23/1/1 18/1/1 20/1/1
f 23/1/1 20/1/1 22/1/1
f 26/1/1 25/1/1 24/1/1
f 27/1/1 25/1/1 26/1/1
f 28/1/1 25/1/1 27/1/1
f 30/1/1 29/1/1 28/1/1
f 30/1/1 28/1/1 27/1/1
f 31/1/1 29/1/1 30/1/1
f 32/1/1 29/1/1 31/1/1
f 34/2/1 33/2/1 32/2/1
f 34/2/1 32/2/1 31/2/1
f 35/2/1 33/2/1 34/2/1
f 39/2/1 37/2/1 36/2/1
f 40/1/1 38/1/1 37/1/1
f 40/2/1 37/2/1 39/2/1
f 41/1/1 38/1/1 40/1/1
f 44/1/1 43/1/1 42/1/1
f 45/1/1 43/1/1 44/1/1
f 46/1/1 43/1/1 45/1/1
f 48/1/1 47/1/1 46/1/1
f 48/1/1 46/1/1 45/1/1
f 49/1/1 47/1/1 48/1/1
f 50/1/1 47/1/1 49/1/1
f 53/6/1 52/6/1 51/6/1
f 54/6/1 52/6/1 53/6/1
f 59/6/1 56/6/1 55/6/1
f 61/1/1 58/1/1 57/1/1
f 63/6/1 60/6/1 59/6/1
f 63/6/1 59/6/1 55/6/1
f 64/6/1 60/6/1 63/6/1
f 65/6/1 60/6/1 64/6/1
f 66/6/1 65/6/1 64/6/1
f 67/6/1 65/6/1 66/6/1
f 71/1/1 61/1/1 57/1/1
f 72/7/1 62/7/1 61/7/1
f 72/1/1 61/1/1 71/1/1
f 73/7/1 62/7/1 72/7/1
f 75/7/1 71/7/1 70/7/1
f 75/7/1 70/7/1 69/7/1
f 75/7/1 69/7/1 68/7/1
f 76/7/1 71/7/1 75/7/1
f 77/1/1 75/1/1 74/1/1
f 77/1/1 76/1/1 75/1/1
f 78/1/1 76/1/1 77/1/1
f 79/1/1 76/1/1 78/1/1
f 82/6/1 81/6/1 80/6/1
f 83/6/1 81/6/1 82/6/1
f 84/6/1 81/6/1 83/6/1
f 86/6/1 85/6/1 84/6/1
f 86/6/1 84/6/1 83/6/1
f 87/6/1 85/6/1 86/6/1
f 90/6/1 89/6/1 88/6/1
f 91/6/1 89/6/1 90/6/1
f 92/6/1 89/6/1 91/6/1
f 94/6/1 93/6/1 92/6/1
f 94/6/1 92/6/1 91/6/1
f 95/6/1 93/6/1 94/6/1
f 96/6/1 94/6/1 91/6/1
f 97/6/1 94/6/1 96/6/1
f 100/6/1 99/6/1 98/6/1
f 104/6/1 103/6/1 102/6/1
f 105/6/1 103/6/1 104/6/1
f 106/6/1 100/6/1 98/6/1
f 106/6/1 101/6/1 100/6/1
f 107/6/1 101/6/1 106/6/1
f 108/6/1 101/6/1 107/6/1
f 111/6/1 110/6/1 109/6/1
f 112/6/1 110/6/1 111/6/1
f 115/6/1 114/6/1 113/6/1
f 119/6/1 115/6/1 113/6/1
f 119/6/1 116/6/1 115/6/1
f 120/6/1 116/6/1 119/6/1
f 121/6/1 116/6/1 120/6/1
f 122/6/1 116/6/1 121/6/1
f 123/6/1 118/6/1 117/6/1
f 124/6/1 118/6/1 123/6/1
f 125/6/1 121/6/1 120/6/1
f 126/6/1 121/6/1 125/6/1
f 129/7/1 128/7/1 127/7/1
f 130/7/1 128/7/1 129/7/1
f 131/7/1 129/7/1 127/7/1
f 132/7/1 129/7/1 131/7/1
f 133/2/1 132/2/1 131/2/1
f 134/2/1 132/2/1 133/2/1
f 137/1/1 136/1/1 135/1/1
f 138/1/1 136/1/1 137/1/1
f 141/7/1 138/7/1 137/7/1
f 142/7/1 138/7/1 141/7/1
f 143/2/1 140/2/1 139/2/1
f 144/2/1 142/2/1 141/2/1
f 145/2/1 142/2/1 144/2/1
f 148/2/1 140/2/1 143/2/1
f 149/2/1 140/2/1 148/2/1
f 151/7/1 147/7/1 146/7/1
f 151/7/1 150/7/1 149/7/1
f 151/7/1 149/7/1 148/7/1
f 151/7/1 148/7/1 147/7/1
f 152/7/1 150/7/1 151/7/1
f 153/7/1 150/7/1 152/7/1
f 154/7/1 150/7/1 153/7/1
f 155/7/1 150/7/1 154/7/1
f 157/6/1 156/6/1 155/6/1
f 157/6/1 155/6/1 154/6/1
f 158/6/1 156/6/1 157/6/1
f 161/1/1 160/1/1 159/1/1
f 162/1/1 160/1/1 161/1/1
f 165/7/1 162/7/1 161/7/1
f 166/7/1 162/7/1 165/7/1
f 167/2/1 166/2/1 165/2/1
f 168/2/1 166/2/1 167/2/1
f 173/2/1 164/2/1 163/2/1
f 174/2/1 164/2/1 173/2/1
f 175/7/1 170/7/1 169/7/1
f 175/7/1 171/7/1 170/7/1
f 176/6/1 172/6/1 171/6/1
f 176/7/1 171/7/1 175/7/1
f 177/6/1 172/6/1 176/6/1
f 181/1/1 179/1/1 178/1/1
f 182/1/1 179/1/1 181/1/1
f 183/1/1 179/1/1 182/1/1
f 187/1/1 181/1/1 180/1/1
f 187/1/1 182/1/1 181/1/1
f 188/1/1 182/1/1 187/1/1
f 189/1/1 182/1/1 188/1/1
f 190/1/1 182/1/1 189/1/1
f 192/1/1 185/1/1 184/1/1
f 193/7/1 186/7/1 185/7/1
f 193/1/1 185/1/1 192/1/1
f 195/2/1 192/2/1 191/2/1
f 196/7/1 193/7/1 192/7/1
f 196/2/1 192/2/1 195/2/1
f 197/7/1 186/7/1 193/7/1
f 197/7/1 193/7/1 196/7/1
f 198/2/1 196/2/1 195/2/1
f 198/2/1 195/2/1 194/2/1
f 198/2/1 197/2/1 196/2/1
f 199/2/1 197/2/1 198/2/1
f 203/7/1 201/7/1 200/7/1
f 204/6/1 202/6/1 201/6/1
f 204/7/1 201/7/1 203/7/1
f 205/6/1 202/6/1 204/6/1
f 213/7/1 207/7/1 206/7/1
f 214/7/1 207/7/1 213/7/1
f 215/2/1 208/2/1 207/2/1
f 215/7/1 207/7/1 214/7/1
f 216/2/1 208/2/1 215/2/1
f 217/1/1 209/1/1 208/1/1
f 217/2/1 208/2/1 216/2/1
f 218/7/1 210/7/1 209/7/1
f 218/1/1 209/1/1 217/1/1
f 219/7/1 210/7/1 218/7/1
f 220/7/1 210/7/1 219/7/1
f 221/7/1 212/7/1 211/7/1
f 222/1/1 214/1/1 213/1/1
f 222/7/1 212/7/1 221/7/1
f 222/1/1 213/1/1 212/1/1
f 223/1/1 214/1/1 222/1/1
f 224/2/1 216/2/1 215/2/1
f 224/1/1 214/1/1 223/1/1
f 224/2/1 215/2/1 214/2/1
f 225/2/1 216/2/1 224/2/1
f 226/1/1 217/1/1 216/1/1
f 226/2/1 216/2/1 225/2/1
f 226/1/1 219/1/1 218/1/1
f 226/1/1 218/1/1 217/1/1
f 227/1/1 219/1/1 226/1/1
f 228/1/1 219/1/1 227/1/1
f 229/1/1 223/1/1 222/1/1
f 229/1/1 222/1/1 221/1/1
f 230/2/1 225/2/1 224/2/1
f 230/1/1 223/1/1 229/1/1
f 230/2/1 224/2/1 223/2/1
f 231/1/1 226/1/1 225/1/1
f 231/2/1 225/2/1 230/2/1
f 231/1/1 227/1/1 226/1/1
f 232/1/1 227/1/1 231/1/1
f 233/1/1 227/1/1 232/1/1
f 237/1/1 233/1/1 232/1/1
f 237/1/1 234/1/1 233/1/1
f 238/1/1 234/1/1 237/1/1
f 239/1/1 234/1/1 238/1/1
f 240/7/1 236/7/1 235/7/1
f 241/7/1 236/7/1 240/7/1
f 242/7/1 236/7/1 241/7/1
f 243/7/1 236/7/1 242/7/1
f 244/7/1 236/7/1 243/7/1
f 245/1/1 234/1/1 239/1/1
f 245/7/1 239/7/1 238/7/1
f 246/1/1 234/1/1 245/1/1
f 248/7/1 241/7/1 240/7/1
f 249/7/1 241/7/1 248/7/1
f 250/6/1 242/6/1 241/6/1
f 250/7/1 241/7/1 249/7/1
f 251/7/1 243/7/1 242/7/1
f 251/6/1 242/6/1 250/6/1
f 252/7/1 243/7/1 251/7/1
f 253/7/1 247/7/1 246/7/1
f 253/7/1 245/7/1 238/7/1
f 253/7/1 246/7/1 245/7/1
f 254/7/1 247/7/1 253/7/1
f 255/7/1 247/7/1 254/7/1
f 256/6/1 248/6/1 247/6/1
f 256/7/1 247/7/1 255/7/1
f 257/7/1 249/7/1 248/7/1
f 257/6/1 248/6/1 256/6/1
f 258/7/1 249/7/1 257/7/1
f 259/7/1 255/7/1 254/7/1
f 260/7/1 255/7/1 259/7/1
f 264/7/1 262/7/1 261/7/1
f 265/7/1 262/7/1 264/7/1
f 266/7/1 262/7/1 265/7/1
f 267/7/1 262/7/1 266/7/1
f 268/7/1 262/7/1 267/7/1
f 270/7/1 264/7/1 263/7/1
f 271/7/1 264/7/1 270/7/1
f 272/7/1 264/7/1 271/7/1
f 273/7/1 270/7/1 269/7/1
f 274/7/1 270/7/1 273/7/1
f 275/1/1 274/1/1 273/1/1
f 276/1/1 274/1/1 275/1/1
f 284/1/1 277/1/1 276/1/1
f 285/2/1 278/2/1 277/2/1
f 285/1/1 277/1/1 284/1/1
f 285/2/1 279/2/1 278/2/1
f 286/1/1 281/1/1 280/1/1
f 286/2/1 279/2/1 285/2/1
f 286/1/1 280/1/1 279/1/1
f 287/1/1 281/1/1 286/1/1
f 291/7/1 283/7/1 282/7/1
f 292/7/1 283/7/1 291/7/1
f 293/1/1 288/1/1 287/1/1
f 294/7/1 289/7/1 288/7/1
f 294/1/1 288/1/1 293/1/1
f 295/7/1 289/7/1 294/7/1
f 296/7/1 289/7/1 295/7/1
f 301/7/1 291/7/1 290/7/1
f 302/7/1 291/7/1 301/7/1
f 303/4/1 296/4/1 295/4/1
f 304/4/1 296/4/1 303/4/1
f 309/7/1 298/7/1 297/7/1
f 310/6/1 299/6/1 298/6/1
f 310/7/1 298/7/1 309/7/1
f 311/7/1 300/7/1 299/7/1
f 311/6/1 299/6/1 310/6/1
f 312/7/1 300/7/1 311/7/1
f 314/4/1 306/4/1 305/4/1
f 315/7/1 307/7/1 306/7/1
f 315/4/1 306/4/1 314/4/1
f 316/7/1 307/7/1 315/7/1
f 317/6/1 308/6/1 307/6/1
f 317/7/1 307/7/1 316/7/1
f 318/7/1 309/7/1 308/7/1
f 318/6/1 308/6/1 317/6/1
f 319/7/1 309/7/1 318/7/1
f 320/7/1 316/7/1 315/7/1
f 320/7/1 315/7/1 314/7/1
f 320/7/1 314/7/1 313/7/1
f 321/7/1 316/7/1 320/7/1
f 325/7/1 323/7/1 322/7/1
f 326/7/1 323/7/1 325/7/1
f 327/7/1 325/7/1 324/7/1
f 328/7/1 325/7/1 327/7/1
f 329/1/1 328/1/1 327/1/1
f 330/1/1 328/1/1 329/1/1
f 332/1/1 331/1/1 330/1/1
f 333/1/1 331/1/1 332/1/1
f 336/7/1 335/7/1 334/7/1
f 337/7/1 335/7/1 336/7/1
f 340/4/1 339/4/1 338/4/1
f 341/4/1 339/4/1 340/4/1
f 344/4/1 343/4/1 342/4/1
f 345/4/1 343/4/1 344/4/1
f 349/7/1 347/7/1 346/7/1
f 349/7/1 348/7/1 347/7/1
f 350/7/1 348/7/1 349/7/1
f 356/1/1 352/1/1 351/1/1
f 358/1/1 354/1/1 353/1/1
f 359/1/1 354/1/1 358/1/1
f 360/1/1 354/1/1 359/1/1
f 361/1/1 356/1/1 355/1/1
f 362/1/1 352/1/1 356/1/1
f 362/1/1 356/1/1 361/1/1
f 363/1/1 358/1/1 357/1/1
f 363/1/1 359/1/1 358/1/1
f 364/1/1 359/1/1 363/1/1
f 365/1/1 359/1/1 364/1/1
f 366/1/1 359/1/1 365/1/1
f 369/6/1 368/6/1 367/6/1
f 372/6/1 369/6/1 367/6/1
f 372/6/1 370/6/1 369/6/1
f 373/6/1 370/6/1 372/6/1
f 374/2/1 371/2/1 370/2/1
f 374/6/1 370/6/1 373/6/1
f 375/2/1 371/2/1 374/2/1
f 378/1/1 377/1/1 376/1/1
f 379/1/1 377/1/1 378/1/1
f 380/1/1 377/1/1 379/1/1
f 383/2/1 382/2/1 381/2/1
f 384/2/1 382/2/1 383/2/1
f 388/7/1 386/7/1 385/7/1
f 388/7/1 387/7/1 386/7/1
f 389/7/1 387/7/1 388/7/1
f 390/7/1 387/7/1 389/7/1
f 391/7/1 387/7/1 390/7/1
f 392/7/1 387/7/1 391/7/1
f 394/6/1 393/6/1 392/6/1
f 394/6/1 392/6/1 391/6/1
f 395/6/1 393/6/1 394/6/1
f 398/2/1 397/2/1 396/2/1
f 399/2/1 397/2/1 398/2/1
f 401/1/1 400/1/1 399/1/1
f 402/1/1 400/1/1 401/1/1
f 404/7/1 403/7/1 402/7/1
f 408/7/1 403/7/1 404/7/1
f 409/7/1 403/7/1 408/7/1
f 410/2/1 406/2/1 405/2/1
f 411/1/1 407/1/1 406/1/1
f 411/2/1 406/2/1 410/2/1
f 412/1/1 407/1/1 411/1/1
f 415/6/1 414/6/1 413/6/1
f 419/6/1 418/6/1 417/6/1
f 420/6/1 418/6/1 419/6/1
f 421/6/1 418/6/1 420/6/1
f 423/6/1 415/6/1 413/6/1
f 423/6/1 416/6/1 415/6/1
f 424/6/1 416/6/1 423/6/1
f 425/6/1 416/6/1 424/6/1
f 426/6/1 422/6/1 421/6/1
f 426/6/1 421/6/1 420/6/1
f 427/6/1 422/6/1 426/6/1
f 428/6/1 426/6/1 420/6/1
f 429/6/1 426/6/1 428/6/1
f 432/6/1 431/6/1 430/6/1
f 433/6/1 431/6/1 432/6/1
f 436/6/1 435/6/1 434/6/1
f 437/6/1 435/6/1 436/6/1
f 440/1/1 439/1/1 438/1/1
f 441/1/1 439/1/1 440/1/1
f 444/6/1 443/6/1 442/6/1
f 445/6/1 443/6/1 444/6/1
f 448/6/1 447/6/1 446/6/1
f 450/6/1 448/6/1 446/6/1
f 450/6/1 449/6/1 448/6/1
f 451/6/1 449/6/1 450/6/1
f 452/6/1 449/6/1 451/6/1
f 453/6/1 449/6/1 452/6/1
f 454/7/1 452/7/1 451/7/1
f 455/7/1 452/7/1 454/7/1
f 458/6/1 457/6/1 456/6/1
f 459/6/1 457/6/1 458/6/1
f 460/6/1 457/6/1 459/6/1
f 462/6/1 461/6/1 460/6/1
f 462/6/1 460/6/1 459/6/1
f 463/6/1 461/6/1 462/6/1
f 466/6/1 465/6/1 464/6/1
f 467/6/1 465/6/1 466/6/1
f 470/1/1 469/1/1 468/1/1
f 471/1/1 469/1/1 470/1/1
f 474/6/1 473/6/1 472/6/1
f 476/6/1 474/6/1 472/6/1
f 476/6/1 475/6/1 474/6/1
f 477/6/1 475/6/1 476/6/1
f 478/6/1 475/6/1 477/6/1
f 481/1/1 480/1/1 479/1/1
f 482/1/1 480/1/1 481/1/1
f 485/1/1 484/1/1 483/1/1
f 486/1/1 484/1/1 485/1/1
f 487/1/1 484/1/1 486/1/1
f 489/1/1 488/1/1 487/1/1
f 489/1/1 487/1/1 486/1/1
f 490/1/1 488/1/1 489/1/1
f 494/1/1 493/1/1 492/1/1
f 495/2/1 492/2/1 491/2/1
f 496/1/1 494/1/1 492/1/1
f 496/2/1 492/2/1 495/2/1
f 497/1/1 494/1/1 496/1/1
f 498/2/1 495/2/1 491/2/1
f 499/2/1 495/2/1 498/2/1
f 503/1/1 501/1/1 500/1/1
f 503/1/1 502/1/1 501/1/1
f 504/1/1 502/1/1 503/1/1
f 505/1/1 502/1/1 504/1/1
f 507/1/1 506/1/1 505/1/1
f 507/1/1 505/1/1 504/1/1
f 508/1/1 506/1/1 507/1/1
f 509/1/1 506/1/1 508/1/1
f 511/2/1 510/2/1 509/2/1
f 511/2/1 509/2/1 508/2/1
f 512/2/1 510/2/1 511/2/1
f 514/1/2 515/1/2 516/1/2
f 513/2/2 514/2/2 517/2/2
f 514/1/2 516/1/2 518/1/2
f 517/2/2 514/2/2 518/2/2
f 518/1/2 516/1/2 519/1/2
f 513/2/2 517/2/2 520/2/2
f 520/2/2 517/2/2 521/2/2
f 522/1/2 523/1/2 525/1/2
f 523/1/2 524/1/2 525/1/2
f 525/1/2 524/1/2 526/1/2
f 526/1/2 524/1/2 527/1/2
f 527/1/2 528/1/2 529/1/2
f 526/1/2 527/1/2 529/1/2
f 529/1/2 528/1/2 530/1/2
f 530/1/2 528/1/2 531/1/2
f 531/2/2 532/2/2 533/2/2
f 530/2/2 531/2/2 533/2/2
f 533/2/2 532/2/2 534/2/2
f 535/1/2 536/1/2 537/1/2
f 537/1/2 536/1/2 538/1/2
f 538/1/2 536/1/2 539/1/2
f 539/1/2 540/1/2 541/1/2
f 538/1/2 539/1/2 541/1/2
f 541/1/2 540/1/2 542/1/2
f 543/6/2 544/6/2 545/6/2
f 543/6/2 545/6/2 547/6/2
f 545/6/2 546/6/2 547/6/2
f 547/6/2 546/6/2 548/6/2
f 548/6/2 546/6/2 549/6/2
f 550/1/2 551/1/2 552/1/2
f 552/1/2 551/1/2 553/1/2
f 554/6/2 555/6/2 556/6/2
f 556/6/2 555/6/2 557/6/2
f 557/6/2 555/6/2 558/6/2
f 558/6/2 559/6/2 560/6/2
f 557/6/2 558/6/2 560/6/2
f 560/6/2 559/6/2 561/6/2
f 562/6/2 563/6/2 564/6/2
f 564/6/2 563/6/2 565/6/2
f 566/1/2 567/1/2 568/1/2
f 568/1/2 567/1/2 569/1/2
f 570/6/2 571/6/2 572/6/2
f 572/6/2 571/6/2 573/6/2
f 574/6/2 575/6/2 576/6/2
f 574/6/2 576/6/2 578/6/2
f 576/6/2 577/6/2 578/6/2
f 578/6/2 577/6/2 579/6/2
f 579/6/2 577/6/2 580/6/2
f 580/6/2 577/6/2 581/6/2
f 579/7/2 580/7/2 582/7/2
f 582/7/2 580/7/2 583/7/2
f 584/6/2 585/6/2 586/6/2
f 586/6/2 585/6/2 587/6/2
f 588/6/2 589/6/2 590/6/2
f 590/6/2 589/6/2 591/6/2
f 592/1/2 593/1/2 594/1/2
f 594/1/2 593/1/2 595/1/2
f 596/6/2 597/6/2 598/6/2
f 600/6/2 601/6/2 602/6/2
f 602/6/2 601/6/2 603/6/2
f 603/6/2 601/6/2 604/6/2
f 596/6/2 598/6/2 606/6/2
f 598/6/2 599/6/2 606/6/2
f 606/6/2 599/6/2 607/6/2
f 607/6/2 599/6/2 608/6/2
f 604/6/2 605/6/2 609/6/2
f 603/6/2 604/6/2 609/6/2
f 609/6/2 605/6/2 610/6/2
f 603/6/2 609/6/2 611/6/2
f 611/6/2 609/6/2 612/6/2
f 613/2/2 614/2/2 615/2/2
f 615/2/2 614/2/2 616/2/2
f 616/1/2 617/1/2 618/1/2
f 618/1/2 617/1/2 619/1/2
f 619/7/2 620/7/2 621/7/2
f 621/7/2 620/7/2 625/7/2
f 625/7/2 620/7/2 626/7/2
f 622/2/2 623/2/2 627/2/2
f 623/1/2 624/1/2 628/1/2
f 627/2/2 623/2/2 628/2/2
f 628/1/2 624/1/2 629/1/2
f 630/1/2 631/1/2 632/1/2
f 632/1/2 631/1/2 633/1/2
f 633/1/2 631/1/2 634/1/2
f 635/2/2 636/2/2 637/2/2
f 637/2/2 636/2/2 638/2/2
f 639/7/2 640/7/2 642/7/2
f 640/7/2 641/7/2 642/7/2
f 642/7/2 641/7/2 643/7/2
f 643/7/2 641/7/2 644/7/2
f 644/7/2 641/7/2 645/7/2
f 645/7/2 641/7/2 646/7/2
f 646/6/2 647/6/2 648/6/2
f 645/6/2 646/6/2 648/6/2
f 648/6/2 647/6/2 649/6/2
f 650/6/2 651/6/2 652/6/2
f 650/6/2 652/6/2 655/6/2
f 652/6/2 653/6/2 655/6/2
f 655/6/2 653/6/2 656/6/2
f 653/2/2 654/2/2 657/2/2
f 656/6/2 653/6/2 657/6/2
f 657/2/2 654/2/2 658/2/2
f 659/1/2 660/1/2 664/1/2
f 661/1/2 662/1/2 666/1/2
f 666/1/2 662/1/2 667/1/2
f 667/1/2 662/1/2 668/1/2
f 663/1/2 664/1/2 669/1/2
f 664/1/2 660/1/2 670/1/2
f 669/1/2 664/1/2 670/1/2
f 665/1/2 666/1/2 671/1/2
f 666/1/2 667/1/2 671/1/2
f 671/1/2 667/1/2 672/1/2
f 672/1/2 667/1/2 673/1/2
f 673/1/2 667/1/2 674/1/2
f 675/7/2 676/7/2 678/7/2
f 676/7/2 677/7/2 678/7/2
f 678/7/2 677/7/2 679/7/2
f 680/7/2 681/7/2 683/7/2
f 683/7/2 681/7/2 684/7/2
f 682/7/2 683/7/2 685/7/2
f 685/7/2 683/7/2 686/7/2
f 685/1/2 686/1/2 687/1/2
f 687/1/2 686/1/2 688/1/2
f 688/1/2 689/1/2 690/1/2
f 690/1/2 689/1/2 691/1/2
f 692/7/2 693/7/2 694/7/2
f 694/7/2 693/7/2 695/7/2
f 696/4/2 697/4/2 698/4/2
f 698/4/2 697/4/2 699/4/2
f 700/4/2 701/4/2 702/4/2
f 702/4/2 701/4/2 703/4/2
f 704/7/2 705/7/2 707/7/2
f 707/7/2 705/7/2 708/7/2
f 708/7/2 705/7/2 709/7/2
f 709/7/2 705/7/2 710/7/2
f 710/7/2 705/7/2 711/7/2
f 706/7/2 707/7/2 713/7/2
f 713/7/2 707/7/2 714/7/2
f 714/7/2 707/7/2 715/7/2
f 712/7/2 713/7/2 716/7/2
f 716/7/2 713/7/2 717/7/2
f 716/1/2 717/1/2 718/1/2
f 718/1/2 717/1/2 719/1/2
f 719/1/2 720/1/2 727/1/2
f 720/2/2 721/2/2 728/2/2
f 727/1/2 720/1/2 728/1/2
f 721/2/2 722/2/2 728/2/2
f 723/1/2 724/1/2 729/1/2
f 728/2/2 722/2/2 729/2/2
f 722/1/2 723/1/2 729/1/2
f 729/1/2 724/1/2 730/1/2
f 725/7/2 726/7/2 734/7/2
f 734/7/2 726/7/2 735/7/2
f 730/1/2 731/1/2 736/1/2
f 731/7/2 732/7/2 737/7/2
f 736/1/2 731/1/2 737/1/2
f 737/7/2 732/7/2 738/7/2
f 738/7/2 732/7/2 739/7/2
f 733/7/2 734/7/2 744/7/2
f 744/7/2 734/7/2 745/7/2
f 738/4/2 739/4/2 746/4/2
f 746/4/2 739/4/2 747/4/2
f 740/7/2 741/7/2 752/7/2
f 741/6/2 742/6/2 753/6/2
f 752/7/2 741/7/2 753/7/2
f 742/7/2 743/7/2 754/7/2
f 753/6/2 742/6/2 754/6/2
f 754/7/2 743/7/2 755/7/2
f 748/4/2 749/4/2 757/4/2
f 749/7/2 750/7/2 758/7/2
f 757/4/2 749/4/2 758/4/2
f 758/7/2 750/7/2 759/7/2
f 750/6/2 751/6/2 760/6/2
f 759/7/2 750/7/2 760/7/2
f 751/7/2 752/7/2 761/7/2
f 760/6/2 751/6/2 761/6/2
f 761/7/2 752/7/2 762/7/2
f 758/7/2 759/7/2 763/7/2
f 757/7/2 758/7/2 763/7/2
f 756/7/2 757/7/2 763/7/2
f 763/7/2 759/7/2 764/7/2
f 765/7/2 766/7/2 772/7/2
f 772/7/2 766/7/2 773/7/2
f 766/2/2 767/2/2 774/2/2
f 773/7/2 766/7/2 774/7/2
f 774/2/2 767/2/2 775/2/2
f 767/1/2 768/1/2 776/1/2
f 775/2/2 767/2/2 776/2/2
f 768/7/2 769/7/2 777/7/2
f 776/1/2 768/1/2 777/1/2
f 777/7/2 769/7/2 778/7/2
f 778/7/2 769/7/2 779/7/2
f 770/7/2 771/7/2 780/7/2
f 772/1/2 773/1/2 781/1/2
f 780/7/2 771/7/2 781/7/2
f 771/1/2 772/1/2 781/1/2
f 781/1/2 773/1/2 782/1/2
f 774/2/2 775/2/2 783/2/2
f 782/1/2 773/1/2 783/1/2
f 773/2/2 774/2/2 783/2/2
f 783/2/2 775/2/2 784/2/2
f 775/1/2 776/1/2 785/1/2
f 784/2/2 775/2/2 785/2/2
f 777/1/2 778/1/2 785/1/2
f 776/1/2 777/1/2 785/1/2
f 785/1/2 778/1/2 786/1/2
f 786/1/2 778/1/2 787/1/2
f 781/1/2 782/1/2 788/1/2
f 780/1/2 781/1/2 788/1/2
f 783/2/2 784/2/2 789/2/2
f 788/1/2 782/1/2 789/1/2
f 782/2/2 783/2/2 789/2/2
f 784/1/2 785/1/2 790/1/2
f 789/2/2 784/2/2 790/2/2
f 785/1/2 786/1/2 790/1/2
f 790/1/2 786/1/2 791/1/2
f 791/1/2 786/1/2 792/1/2
f 791/1/2 792/1/2 796/1/2
f 792/1/2 793/1/2 796/1/2
f 796/1/2 793/1/2 797/1/2
f 797/1/2 793/1/2 798/1/2
f 794/7/2 795/7/2 799/7/2
f 799/7/2 795/7/2 800/7/2
f 800/7/2 795/7/2 801/7/2
f 801/7/2 795/7/2 802/7/2
f 802/7/2 795/7/2 803/7/2
f 798/1/2 793/1/2 804/1/2
f 797/7/2 798/7/2 804/7/2
f 804/1/2 793/1/2 805/1/2
f 799/7/2 800/7/2 807/7/2
f 807/7/2 800/7/2 808/7/2
f 800/6/2 801/6/2 809/6/2
f 808/7/2 800/7/2 809/7/2
f 801/7/2 802/7/2 810/7/2
f 809/6/2 801/6/2 810/6/2
f 810/7/2 802/7/2 811/7/2
f 805/7/2 806/7/2 812/7/2
f 797/7/2 804/7/2 812/7/2
f 804/7/2 805/7/2 812/7/2
f 812/7/2 806/7/2 813/7/2
f 813/7/2 806/7/2 814/7/2
f 806/6/2 807/6/2 815/6/2
f 814/7/2 806/7/2 815/7/2
f 807/7/2 808/7/2 816/7/2
f 815/6/2 807/6/2 816/6/2
f 816/7/2 808/7/2 817/7/2
f 813/7/2 814/7/2 818/7/2
f 818/7/2 814/7/2 819/7/2
f 820/1/2 821/1/2 823/1/2
f 823/1/2 821/1/2 824/1/2
f 824/1/2 821/1/2 825/1/2
f 822/1/2 823/1/2 829/1/2
f 823/1/2 824/1/2 829/1/2
f 829/1/2 824/1/2 830/1/2
f 830/1/2 824/1/2 831/1/2
f 831/1/2 824/1/2 832/1/2
f 826/1/2 827/1/2 834/1/2
f 827/7/2 828/7/2 835/7/2
f 834/1/2 827/1/2 835/1/2
f 833/2/2 834/2/2 837/2/2
f 834/7/2 835/7/2 838/7/2
f 837/2/2 834/2/2 838/2/2
f 835/7/2 828/7/2 839/7/2
f 838/7/2 835/7/2 839/7/2
f 837/2/2 838/2/2 840/2/2
f 836/2/2 837/2/2 840/2/2
f 838/2/2 839/2/2 840/2/2
f 840/2/2 839/2/2 841/2/2
f 842/7/2 843/7/2 845/7/2
f 843/6/2 844/6/2 846/6/2
f 845/7/2 843/7/2 846/7/2
f 846/6/2 844/6/2 847/6/2
f 848/1/2 849/1/2 850/1/2
f 850/1/2 849/1/2 851/1/2
f 850/7/2 851/7/2 854/7/2
f 854/7/2 851/7/2 855/7/2
f 854/2/2 855/2/2 856/2/2
f 856/2/2 855/2/2 857/2/2
f 852/2/2 853/2/2 862/2/2
f 862/2/2 853/2/2 863/2/2
f 858/7/2 859/7/2 864/7/2
f 859/7/2 860/7/2 864/7/2
f 860/6/2 861/6/2 865/6/2
f 864/7/2 860/7/2 865/7/2
f 865/6/2 861/6/2 866/6/2
f 867/1/2 868/1/2 869/1/2
f 869/1/2 868/1/2 870/1/2
f 869/7/2 870/7/2 873/7/2
f 873/7/2 870/7/2 874/7/2
f 871/2/2 872/2/2 875/2/2
f 873/2/2 874/2/2 876/2/2
f 876/2/2 874/2/2 877/2/2
f 875/2/2 872/2/2 880/2/2
f 880/2/2 872/2/2 881/2/2
f 878/7/2 879/7/2 883/7/2
f 881/7/2 882/7/2 883/7/2
f 880/7/2 881/7/2 883/7/2
f 879/7/2 880/7/2 883/7/2
f 883/7/2 882/7/2 884/7/2
f 884/7/2 882/7/2 885/7/2
f 885/7/2 882/7/2 886/7/2
f 886/7/2 882/7/2 887/7/2
f 887/6/2 888/6/2 889/6/2
f 886/6/2 887/6/2 889/6/2
f 889/6/2 888/6/2 890/6/2
f 891/7/2 892/7/2 893/7/2
f 893/7/2 892/7/2 894/7/2
f 891/7/2 893/7/2 895/7/2
f 895/7/2 893/7/2 896/7/2
f 895/2/2 896/2/2 897/2/2
f 897/2/2 896/2/2 898/2/2
f 899/6/2 900/6/2 901/6/2
f 899/6/2 901/6/2 905/6/2
f 901/6/2 902/6/2 905/6/2
f 905/6/2 902/6/2 906/6/2
f 906/6/2 902/6/2 907/6/2
f 907/6/2 902/6/2 908/6/2
f 903/6/2 904/6/2 909/6/2
f 909/6/2 904/6/2 910/6/2
f 906/6/2 907/6/2 911/6/2
f 911/6/2 907/6/2 912/6/2
f 913/6/2 914/6/2 915/6/2
f 917/6/2 918/6/2 919/6/2
f 919/6/2 918/6/2 920/6/2
f 913/6/2 915/6/2 921/6/2
f 915/6/2 916/6/2 921/6/2
f 921/6/2 916/6/2 922/6/2
f 922/6/2 916/6/2 923/6/2
f 924/6/2 925/6/2 926/6/2
f 926/6/2 925/6/2 927/6/2
f 928/6/2 929/6/2 930/6/2
f 930/6/2 929/6/2 931/6/2
f 931/6/2 929/6/2 932/6/2
f 932/6/2 933/6/2 934/6/2
f 931/6/2 932/6/2 934/6/2
f 934/6/2 933/6/2 935/6/2
f 936/6/2 937/6/2 938/6/2
f 938/6/2 937/6/2 939/6/2
f 939/6/2 937/6/2 940/6/2
f 940/6/2 941/6/2 942/6/2
f 939/6/2 940/6/2 942/6/2
f 942/6/2 941/6/2 943/6/2
f 939/6/2 942/6/2 944/6/2
f 944/6/2 942/6/2 945/6/2
f 946/6/2 947/6/2 948/6/2
f 948/6/2 947/6/2 949/6/2
f 950/6/2 951/6/2 954/6/2
f 952/1/2 953/1/2 956/1/2
f 954/6/2 955/6/2 958/6/2
f 950/6/2 954/6/2 958/6/2
f 958/6/2 955/6/2 959/6/2
f 959/6/2 955/6/2 960/6/2
f 959/6/2 960/6/2 961/6/2
f 961/6/2 960/6/2 962/6/2
f 952/1/2 956/1/2 966/1/2
f 956/7/2 957/7/2 967/7/2
f 966/1/2 956/1/2 967/1/2
f 967/7/2 957/7/2 968/7/2
f 965/7/2 966/7/2 970/7/2
f 964/7/2 965/7/2 970/7/2
f 963/7/2 964/7/2 970/7/2
f 970/7/2 966/7/2 971/7/2
f 969/1/2 970/1/2 972/1/2
f 970/1/2 971/1/2 972/1/2
f 972/1/2 971/1/2 973/1/2
f 973/1/2 971/1/2 974/1/2
f 975/2/2 976/2/2 978/2/2
f 976/1/2 977/1/2 979/1/2
f 978/2/2 976/2/2 979/2/2
f 979/1/2 977/1/2 980/1/2
f 981/1/2 982/1/2 983/1/2
f 983/1/2 982/1/2 984/1/2
f 984/1/2 982/1/2 985/1/2
f 985/1/2 986/1/2 987/1/2
f 984/1/2 985/1/2 987/1/2
f 987/1/2 986/1/2 988/1/2
f 988/1/2 986/1/2 989/1/2
f 990/2/2 991/2/2 993/2/2
f 993/2/2 991/2/2 994/2/2
f 992/2/2 993/2/2 996/2/2
f 994/1/2 995/1/2 997/1/2
f 992/2/2 996/2/2 998/2/2
f 996/1/2 997/1/2 999/1/2
f 998/2/2 996/2/2 999/2/2
f 997/1/2 995/1/2 1000/1/2
f 999/1/2 997/1/2 1000/1/2
f 1001/1/2 1002/1/2 1003/1/2
f 1003/1/2 1002/1/2 1004/1/2
f 1004/1/2 1002/1/2 1005/1/2
f 1005/1/2 1006/1/2 1007/1/2
f 1004/1/2 1005/1/2 1007/1/2
f 1007/1/2 1006/1/2 1008/1/2
f 1008/1/2 1006/1/2 1009/1/2
f 1009/2/2 1010/2/2 1011/2/2
f 1008/2/2 1009/2/2 1011/2/2
f 1011/2/2 1010/2/2 1012/2/2
f 1013/7/2 1014/7/2 1015/7/2
f 1015/7/2 1014/7/2 1016/7/2
f 1013/7/2 1015/7/2 1017/7/2
f 1016/7/2 1014/7/2 1018/7/2
f 1013/7/2 1017/7/2 1019/7/2
f 1017/7/2 1018/7/2 1019/7/2
f 1018/7/2 1014/7/2 1020/7/2
f 1019/7/2 1018/7/2 1020/7/2
f 1021/1/2 1022/1/2 1023/1/2
f 1023/1/2 1022/1/2 1024/1/2
f 1028/7/3 1026/7/3 1025/7/3
f 1029/1/3 1027/1/3 1026/1/3
f 1029/7/3 1026/7/3 1028/7/3
f 1030/1/3 1027/1/3 1029/1/3
f 1035/7/3 1032/7/3 1031/7/3
f 1036/1/3 1033/1/3 1032/1/3
f 1036/7/3 1032/7/3 1035/7/3
f 1037/1/3 1033/1/3 1036/1/3
f 1039/7/3 1035/7/3 1034/7/3
f 1040/7/3 1035/7/3 1039/7/3
f 1042/1/3 1038/1/3 1037/1/3
f 1043/1/3 1038/1/3 1042/1/3
f 1044/7/3 1041/7/3 1040/7/3
f 1045/1/3 1042/1/3 1041/1/3
f 1045/7/3 1041/7/3 1044/7/3
f 1046/1/3 1042/1/3 1045/1/3
f 1051/7/3 1048/7/3 1047/7/3
f 1052/1/3 1049/1/3 1048/1/3
f 1052/7/3 1048/7/3 1051/7/3
f 1053/1/3 1049/1/3 1052/1/3
f 1055/7/3 1051/7/3 1050/7/3
f 1056/7/3 1051/7/3 1055/7/3
f 1057/1/3 1054/1/3 1053/1/3
f 1058/1/3 1054/1/3 1057/1/3
f 1063/7/3 1060/7/3 1059/7/3
f 1064/7/3 1060/7/3 1063/7/3
f 1066/1/3 1062/1/3 1061/1/3
f 1067/1/3 1062/1/3 1066/1/3
f 1068/7/3 1065/7/3 1064/7/3
f 1069/1/3 1066/1/3 1065/1/3
f 1069/7/3 1065/7/3 1068/7/3
f 1070/1/3 1066/1/3 1069/1/3
f 1074/7/3 1072/7/3 1071/7/3
f 1075/7/3 1072/7/3 1074/7/3
f 1076/7/3 1074/7/3 1073/7/3
f 1077/7/3 1074/7/3 1076/7/3
f 1079/7/3 1078/7/3 1077/7/3
f 1080/7/3 1078/7/3 1079/7/3
f 1083/7/3 1082/7/3 1081/7/3
f 1084/7/3 1082/7/3 1083/7/3
f 1087/1/3 1086/1/3 1085/1/3
f 1088/1/3 1086/1/3 1087/1/3
f 1090/1/3 1089/1/3 1088/1/3
f 1091/1/3 1089/1/3 1090/1/3
f 1095/1/3 1093/1/3 1092/1/3
f 1096/1/3 1093/1/3 1095/1/3
f 1097/1/3 1095/1/3 1094/1/3
f 1098/1/3 1095/1/3 1097/1/3
f 1101/2/3 1100/2/3 1099/2/3
f 1102/2/3 1100/2/3 1101/2/3
f 1105/2/3 1104/2/3 1103/2/3
f 1106/2/3 1104/2/3 1105/2/3
f 1109/2/3 1108/2/3 1107/2/3
f 1110/2/3 1108/2/3 1109/2/3
f 1113/4/3 1112/4/3 1111/4/3
f 1114/4/3 1112/4/3 1113/4/3
f 1117/2/3 1116/2/3 1115/2/3
f 1118/2/3 1116/2/3 1117/2/3
f 1121/1/3 1120/1/3 1119/1/3
f 1122/1/3 1120/1/3 1121/1/3
f 1123/1/3 1120/1/3 1122/1/3
f 1124/7/3 1122/7/3 1121/7/3
f 1125/7/3 1122/7/3 1124/7/3
f 1128/4/3 1127/4/3 1126/4/3
f 1129/4/3 1127/4/3 1128/4/3
f 1134/4/3 1131/4/3 1130/4/3
f 1135/4/3 1131/4/3 1134/4/3
f 1136/7/3 1133/7/3 1132/7/3
f 1137/7/3 1133/7/3 1136/7/3
f 1139/1/3 1137/1/3 1136/1/3
f 1139/1/3 1138/1/3 1137/1/3
f 1140/1/3 1138/1/3 1139/1/3
f 1145/1/3 1142/1/3 1141/1/3
f 1145/7/3 1143/7/3 1142/7/3
f 1146/2/3 1144/2/3 1143/2/3
f 1146/7/3 1143/7/3 1145/7/3
f 1147/2/3 1144/2/3 1146/2/3
f 1148/1/3 1145/1/3 1141/1/3
f 1149/1/3 1145/1/3 1148/1/3
f 1152/7/3 1151/7/3 1150/7/3
f 1153/7/3 1151/7/3 1152/7/3
f 1154/7/3 1151/7/3 1153/7/3
f 1157/4/3 1156/4/3 1155/4/3
f 1158/4/3 1156/4/3 1157/4/3
f 1164/7/3 1160/7/3 1159/7/3
f 1164/7/3 1161/7/3 1160/7/3
f 1165/7/3 1161/7/3 1164/7/3
f 1166/1/3 1163/1/3 1162/1/3
f 1169/1/3 1166/1/3 1162/1/3
f 1170/7/3 1167/7/3 1166/7/3
f 1170/1/3 1166/1/3 1169/1/3
f 1171/2/3 1168/2/3 1167/2/3
f 1171/7/3 1167/7/3 1170/7/3
f 1172/2/3 1168/2/3 1171/2/3
f 1175/6/3 1174/6/3 1173/6/3
f 1176/6/3 1174/6/3 1175/6/3
f 1179/6/3 1178/6/3 1177/6/3
f 1180/6/3 1178/6/3 1179/6/3
f 1183/6/3 1182/6/3 1181/6/3
f 1184/6/3 1182/6/3 1183/6/3
f 1189/1/3 1186/1/3 1185/1/3
f 1189/7/3 1187/7/3 1186/7/3
f 1190/7/3 1187/7/3 1189/7/3
f 1191/2/3 1188/2/3 1187/2/3
f 1191/7/3 1187/7/3 1190/7/3
f 1192/2/3 1188/2/3 1191/2/3
f 1193/1/3 1189/1/3 1185/1/3
f 1194/1/3 1189/1/3 1193/1/3
f 1197/7/3 1196/7/3 1195/7/3
f 1198/7/3 1196/7/3 1197/7/3
f 1200/4/3 1198/4/3 1197/4/3
f 1201/7/3 1199/7/3 1198/7/3
f 1201/4/3 1198/4/3 1200/4/3
f 1203/7/3 1199/7/3 1201/7/3
f 1204/4/3 1203/4/3 1202/4/3
f 1205/7/3 1199/7/3 1203/7/3
f 1205/4/3 1203/4/3 1204/4/3
f 1206/7/3 1199/7/3 1205/7/3
f 1209/7/3 1205/7/3 1204/7/3
f 1210/7/3 1205/7/3 1209/7/3
f 1211/1/3 1208/1/3 1207/1/3
f 1215/1/3 1211/1/3 1207/1/3
f 1216/7/3 1212/7/3 1211/7/3
f 1216/1/3 1211/1/3 1215/1/3
f 1216/7/3 1213/7/3 1212/7/3
f 1217/2/3 1214/2/3 1213/2/3
f 1217/7/3 1213/7/3 1216/7/3
f 1218/2/3 1214/2/3 1217/2/3
f 1221/6/3 1220/6/3 1219/6/3
f 1222/6/3 1220/6/3 1221/6/3
f 1225/6/3 1224/6/3 1223/6/3
f 1226/6/3 1224/6/3 1225/6/3
f 1229/6/3 1228/6/3 1227/6/3
f 1230/6/3 1228/6/3 1229/6/3
f 1233/2/3 1232/2/3 1231/2/3
f 1234/2/3 1232/2/3 1233/2/3
f 1235/2/3 1232/2/3 1234/2/3
f 1237/1/3 1234/1/3 1233/1/3
f 1238/1/3 1234/1/3 1237/1/3
f 1241/1/3 1240/1/3 1239/1/3
f 1242/1/3 1240/1/3 1241/1/3
f 1245/1/3 1244/1/3 1243/1/3
f 1246/1/3 1244/1/3 1245/1/3
f 1249/1/3 1248/1/3 1247/1/3
f 1251/2/3 1236/2/3 1235/2/3
f 1252/2/3 1236/2/3 1251/2/3
f 1253/1/3 1249/1/3 1247/1/3
f 1254/7/3 1250/7/3 1249/7/3
f 1254/1/3 1249/1/3 1253/1/3
f 1255/2/3 1251/2/3 1250/2/3
f 1255/7/3 1250/7/3 1254/7/3
f 1256/2/3 1251/2/3 1255/2/3
f 1259/7/3 1258/7/3 1257/7/3
f 1261/7/3 1259/7/3 1257/7/3
f 1261/7/3 1260/7/3 1259/7/3
f 1262/7/3 1260/7/3 1261/7/3
f 1265/7/3 1264/7/3 1263/7/3
f 1266/7/3 1264/7/3 1265/7/3
f 1267/7/3 1265/7/3 1263/7/3
f 1268/7/3 1265/7/3 1267/7/3
f 1273/1/3 1270/1/3 1269/1/3
f 1273/7/3 1271/7/3 1270/7/3
f 1274/2/3 1272/2/3 1271/2/3
f 1274/7/3 1271/7/3 1273/7/3
f 1275/2/3 1272/2/3 1274/2/3
f 1277/1/3 1273/1/3 1269/1/3
f 1278/1/3 1273/1/3 1277/1/3
f 1281/1/3 1280/1/3 1279/1/3
f 1282/1/3 1280/1/3 1281/1/3
f 1285/1/3 1284/1/3 1283/1/3
f 1286/1/3 1284/1/3 1285/1/3
f 1289/1/3 1288/1/3 1287/1/3
f 1290/1/3 1288/1/3 1289/1/3
f 1291/2/3 1276/2/3 1275/2/3
f 1292/2/3 1276/2/3 1291/2/3
f 1293/2/3 1290/2/3 1289/2/3
f 1293/2/3 1291/2/3 1290/2/3
f 1294/2/3 1291/2/3 1293/2/3
f 1298/7/3 1296/7/3 1295/7/3
f 1299/6/3 1298/6/3 1297/6/3
f 1300/7/3 1296/7/3 1298/7/3
f 1300/6/3 1298/6/3 1299/6/3
f 1301/7/3 1300/7/3 1299/7/3
f 1302/7/3 1300/7/3 1301/7/3
f 1303/7/3 1296/7/3 1300/7/3
f 1303/7/3 1300/7/3 1302/7/3
f 1306/6/3 1305/6/3 1304/6/3
f 1307/6/3 1305/6/3 1306/6/3
f 1308/7/3 1307/7/3 1306/7/3
f 1309/7/3 1307/7/3 1308/7/3
f 1310/7/3 1307/7/3 1309/7/3
f 1314/7/3 1312/7/3 1311/7/3
f 1314/7/3 1313/7/3 1312/7/3
f 1315/7/3 1313/7/3 1314/7/3
f 1316/6/3 1315/6/3 1314/6/3
f 1317/6/3 1315/6/3 1316/6/3
f 1320/7/3 1319/7/3 1318/7/3
f 1321/7/3 1319/7/3 1320/7/3
f 1322/7/3 1319/7/3 1321/7/3
f 1323/6/3 1322/6/3 1321/6/3
f 1324/7/3 1319/7/3 1322/7/3
f 1324/6/3 1322/6/3 1323/6/3
f 1325/7/3 1319/7/3 1324/7/3
f 1326/7/3 1319/7/3 1325/7/3
f 1330/7/3 1328/7/3 1327/7/3
f 1331/7/3 1328/7/3 1330/7/3
f 1332/2/3 1330/2/3 1329/2/3
f 1335/7/3 1334/7/3 1333/7/3
f 1336/7/3 1334/7/3 1335/7/3
f 1337/2/3 1332/2/3 1329/2/3
f 1338/2/3 1332/2/3 1337/2/3
f 1343/7/3 1342/7/3 1341/7/3
f 1344/7/3 1342/7/3 1343/7/3
f 1345/2/3 1340/2/3 1339/2/3
f 1346/2/3 1345/2/3 1339/2/3
f 1347/2/3 1345/2/3 1346/2/3
f 1349/7/3 1348/7/3 1347/7/3
f 1350/7/3 1348/7/3 1349/7/3
f 1353/1/3 1352/1/3 1351/1/3
f 1354/1/3 1352/1/3 1353/1/3
f 1358/3/3 1356/3/3 1355/3/3
f 1359/6/3 1357/6/3 1356/6/3
f 1359/3/3 1356/3/3 1358/3/3
f 1360/6/3 1357/6/3 1359/6/3
f 1363/3/3 1362/3/3 1361/3/3
f 1364/3/3 1362/3/3 1363/3/3
f 1367/3/3 1366/3/3 1365/3/3
f 1368/3/3 1366/3/3 1367/3/3
f 1371/3/3 1370/3/3 1369/3/3
f 1372/3/3 1370/3/3 1371/3/3
f 1375/3/3 1374/3/3 1373/3/3
f 1376/3/3 1374/3/3 1375/3/3
f 1379/3/3 1378/3/3 1377/3/3
f 1380/3/3 1378/3/3 1379/3/3
f 1383/3/3 1382/3/3 1381/3/3
f 1384/3/3 1382/3/3 1383/3/3
f 1388/3/3 1386/3/3 1385/3/3
f 1389/6/3 1387/6/3 1386/6/3
f 1389/3/3 1386/3/3 1388/3/3
f 1390/6/3 1387/6/3 1389/6/3
f 1393/1/3 1392/1/3 1391/1/3
f 1394/1/3 1392/1/3 1393/1/3
f 1399/1/3 1396/1/3 1395/1/3
f 1400/1/3 1396/1/3 1399/1/3
f 1401/6/3 1398/6/3 1397/6/3
f 1402/6/3 1398/6/3 1401/6/3
f 1405/6/3 1404/6/3 1403/6/3
f 1406/6/3 1404/6/3 1405/6/3
f 1409/1/3 1408/1/3 1407/1/3
f 1410/1/3 1408/1/3 1409/1/3
f 1413/6/3 1412/6/3 1411/6/3
f 1414/6/3 1412/6/3 1413/6/3
f 1417/6/3 1416/6/3 1415/6/3
f 1418/6/3 1416/6/3 1417/6/3
f 1421/6/3 1420/6/3 1419/6/3
f 1422/6/3 1420/6/3 1421/6/3
f 1425/6/3 1424/6/3 1423/6/3
f 1426/6/3 1424/6/3 1425/6/3
f 1429/6/3 1428/6/3 1427/6/3
f 1430/6/3 1428/6/3 1429/6/3
f 1433/6/3 1432/6/3 1431/6/3
f 1434/6/3 1432/6/3 1433/6/3
f 1437/7/3 1436/7/3 1435/7/3
f 1438/7/3 1436/7/3 1437/7/3
f 1441/7/3 1440/7/3 1439/7/3
f 1442/7/3 1440/7/3 1441/7/3
f 1445/1/3 1444/1/3 1443/1/3
f 1446/1/3 1444/1/3 1445/1/3
f 1449/1/3 1448/1/3 1447/1/3
f 1450/1/3 1448/1/3 1449/1/3
f 1453/1/3 1452/1/3 1451/1/3
f 1454/1/3 1452/1/3 1453/1/3
f 1457/1/3 1456/1/3 1455/1/3
f 1458/1/3 1456/1/3 1457/1/3
f 1461/1/3 1460/1/3 1459/1/3
f 1462/1/3 1460/1/3 1461/1/3
f 1465/1/3 1464/1/3 1463/1/3
f 1466/1/3 1464/1/3 1465/1/3
f 1469/1/3 1468/1/3 1467/1/3
f 1470/1/3 1468/1/3 1469/1/3
f 1473/7/3 1472/7/3 1471/7/3
f 1474/7/3 1472/7/3 1473/7/3
f 1477/1/3 1476/1/3 1475/1/3
f 1478/1/3 1476/1/3 1477/1/3
f 1481/1/3 1480/1/3 1479/1/3
f 1482/1/3 1480/1/3 1481/1/3
f 1485/7/3 1484/7/3 1483/7/3
f 1486/7/3 1484/7/3 1485/7/3
f 1489/1/3 1488/1/3 1487/1/3
f 1490/1/3 1488/1/3 1489/1/3
f 1493/2/3 1492/2/3 1491/2/3
f 1494/2/3 1492/2/3 1493/2/3
f 1497/6/3 1496/6/3 1495/6/3
f 1498/6/3 1496/6/3 1497/6/3
f 1501/1/3 1500/1/3 1499/1/3
f 1502/1/3 1500/1/3 1501/1/3
f 1505/1/3 1504/1/3 1503/1/3
f 1506/1/3 1504/1/3 1505/1/3
f 1509/6/3 1508/6/3 1507/6/3
f 1510/6/3 1508/6/3 1509/6/3
f 1513/2/3 1512/2/3 1511/2/3
f 1514/2/3 1512/2/3 1513/2/3
f 1515/7/4 1516/7/4 1517/7/4
f 1517/7/4 1516/7/4 1518/7/4
f 1519/7/4 1520/7/4 1521/7/4
f 1521/7/4 1520/7/4 1522/7/4
f 1523/7/4 1524/7/4 1525/7/4
f 1525/7/4 1524/7/4 1526/7/4
f 1527/1/4 1528/1/4 1529/1/4
f 1529/1/4 1528/1/4 1530/1/4
f 1531/7/4 1532/7/4 1533/7/4
f 1533/7/4 1532/7/4 1534/7/4
f 1535/7/4 1536/7/4 1537/7/4
f 1537/7/4 1536/7/4 1538/7/4
f 1539/1/4 1540/1/4 1541/1/4
f 1541/1/4 1540/1/4 1542/1/4
f 1543/1/4 1544/1/4 1545/1/4
f 1545/1/4 1544/1/4 1546/1/4
f 1547/6/4 1548/6/4 1549/6/4
f 1549/6/4 1548/6/4 1550/6/4
f 1549/7/4 1550/7/4 1552/7/4
f 1550/6/4 1551/6/4 1553/6/4
f 1552/7/4 1550/7/4 1553/7/4
f 1553/6/4 1551/6/4 1554/6/4
f 1555/7/4 1556/7/4 1558/7/4
f 1556/6/4 1557/6/4 1559/6/4
f 1558/7/4 1556/7/4 1559/7/4
f 1559/6/4 1557/6/4 1560/6/4
f 1558/6/4 1559/6/4 1561/6/4
f 1561/6/4 1559/6/4 1562/6/4
f 1563/1/4 1564/1/4 1565/1/4
f 1565/1/4 1564/1/4 1566/1/4
f 1567/6/4 1568/6/4 1569/6/4
f 1567/6/4 1569/6/4 1571/6/4
f 1569/6/4 1570/6/4 1571/6/4
f 1571/6/4 1570/6/4 1572/6/4
f 1567/6/4 1571/6/4 1573/6/4
f 1573/6/4 1571/6/4 1574/6/4
f 1575/6/4 1576/6/4 1577/6/4
f 1575/6/4 1577/6/4 1579/6/4
f 1577/6/4 1578/6/4 1579/6/4
f 1579/6/4 1578/6/4 1580/6/4
f 1575/6/4 1579/6/4 1581/6/4
f 1581/6/4 1579/6/4 1582/6/4
f 1583/1/4 1584/1/4 1585/1/4
f 1585/1/4 1584/1/4 1586/1/4
f 1587/1/4 1588/1/4 1589/1/4
f 1589/1/4 1588/1/4 1590/1/4
f 1591/7/4 1592/7/4 1593/7/4
f 1593/7/4 1592/7/4 1594/7/4
f 1594/7/4 1595/7/4 1597/7/4
f 1597/7/4 1595/7/4 1598/7/4
f 1596/7/4 1597/7/4 1599/7/4
f 1599/7/4 1597/7/4 1600/7/4
f 1601/1/4 1602/1/4 1603/1/4
f 1603/1/4 1602/1/4 1604/1/4
f 1605/1/4 1606/1/4 1607/1/4
f 1607/1/4 1606/1/4 1608/1/4
f 1609/1/4 1610/1/4 1611/1/4
f 1611/1/4 1610/1/4 1612/1/4
f 1613/1/4 1614/1/4 1615/1/4
f 1615/1/4 1614/1/4 1616/1/4
f 1617/7/4 1618/7/4 1620/7/4
f 1620/7/4 1618/7/4 1621/7/4
f 1619/2/4 1620/2/4 1622/2/4
f 1622/2/4 1620/2/4 1623/2/4
f 1623/1/4 1624/1/4 1625/1/4
f 1625/1/4 1624/1/4 1626/1/4
f 1627/1/4 1628/1/4 1630/1/4
f 1630/1/4 1628/1/4 1631/1/4
f 1629/2/4 1630/2/4 1632/2/4
f 1632/2/4 1630/2/4 1633/2/4
f 1633/7/4 1634/7/4 1635/7/4
f 1635/7/4 1634/7/4 1636/7/4
f 1637/7/4 1638/7/4 1639/7/4
f 1639/7/4 1638/7/4 1640/7/4
f 1641/1/4 1642/1/4 1645/1/4
f 1645/1/4 1642/1/4 1646/1/4
f 1643/1/4 1644/1/4 1648/1/4
f 1648/1/4 1644/1/4 1649/1/4
f 1646/7/4 1647/7/4 1650/7/4
f 1647/1/4 1648/1/4 1651/1/4
f 1650/7/4 1647/7/4 1651/7/4
f 1651/1/4 1648/1/4 1652/1/4
f 1650/1/4 1651/1/4 1653/1/4
f 1653/1/4 1651/1/4 1654/1/4
f 1655/7/4 1656/7/4 1657/7/4
f 1657/7/4 1656/7/4 1658/7/4
f 1659/7/4 1660/7/4 1661/7/4
f 1661/7/4 1660/7/4 1662/7/4
f 1663/1/4 1664/1/4 1665/1/4
f 1665/1/4 1664/1/4 1666/1/4
f 1665/7/4 1666/7/4 1669/7/4
f 1666/1/4 1667/1/4 1670/1/4
f 1669/7/4 1666/7/4 1670/7/4
f 1670/1/4 1667/1/4 1671/1/4
f 1671/1/4 1672/1/4 1673/1/4
f 1673/1/4 1672/1/4 1674/1/4
f 1668/1/4 1669/1/4 1675/1/4
f 1675/1/4 1669/1/4 1676/1/4
f 1677/1/4 1678/1/4 1679/1/4
f 1679/1/4 1678/1/4 1680/1/4
f 1683/7/4 1684/7/4 1685/7/4
f 1685/7/4 1684/7/4 1686/7/4
f 1686/7/4 1687/7/4 1689/7/4
f 1689/7/4 1687/7/4 1690/7/4
f 1688/7/4 1689/7/4 1691/7/4
f 1691/7/4 1689/7/4 1692/7/4
f 1681/5/4 1682/5/4 1693/5/4
f 1693/5/4 1682/5/4 1694/5/4
f 1695/1/4 1696/1/4 1697/1/4
f 1697/1/4 1696/1/4 1698/1/4
f 1699/1/4 1700/1/4 1701/1/4
f 1701/1/4 1700/1/4 1702/1/4
f 1703/1/4 1704/1/4 1705/1/4
f 1705/1/4 1704/1/4 1706/1/4
f 1703/1/4 1705/1/4 1707/1/4
f 1703/1/4 1707/1/4 1709/1/4
f 1707/1/4 1708/1/4 1709/1/4
f 1709/1/4 1708/1/4 1710/1/4
f 1710/2/4 1711/2/4 1713/2/4
f 1711/7/4 1712/7/4 1714/7/4
f 1713/2/4 1711/2/4 1714/2/4
f 1714/7/4 1712/7/4 1715/7/4
f 1716/6/4 1717/6/4 1718/6/4
f 1718/6/4 1717/6/4 1719/6/4
f 1719/6/4 1717/6/4 1720/6/4
f 1718/6/4 1719/6/4 1721/6/4
f 1722/7/4 1723/7/4 1724/7/4
f 1724/7/4 1723/7/4 1725/7/4
f 1721/6/4 1719/6/4 1726/6/4
f 1726/6/4 1719/6/4 1727/6/4
f 1727/6/4 1719/6/4 1728/6/4
f 1727/6/4 1728/6/4 1730/6/4
f 1728/6/4 1729/6/4 1730/6/4
f 1730/6/4 1729/6/4 1731/6/4
f 1732/2/4 1733/2/4 1736/2/4
f 1733/7/4 1734/7/4 1737/7/4
f 1736/2/4 1733/2/4 1737/2/4
f 1737/7/4 1734/7/4 1738/7/4
f 1735/1/4 1736/1/4 1739/1/4
f 1739/1/4 1736/1/4 1740/1/4
f 1735/1/4 1739/1/4 1741/1/4
f 1735/1/4 1741/1/4 1743/1/4
f 1741/1/4 1742/1/4 1743/1/4
f 1743/1/4 1742/1/4 1744/1/4
f 1745/1/4 1746/1/4 1747/1/4
f 1747/1/4 1746/1/4 1748/1/4
f 1749/1/4 1750/1/4 1751/1/4
f 1751/1/4 1750/1/4 1752/1/4
f 1753/7/4 1754/7/4 1755/7/4
f 1755/7/4 1754/7/4 1756/7/4
f 1756/7/4 1754/7/4 1758/7/4
f 1757/7/4 1758/7/4 1759/7/4
f 1758/7/4 1754/7/4 1760/7/4
f 1759/7/4 1758/7/4 1760/7/4
f 1761/2/4 1762/2/4 1763/2/4
f 1763/2/4 1762/2/4 1764/2/4
f 1764/2/4 1762/2/4 1765/2/4
f 1766/1/4 1767/1/4 1768/1/4
f 1768/1/4 1767/1/4 1769/1/4
f 1770/1/4 1771/1/4 1772/1/4
f 1772/1/4 1771/1/4 1773/1/4
f 1774/2/4 1775/2/4 1777/2/4
f 1775/2/4 1776/2/4 1777/2/4
f 1777/2/4 1776/2/4 1778/2/4
f 1779/7/4 1780/7/4 1781/7/4
f 1781/7/4 1780/7/4 1782/7/4
f 1782/7/4 1780/7/4 1784/7/4
f 1783/7/4 1784/7/4 1785/7/4
f 1784/7/4 1780/7/4 1786/7/4
f 1785/7/4 1784/7/4 1786/7/4
f 1787/1/4 1788/1/4 1789/1/4
f 1789/1/4 1788/1/4 1790/1/4
f 1791/2/4 1792/2/4 1793/2/4
f 1793/2/4 1792/2/4 1794/2/4
f 1795/6/4 1796/6/4 1799/6/4
f 1799/6/4 1796/6/4 1800/6/4
f 1797/6/4 1798/6/4 1801/6/4
f 1801/6/4 1798/6/4 1802/6/4
f 1800/5/4 1801/5/4 1804/5/4
f 1804/5/4 1801/5/4 1805/5/4
f 1803/6/4 1804/6/4 1807/6/4
f 1807/6/4 1804/6/4 1808/6/4
f 1805/6/4 1806/6/4 1809/6/4
f 1809/6/4 1806/6/4 1810/6/4
f 1811/7/4 1812/7/4 1814/7/4
f 1814/7/4 1812/7/4 1815/7/4
f 1813/2/4 1814/2/4 1818/2/4
f 1818/2/4 1814/2/4 1819/2/4
f 1816/1/4 1817/1/4 1820/1/4
f 1820/1/4 1817/1/4 1821/1/4
f 1822/1/4 1823/1/4 1824/1/4
f 1824/1/4 1823/1/4 1825/1/4
f 1819/2/4 1814/2/4 1827/2/4
f 1826/2/4 1827/2/4 1828/2/4
f 1827/2/4 1814/2/4 1829/2/4
f 1828/2/4 1827/2/4 1829/2/4
f 1829/7/4 1830/7/4 1831/7/4
f 1831/7/4 1830/7/4 1832/7/4
f 1833/6/4 1834/6/4 1837/6/4
f 1837/6/4 1834/6/4 1838/6/4
f 1835/6/4 1836/6/4 1839/6/4
f 1839/6/4 1836/6/4 1840/6/4
f 1838/5/4 1839/5/4 1842/5/4
f 1842/5/4 1839/5/4 1843/5/4
f 1841/6/4 1842/6/4 1845/6/4
f 1845/6/4 1842/6/4 1846/6/4
f 1843/6/4 1844/6/4 1847/6/4
f 1847/6/4 1844/6/4 1848/6/4
f 1849/2/4 1850/2/4 1851/2/4
f 1851/2/4 1850/2/4 1852/2/4
f 1853/6/4 1854/6/4 1856/6/4
f 1856/6/4 1854/6/4 1857/6/4
f 1855/6/4 1856/6/4 1859/6/4
f 1859/6/4 1856/6/4 1860/6/4
f 1857/6/4 1858/6/4 1861/6/4
f 1861/6/4 1858/6/4 1862/6/4
f 1860/6/4 1861/6/4 1863/6/4
f 1863/6/4 1861/6/4 1864/6/4
f 1865/6/4 1866/6/4 1867/6/4
f 1867/6/4 1866/6/4 1868/6/4
f 1869/6/4 1870/6/4 1871/6/4
f 1871/6/4 1870/6/4 1872/6/4
f 1873/6/4 1874/6/4 1876/6/4
f 1876/6/4 1874/6/4 1877/6/4
f 1875/6/4 1876/6/4 1879/6/4
f 1879/6/4 1876/6/4 1880/6/4
f 1877/6/4 1878/6/4 1881/6/4
f 1881/6/4 1878/6/4 1882/6/4
f 1880/6/4 1881/6/4 1883/6/4
f 1883/6/4 1881/6/4 1884/6/4
f 1890/6/5 1886/6/5 1885/6/5
f 1891/6/5 1886/6/5 1890/6/5
f 1894/6/5 1888/6/5 1887/6/5
f 1895/6/5 1888/6/5 1894/6/5
f 1897/6/5 1892/6/5 1891/6/5
f 1897/6/5 1890/6/5 1889/6/5
f 1897/6/5 1891/6/5 1890/6/5
f 1898/6/5 1892/6/5 1897/6/5
f 1899/6/5 1896/6/5 1895/6/5
f 1899/6/5 1895/6/5 1894/6/5
f 1899/6/5 1894/6/5 1893/6/5
f 1900/6/5 1896/6/5 1899/6/5
f 1905/2/5 1902/2/5 1901/2/5
f 1906/2/5 1902/2/5 1905/2/5
f 1907/2/5 1904/2/5 1903/2/5
f 1908/2/5 1904/2/5 1907/2/5
f 1909/7/5 1906/7/5 1905/7/5
f 1910/7/5 1906/7/5 1909/7/5
f 1911/7/5 1908/7/5 1907/7/5
f 1912/7/5 1908/7/5 1911/7/5
f 1913/7/5 1909/7/5 1905/7/5
f 1914/7/5 1906/7/5 1910/7/5
f 1915/7/5 1911/7/5 1907/7/5
f 1916/7/5 1908/7/5 1912/7/5
f 1917/2/5 1905/2/5 1901/2/5
f 1917/7/5 1913/7/5 1905/7/5
f 1917/7/5 1914/7/5 1913/7/5
f 1918/2/5 1902/2/5 1906/2/5
f 1918/7/5 1914/7/5 1917/7/5
f 1918/7/5 1906/7/5 1914/7/5
f 1919/7/5 1916/7/5 1915/7/5
f 1919/2/5 1907/2/5 1903/2/5
f 1919/7/5 1915/7/5 1907/7/5
f 1920/2/5 1904/2/5 1908/2/5
f 1920/7/5 1916/7/5 1919/7/5
f 1920/7/5 1908/7/5 1916/7/5
f 1921/2/5 1917/2/5 1901/2/5
f 1921/2/5 1918/2/5 1917/2/5
f 1922/2/5 1902/2/5 1918/2/5
f 1922/2/5 1918/2/5 1921/2/5
f 1923/2/5 1919/2/5 1903/2/5
f 1923/2/5 1920/2/5 1919/2/5
f 1924/2/5 1904/2/5 1920/2/5
f 1924/2/5 1920/2/5 1923/2/5
f 1943/6/5 1926/6/5 1925/6/5
f 1944/6/5 1926/6/5 1943/6/5
f 1945/6/5 1928/6/5 1927/6/5
f 1946/6/5 1928/6/5 1945/6/5
f 1947/6/5 1930/6/5 1929/6/5
f 1948/6/5 1930/6/5 1947/6/5
f 1949/1/5 1932/1/5 1931/1/5
f 1950/1/5 1934/1/5 1933/1/5
f 1951/6/5 1936/6/5 1935/6/5
f 1952/6/5 1936/6/5 1951/6/5
f 1953/6/5 1938/6/5 1937/6/5
f 1954/6/5 1938/6/5 1953/6/5
f 1955/6/5 1940/6/5 1939/6/5
f 1956/6/5 1940/6/5 1955/6/5
f 1960/2/5 1942/2/5 1941/2/5
f 1961/1/5 1944/1/5 1943/1/5
f 1961/1/5 1946/1/5 1945/1/5
f 1961/2/5 1942/2/5 1960/2/5
f 1961/1/5 1948/1/5 1947/1/5
f 1961/1/5 1949/1/5 1948/1/5
f 1961/1/5 1943/1/5 1942/1/5
f 1961/1/5 1945/1/5 1944/1/5
f 1961/1/5 1947/1/5 1946/1/5
f 1962/1/5 1949/1/5 1961/1/5
f 1963/1/5 1957/1/5 1956/1/5
f 1963/1/5 1956/1/5 1955/1/5
f 1963/1/5 1952/1/5 1951/1/5
f 1963/1/5 1954/1/5 1953/1/5
f 1963/1/5 1955/1/5 1954/1/5
f 1963/1/5 1951/1/5 1950/1/5
f 1963/1/5 1953/1/5 1952/1/5
f 1964/2/5 1958/2/5 1957/2/5
f 1964/1/5 1957/1/5 1963/1/5
f 1965/2/5 1958/2/5 1964/2/5
f 1967/1/5 1949/1/5 1962/1/5
f 1967/1/5 1932/1/5 1949/1/5
f 1968/1/5 1932/1/5 1967/1/5
f 1969/1/5 1963/1/5 1950/1/5
f 1969/1/5 1950/1/5 1933/1/5
f 1970/1/5 1963/1/5 1969/1/5
f 1971/7/5 1960/7/5 1959/7/5
f 1972/7/5 1960/7/5 1971/7/5
f 1973/1/5 1967/1/5 1962/1/5
f 1974/1/5 1967/1/5 1973/1/5
f 1975/1/5 1963/1/5 1970/1/5
f 1976/1/5 1963/1/5 1975/1/5
f 1977/7/5 1966/7/5 1965/7/5
f 1978/7/5 1966/7/5 1977/7/5
f 1979/1/5 1973/1/5 1972/1/5
f 1980/1/5 1973/1/5 1979/1/5
f 1985/1/5 1977/1/5 1976/1/5
f 1986/1/5 1977/1/5 1985/1/5
f 1987/1/5 1973/1/5 1980/1/5
f 1988/1/5 1973/1/5 1987/1/5
f 1989/1/5 1985/1/5 1976/1/5
f 1990/1/5 1985/1/5 1989/1/5
f 1991/1/5 1982/1/5 1981/1/5
f 1992/1/5 1982/1/5 1991/1/5
f 1993/1/5 1984/1/5 1983/1/5
f 1994/1/5 1984/1/5 1993/1/5
f 1999/1/5 1996/1/5 1995/1/5
f 2000/1/5 1996/1/5 1999/1/5
f 2001/1/5 1998/1/5 1997/1/5
f 2002/1/5 1998/1/5 2001/1/5
f 2007/1/5 2004/1/5 2003/1/5
f 2008/1/5 2004/1/5 2007/1/5
f 2009/1/5 2006/1/5 2005/1/5
f 2010/1/5 2006/1/5 2009/1/5
f 2015/1/5 2012/1/5 2011/1/5
f 2016/1/5 2012/1/5 2015/1/5
f 2017/1/5 2014/1/5 2013/1/5
f 2018/1/5 2014/1/5 2017/1/5
f 2023/6/5 2020/6/5 2019/6/5
f 2024/6/5 2020/6/5 2023/6/5
f 2025/6/5 2020/6/5 2024/6/5
f 2026/6/5 2020/6/5 2025/6/5
f 2027/6/5 2022/6/5 2021/6/5
f 2028/6/5 2022/6/5 2027/6/5
f 2029/6/5 2022/6/5 2028/6/5
f 2030/6/5 2022/6/5 2029/6/5
f 2031/6/5 2025/6/5 2024/6/5
f 2032/6/5 2025/6/5 2031/6/5
f 2033/6/5 2029/6/5 2028/6/5
f 2034/6/5 2029/6/5 2033/6/5
f 2037/7/5 2036/7/5 2035/7/5
f 2038/7/5 2036/7/5 2037/7/5
f 2039/7/5 2037/7/5 2035/7/5
f 2039/3/5 2038/3/5 2037/3/5
f 2040/7/5 2036/7/5 2038/7/5
f 2040/3/5 2038/3/5 2039/3/5
f 2043/7/5 2039/7/5 2035/7/5
f 2043/7/5 2040/7/5 2039/7/5
f 2044/7/5 2036/7/5 2040/7/5
f 2044/7/5 2040/7/5 2043/7/5
f 2047/1/5 2042/1/5 2041/1/5
f 2048/7/5 2043/7/5 2042/7/5
f 2048/1/5 2042/1/5 2047/1/5
f 2048/7/5 2044/7/5 2043/7/5
f 2048/7/5 2045/7/5 2044/7/5
f 2049/1/5 2046/1/5 2045/1/5
f 2049/7/5 2045/7/5 2048/7/5
f 2050/1/5 2046/1/5 2049/1/5
f 2051/7/5 2048/7/5 2047/7/5
f 2051/7/5 2049/7/5 2048/7/5
f 2051/7/5 2050/7/5 2049/7/5
f 2052/7/5 2050/7/5 2051/7/5
f 2053/7/5 2050/7/5 2052/7/5
f 2054/7/5 2050/7/5 2053/7/5
f 2056/7/5 2053/7/5 2052/7/5
f 2057/7/5 2053/7/5 2056/7/5
f 2058/7/5 2053/7/5 2057/7/5
f 2059/7/5 2053/7/5 2058/7/5
f 2061/7/5 2056/7/5 2055/7/5
f 2061/7/5 2057/7/5 2056/7/5
f 2062/2/5 2058/2/5 2057/2/5
f 2062/7/5 2057/7/5 2061/7/5
f 2063/7/5 2059/7/5 2058/7/5
f 2063/2/5 2058/2/5 2062/2/5
f 2063/7/5 2060/7/5 2059/7/5
f 2064/7/5 2060/7/5 2063/7/5
f 2065/7/5 2061/7/5 2055/7/5
f 2066/2/5 2062/2/5 2061/2/5
f 2066/7/5 2061/7/5 2065/7/5
f 2066/2/5 2063/2/5 2062/2/5
f 2066/2/5 2064/2/5 2063/2/5
f 2067/7/5 2060/7/5 2064/7/5
f 2067/2/5 2064/2/5 2066/2/5
f 2068/7/5 2060/7/5 2067/7/5
f 2069/7/5 2065/7/5 2055/7/5
f 2070/2/5 2066/2/5 2065/2/5
f 2070/7/5 2065/7/5 2069/7/5
f 2070/2/5 2067/2/5 2066/2/5
f 2070/2/5 2068/2/5 2067/2/5
f 2071/7/5 2060/7/5 2068/7/5
f 2071/2/5 2068/2/5 2070/2/5
f 2072/7/5 2060/7/5 2071/7/5
f 2073/7/5 2069/7/5 2055/7/5
f 2074/2/5 2070/2/5 2069/2/5
f 2074/7/5 2069/7/5 2073/7/5
f 2074/2/5 2071/2/5 2070/2/5
f 2074/2/5 2072/2/5 2071/2/5
f 2075/7/5 2060/7/5 2072/7/5
f 2075/2/5 2072/2/5 2074/2/5
f 2076/7/5 2060/7/5 2075/7/5
f 2078/2/5 2074/2/5 2073/2/5
f 2078/2/5 2075/2/5 2074/2/5
f 2078/2/5 2076/2/5 2075/2/5
f 2079/2/5 2076/2/5 2078/2/5
f 2081/2/5 2079/2/5 2078/2/5
f 2081/2/5 2080/2/5 2079/2/5
f 2081/2/5 2078/2/5 2077/2/5
f 2082/2/5 2080/2/5 2081/2/5
f 2083/2/5 2080/2/5 2082/2/5
f 2084/2/5 2080/2/5 2083/2/5
f 2085/2/5 2081/2/5 2077/2/5
f 2086/2/5 2081/2/5 2085/2/5
f 2087/2/5 2083/2/5 2082/2/5
f 2088/2/5 2083/2/5 2087/2/5
f 2089/2/5 2080/2/5 2084/2/5
f 2090/2/5 2080/2/5 2089/2/5
f 2094/2/5 2085/2/5 2077/2/5
f 2095/2/5 2085/2/5 2094/2/5
f 2096/6/5 2086/6/5 2085/6/5
f 2096/2/5 2085/2/5 2095/2/5
f 2097/6/5 2086/6/5 2096/6/5
f 2098/6/5 2088/6/5 2087/6/5
f 2099/6/5 2088/6/5 2098/6/5
f 2100/6/5 2090/6/5 2089/6/5
f 2101/2/5 2080/2/5 2090/2/5
f 2101/6/5 2090/6/5 2100/6/5
f 2102/2/5 2080/2/5 2101/2/5
f 2103/2/5 2080/2/5 2102/2/5
f 2107/7/5 2092/7/5 2091/7/5
f 2108/7/5 2092/7/5 2107/7/5
f 2109/7/5 2094/7/5 2093/7/5
f 2110/7/5 2094/7/5 2109/7/5
f 2111/2/5 2096/2/5 2095/2/5
f 2112/2/5 2096/2/5 2111/2/5
f 2113/2/5 2102/2/5 2101/2/5
f 2114/2/5 2102/2/5 2113/2/5
f 2115/7/5 2104/7/5 2103/7/5
f 2116/7/5 2104/7/5 2115/7/5
f 2117/7/5 2106/7/5 2105/7/5
f 2118/7/5 2106/7/5 2117/7/5
f 2127/6/5 2120/6/5 2119/6/5
f 2128/6/5 2120/6/5 2127/6/5
f 2129/6/5 2122/6/5 2121/6/5
f 2130/6/5 2122/6/5 2129/6/5
f 2131/6/5 2124/6/5 2123/6/5
f 2132/6/5 2124/6/5 2131/6/5
f 2133/6/5 2126/6/5 2125/6/5
f 2134/6/5 2126/6/5 2133/6/5
f 2138/7/5 2136/7/5 2135/7/5
f 2139/7/5 2136/7/5 2138/7/5
f 2142/7/5 2138/7/5 2137/7/5
f 2142/7/5 2140/7/5 2139/7/5
f 2142/7/5 2139/7/5 2138/7/5
f 2143/7/5 2140/7/5 2142/7/5
f 2145/7/5 2142/7/5 2141/7/5
f 2146/7/5 2142/7/5 2145/7/5
f 2147/7/5 2144/7/5 2143/7/5
f 2148/7/5 2144/7/5 2147/7/5
f 2149/2/5 2146/2/5 2145/2/5
f 2150/2/5 2146/2/5 2149/2/5
f 2151/2/5 2148/2/5 2147/2/5
f 2152/2/5 2148/2/5 2151/2/5
f 2153/1/5 2150/1/5 2149/1/5
f 2154/1/5 2150/1/5 2153/1/5
f 2155/1/5 2152/1/5 2151/1/5
f 2156/1/5 2152/1/5 2155/1/5
f 2157/7/5 2154/7/5 2153/7/5
f 2158/7/5 2154/7/5 2157/7/5
f 2159/7/5 2156/7/5 2155/7/5
f 2160/7/5 2156/7/5 2159/7/5
f 2164/7/5 2162/7/5 2161/7/5
f 2165/7/5 2162/7/5 2164/7/5
f 2168/7/5 2164/7/5 2163/7/5
f 2169/7/5 2164/7/5 2168/7/5
f 2170/7/5 2166/7/5 2165/7/5
f 2171/7/5 2166/7/5 2170/7/5
f 2173/7/5 2168/7/5 2167/7/5
f 2174/7/5 2168/7/5 2173/7/5
f 2175/7/5 2172/7/5 2171/7/5
f 2176/7/5 2172/7/5 2175/7/5
f 2177/1/5 2174/1/5 2173/1/5
f 2178/1/5 2174/1/5 2177/1/5
f 2179/1/5 2176/1/5 2175/1/5
f 2180/1/5 2176/1/5 2179/1/5
f 2185/2/5 2182/2/5 2181/2/5
f 2186/2/5 2182/2/5 2185/2/5
f 2187/2/5 2184/2/5 2183/2/5
f 2188/2/5 2184/2/5 2187/2/5
f 2201/7/5 2190/7/5 2189/7/5
f 2202/7/5 2190/7/5 2201/7/5
f 2203/7/5 2198/7/5 2197/7/5
f 2204/7/5 2198/7/5 2203/7/5
f 2205/7/5 2192/7/5 2191/7/5
f 2206/7/5 2192/7/5 2205/7/5
f 2207/7/5 2194/7/5 2193/7/5
f 2208/7/5 2194/7/5 2207/7/5
f 2209/7/5 2200/7/5 2199/7/5
f 2210/7/5 2200/7/5 2209/7/5
f 2211/7/5 2196/7/5 2195/7/5
f 2212/7/5 2196/7/5 2211/7/5
f 2217/6/5 2214/6/5 2213/6/5
f 2218/6/5 2214/6/5 2217/6/5
f 2219/6/5 2216/6/5 2215/6/5
f 2220/6/5 2216/6/5 2219/6/5
f 2223/2/5 2218/2/5 2217/2/5
f 2224/2/5 2218/2/5 2223/2/5
f 2225/2/5 2220/2/5 2219/2/5
f 2226/2/5 2220/2/5 2225/2/5
f 2229/6/5 2222/6/5 2221/6/5
f 2230/6/5 2222/6/5 2229/6/5
f 2231/6/5 2228/6/5 2227/6/5
f 2232/6/5 2228/6/5 2231/6/5
f 2237/2/5 2234/2/5 2233/2/5
f 2238/2/5 2234/2/5 2237/2/5
f 2239/2/5 2236/2/5 2235/2/5
f 2240/2/5 2236/2/5 2239/2/5
f 2245/7/5 2242/7/5 2241/7/5
f 2246/7/5 2244/7/5 2243/7/5
f 2247/7/5 2242/7/5 2245/7/5
f 2248/7/5 2242/7/5 2247/7/5
f 2249/7/5 2246/7/5 2243/7/5
f 2250/7/5 2246/7/5 2249/7/5
f 2253/1/5 2252/1/5 2251/1/5
f 2254/1/5 2252/1/5 2253/1/5
f 2255/2/5 2254/2/5 2253/2/5
f 2256/2/5 2254/2/5 2255/2/5
f 2257/2/5 2256/2/5 2255/2/5
f 2258/2/5 2256/2/5 2257/2/5
f 2263/2/5 2260/2/5 2259/2/5
f 2264/2/5 2260/2/5 2263/2/5
f 2265/2/5 2260/2/5 2264/2/5
f 2266/2/5 2260/2/5 2265/2/5
f 2267/2/5 2260/2/5 2266/2/5
f 2268/2/5 2262/2/5 2261/2/5
f 2269/2/5 2262/2/5 2268/2/5
f 2270/2/5 2262/2/5 2269/2/5
f 2271/2/5 2262/2/5 2270/2/5
f 2272/2/5 2262/2/5 2271/2/5
f 2273/2/5 2265/2/5 2264/2/5
f 2274/2/5 2265/2/5 2273/2/5
f 2275/2/5 2271/2/5 2270/2/5
f 2276/2/5 2271/2/5 2275/2/5
f 2281/7/5 2278/7/5 2277/7/5
f 2282/7/5 2278/7/5 2281/7/5
f 2283/7/5 2280/7/5 2279/7/5
f 2284/7/5 2280/7/5 2283/7/5
f 2289/1/5 2286/1/5 2285/1/5
f 2290/1/5 2286/1/5 2289/1/5
f 2291/1/5 2288/1/5 2287/1/5
f 2292/1/5 2288/1/5 2291/1/5
f 2297/6/5 2294/6/5 2293/6/5
f 2298/6/5 2294/6/5 2297/6/5
f 2299/6/5 2296/6/5 2295/6/5
f 2300/6/5 2296/6/5 2299/6/5
f 2305/1/5 2302/1/5 2301/1/5
f 2306/1/5 2302/1/5 2305/1/5
f 2307/1/5 2304/1/5 2303/1/5
f 2308/1/5 2304/1/5 2307/1/5
f 2313/1/5 2310/1/5 2309/1/5
f 2314/1/5 2312/1/5 2311/1/5
f 2315/1/5 2313/1/5 2309/1/5
f 2316/1/5 2313/1/5 2315/1/5
f 2317/1/5 2312/1/5 2314/1/5
f 2318/1/5 2312/1/5 2317/1/5
f 2323/1/5 2320/1/5 2319/1/5
f 2324/1/5 2320/1/5 2323/1/5
f 2325/1/5 2322/1/5 2321/1/5
f 2326/1/5 2322/1/5 2325/1/5
f 2331/2/5 2328/2/5 2327/2/5
f 2332/2/5 2328/2/5 2331/2/5
f 2333/2/5 2330/2/5 2329/2/5
f 2334/2/5 2330/2/5 2333/2/5
f 2335/6/6 2336/6/6 2339/6/6
f 2339/6/6 2336/6/6 2340/6/6
f 2337/6/6 2338/6/6 2341/6/6
f 2341/6/6 2338/6/6 2342/6/6
f 2343/6/6 2344/6/6 2351/6/6
f 2351/6/6 2344/6/6 2352/6/6
f 2345/6/6 2346/6/6 2353/6/6
f 2353/6/6 2346/6/6 2354/6/6
f 2347/6/6 2348/6/6 2355/6/6
f 2355/6/6 2348/6/6 2356/6/6
f 2349/6/6 2350/6/6 2357/6/6
f 2357/6/6 2350/6/6 2358/6/6
f 2359/1/6 2360/1/6 2375/1/6
f 2373/1/6 2374/1/6 2376/1/6
f 2375/1/6 2360/1/6 2377/1/6
f 2377/1/6 2360/1/6 2378/1/6
f 2361/1/6 2362/1/6 2379/1/6
f 2379/1/6 2362/1/6 2380/1/6
f 2363/1/6 2364/1/6 2381/1/6
f 2381/1/6 2364/1/6 2382/1/6
f 2365/1/6 2366/1/6 2383/1/6
f 2383/1/6 2366/1/6 2384/1/6
f 2367/1/6 2368/1/6 2385/1/6
f 2385/1/6 2368/1/6 2386/1/6
f 2369/1/6 2370/1/6 2387/1/6
f 2387/1/6 2370/1/6 2388/1/6
f 2371/1/6 2372/1/6 2389/1/6
f 2389/1/6 2372/1/6 2390/1/6
f 2373/1/6 2376/1/6 2391/1/6
f 2391/1/6 2376/1/6 2392/1/6
f 2393/1/6 2394/1/6 2397/1/6
f 2397/1/6 2394/1/6 2398/1/6
f 2395/1/6 2396/1/6 2399/1/6
f 2399/1/6 2396/1/6 2400/1/6
f 2401/1/6 2402/1/6 2405/1/6
f 2405/1/6 2402/1/6 2406/1/6
f 2403/1/6 2404/1/6 2407/1/6
f 2407/1/6 2404/1/6 2408/1/6
f 2409/6/6 2410/6/6 2413/6/6
f 2413/6/6 2410/6/6 2414/6/6
f 2411/6/6 2412/6/6 2415/6/6
f 2415/6/6 2412/6/6 2416/6/6
f 2417/6/6 2418/6/6 2419/6/6
f 2419/6/6 2418/6/6 2420/6/6
f 2421/6/6 2422/6/6 2433/6/6
f 2433/6/6 2422/6/6 2434/6/6
f 2423/6/6 2424/6/6 2435/6/6
f 2435/6/6 2424/6/6 2436/6/6
f 2425/6/6 2426/6/6 2437/6/6
f 2437/6/6 2426/6/6 2438/6/6
f 2427/6/6 2428/6/6 2439/6/6
f 2439/6/6 2428/6/6 2440/6/6
f 2429/6/6 2430/6/6 2441/6/6
f 2441/6/6 2430/6/6 2442/6/6
f 2431/6/6 2432/6/6 2443/6/6
f 2443/6/6 2432/6/6 2444/6/6
f 2445/1/6 2446/1/6 2449/1/6
f 2449/1/6 2446/1/6 2450/1/6
f 2447/1/6 2448/1/6 2451/1/6
f 2451/1/6 2448/1/6 2452/1/6
f 2453/6/6 2454/6/6 2461/6/6
f 2461/6/6 2454/6/6 2462/6/6
f 2455/6/6 2456/6/6 2463/6/6
f 2463/6/6 2456/6/6 2464/6/6
f 2457/6/6 2458/6/6 2465/6/6
f 2465/6/6 2458/6/6 2466/6/6
f 2459/6/6 2460/6/6 2467/6/6
f 2467/6/6 2460/6/6 2468/6/6
f 2469/7/6 2470/7/6 2473/7/6
f 2473/7/6 2470/7/6 2474/7/6
f 2471/7/6 2472/7/6 2475/7/6
f 2475/7/6 2472/7/6 2476/7/6
f 2477/6/6 2478/6/6 2481/6/6
f 2481/6/6 2478/6/6 2482/6/6
f 2482/6/6 2478/6/6 2483/6/6
f 2483/6/6 2478/6/6 2484/6/6
f 2479/6/6 2480/6/6 2485/6/6
f 2485/6/6 2480/6/6 2486/6/6
f 2486/6/6 2480/6/6 2487/6/6
f 2487/6/6 2480/6/6 2488/6/6
f 2482/6/6 2483/6/6 2489/6/6
f 2489/6/6 2483/6/6 2490/6/6
f 2486/6/6 2487/6/6 2491/6/6
f 2491/6/6 2487/6/6 2492/6/6
f 2493/1/6 2494/1/6 2496/1/6
f 2496/1/6 2494/1/6 2497/1/6
f 2495/1/6 2496/1/6 2500/1/6
f 2500/1/6 2496/1/6 2501/1/6
f 2497/1/6 2498/1/6 2502/1/6
f 2502/1/6 2498/1/6 2503/1/6
f 2499/1/6 2500/1/6 2505/1/6
f 2503/1/6 2504/1/6 2506/1/6
f 2499/1/6 2505/1/6 2507/1/6
f 2507/1/6 2505/1/6 2508/1/6
f 2506/1/6 2504/1/6 2509/1/6
f 2509/1/6 2504/1/6 2510/1/6
f 2507/2/6 2508/2/6 2511/2/6
f 2509/2/6 2510/2/6 2512/2/6
f 2507/2/6 2511/2/6 2513/2/6
f 2513/2/6 2511/2/6 2514/2/6
f 2512/2/6 2510/2/6 2515/2/6
f 2515/2/6 2510/2/6 2516/2/6
f 2513/1/6 2514/1/6 2517/1/6
f 2517/1/6 2514/1/6 2518/1/6
f 2515/1/6 2516/1/6 2519/1/6
f 2519/1/6 2516/1/6 2520/1/6
f 2521/2/6 2522/2/6 2526/2/6
f 2523/2/6 2524/2/6 2527/2/6
f 2525/2/6 2526/2/6 2530/2/6
f 2527/2/6 2528/2/6 2531/2/6
f 2529/2/6 2530/2/6 2536/2/6
f 2530/2/6 2526/2/6 2537/2/6
f 2536/2/6 2530/2/6 2537/2/6
f 2526/2/6 2522/2/6 2538/2/6
f 2537/2/6 2526/2/6 2538/2/6
f 2523/2/6 2527/2/6 2539/2/6
f 2527/2/6 2531/2/6 2539/2/6
f 2531/2/6 2532/2/6 2539/2/6
f 2539/2/6 2532/2/6 2540/2/6
f 2540/2/6 2532/2/6 2541/2/6
f 2536/2/6 2537/2/6 2545/2/6
f 2535/2/6 2536/2/6 2545/2/6
f 2545/2/6 2537/2/6 2546/2/6
f 2541/2/6 2542/2/6 2547/2/6
f 2540/2/6 2541/2/6 2547/2/6
f 2547/2/6 2542/2/6 2548/2/6
f 2533/2/6 2534/2/6 2549/2/6
f 2549/2/6 2534/2/6 2550/2/6
f 2535/2/6 2545/2/6 2551/2/6
f 2545/1/6 2546/1/6 2552/1/6
f 2551/2/6 2545/2/6 2552/2/6
f 2548/2/6 2542/2/6 2553/2/6
f 2547/1/6 2548/1/6 2553/1/6
f 2553/2/6 2542/2/6 2554/2/6
f 2543/2/6 2544/2/6 2555/2/6
f 2555/2/6 2544/2/6 2556/2/6
f 2552/1/6 2546/1/6 2557/1/6
f 2551/1/6 2552/1/6 2557/1/6
f 2553/1/6 2554/1/6 2558/1/6
f 2547/1/6 2553/1/6 2558/1/6
f 2551/1/6 2557/1/6 2560/1/6
f 2560/1/6 2557/1/6 2561/1/6
f 2558/1/6 2554/1/6 2566/1/6
f 2566/1/6 2554/1/6 2567/1/6
f 2559/1/6 2560/1/6 2569/1/6
f 2560/1/6 2561/1/6 2569/1/6
f 2561/1/6 2562/1/6 2569/1/6
f 2562/1/6 2563/1/6 2569/1/6
f 2569/1/6 2563/1/6 2570/1/6
f 2564/1/6 2565/1/6 2571/1/6
f 2567/1/6 2568/1/6 2571/1/6
f 2566/1/6 2567/1/6 2571/1/6
f 2565/1/6 2566/1/6 2571/1/6
f 2571/1/6 2568/1/6 2572/1/6
f 2549/1/6 2550/1/6 2573/1/6
f 2559/1/6 2569/1/6 2576/1/6
f 2576/1/6 2569/1/6 2577/1/6
f 2577/1/6 2569/1/6 2578/1/6
f 2572/1/6 2568/1/6 2579/1/6
f 2579/1/6 2568/1/6 2580/1/6
f 2580/1/6 2568/1/6 2581/1/6
f 2555/1/6 2556/1/6 2584/1/6
f 2573/1/6 2574/1/6 2585/1/6
f 2549/1/6 2573/1/6 2585/1/6
f 2585/1/6 2574/1/6 2586/1/6
f 2575/1/6 2576/1/6 2587/1/6
f 2576/1/6 2577/1/6 2587/1/6
f 2577/7/6 2578/7/6 2588/7/6
f 2587/1/6 2577/1/6 2588/1/6
f 2581/1/6 2582/1/6 2589/1/6
f 2579/7/6 2580/7/6 2589/7/6
f 2580/1/6 2581/1/6 2589/1/6
f 2589/1/6 2582/1/6 2590/1/6
f 2583/1/6 2584/1/6 2591/1/6
f 2584/1/6 2556/1/6 2592/1/6
f 2591/1/6 2584/1/6 2592/1/6
f 2575/1/6 2587/1/6 2593/1/6
f 2587/7/6 2588/7/6 2594/7/6
f 2593/1/6 2587/1/6 2594/1/6
f 2590/1/6 2582/1/6 2595/1/6
f 2589/7/6 2590/7/6 2595/7/6
f 2595/1/6 2582/1/6 2596/1/6
f 2585/7/6 2586/7/6 2597/7/6
f 2549/1/6 2585/1/6 2597/1/6
f 2597/7/6 2586/7/6 2598/7/6
f 2575/1/6 2593/1/6 2599/1/6
f 2593/7/6 2594/7/6 2600/7/6
f 2599/1/6 2593/1/6 2600/1/6
f 2596/1/6 2582/1/6 2601/1/6
f 2595/7/6 2596/7/6 2601/7/6
f 2601/1/6 2582/1/6 2602/1/6
f 2591/7/6 2592/7/6 2603/7/6
f 2592/1/6 2556/1/6 2604/1/6
f 2603/7/6 2592/7/6 2604/7/6
f 2597/1/6 2598/1/6 2605/1/6
f 2549/1/6 2597/1/6 2605/1/6
f 2605/1/6 2598/1/6 2606/1/6
f 2575/1/6 2599/1/6 2608/1/6
f 2599/7/6 2600/7/6 2609/7/6
f 2608/1/6 2599/1/6 2609/1/6
f 2602/1/6 2582/1/6 2610/1/6
f 2601/7/6 2602/7/6 2610/7/6
f 2610/1/6 2582/1/6 2611/1/6
f 2603/1/6 2604/1/6 2613/1/6
f 2604/1/6 2556/1/6 2614/1/6
f 2613/1/6 2604/1/6 2614/1/6
f 2607/1/6 2608/1/6 2615/1/6
f 2606/1/6 2607/1/6 2615/1/6
f 2608/7/6 2609/7/6 2616/7/6
f 2615/1/6 2608/1/6 2616/1/6
f 2570/1/6 2563/1/6 2617/1/6
f 2564/1/6 2571/1/6 2620/1/6
f 2612/1/6 2613/1/6 2621/1/6
f 2611/1/6 2612/1/6 2621/1/6
f 2610/7/6 2611/7/6 2621/7/6
f 2621/1/6 2613/1/6 2622/1/6
f 2606/1/6 2615/1/6 2623/1/6
f 2615/7/6 2616/7/6 2624/7/6
f 2623/1/6 2615/1/6 2624/1/6
f 2616/7/6 2609/7/6 2625/7/6
f 2624/7/6 2616/7/6 2625/7/6
f 2588/7/6 2578/7/6 2625/7/6
f 2594/7/6 2588/7/6 2625/7/6
f 2600/7/6 2594/7/6 2625/7/6
f 2609/7/6 2600/7/6 2625/7/6
f 2625/7/6 2578/7/6 2626/7/6
f 2617/1/6 2618/1/6 2627/1/6
f 2570/1/6 2617/1/6 2627/1/6
f 2627/1/6 2618/1/6 2628/1/6
f 2619/1/6 2620/1/6 2629/1/6
f 2620/1/6 2571/1/6 2630/1/6
f 2629/1/6 2620/1/6 2630/1/6
f 2621/7/6 2622/7/6 2631/7/6
f 2610/7/6 2621/7/6 2631/7/6
f 2579/7/6 2589/7/6 2631/7/6
f 2589/7/6 2595/7/6 2631/7/6
f 2601/7/6 2610/7/6 2631/7/6
f 2595/7/6 2601/7/6 2631/7/6
f 2631/7/6 2622/7/6 2632/7/6
f 2622/1/6 2613/1/6 2633/1/6
f 2632/7/6 2622/7/6 2633/7/6
f 2633/1/6 2613/1/6 2634/1/6
f 2623/7/6 2624/7/6 2635/7/6
f 2624/7/6 2625/7/6 2635/7/6
f 2635/7/6 2625/7/6 2636/7/6
f 2633/7/6 2634/7/6 2637/7/6
f 2632/7/6 2633/7/6 2637/7/6
f 2637/7/6 2634/7/6 2638/7/6
f 2629/2/6 2630/2/6 2639/2/6
f 2627/2/6 2628/2/6 2639/2/6
f 2628/2/6 2629/2/6 2639/2/6
f 2639/2/6 2630/2/6 2640/2/6
f 2641/1/6 2642/1/6 2644/1/6
f 2644/1/6 2642/1/6 2645/1/6
f 2643/1/6 2644/1/6 2647/1/6
f 2645/1/6 2646/1/6 2647/1/6
f 2644/1/6 2645/1/6 2647/1/6
f 2647/1/6 2646/1/6 2648/1/6
f 2643/1/6 2647/1/6 2649/1/6
f 2647/2/6 2648/2/6 2650/2/6
f 2649/1/6 2647/1/6 2650/1/6
f 2648/1/6 2646/1/6 2651/1/6
f 2650/2/6 2648/2/6 2651/2/6
f 2651/1/6 2646/1/6 2652/1/6
f 2649/2/6 2650/2/6 2653/2/6
f 2650/2/6 2651/2/6 2653/2/6
f 2651/2/6 2652/2/6 2653/2/6
f 2653/2/6 2652/2/6 2654/2/6
f 2649/2/6 2653/2/6 2655/2/6
f 2653/1/6 2654/1/6 2656/1/6
f 2655/2/6 2653/2/6 2656/2/6
f 2654/2/6 2652/2/6 2657/2/6
f 2656/1/6 2654/1/6 2657/1/6
f 2657/2/6 2652/2/6 2658/2/6
f 2655/1/6 2656/1/6 2659/1/6
f 2656/1/6 2657/1/6 2659/1/6
f 2657/1/6 2658/1/6 2659/1/6
f 2659/1/6 2658/1/6 2660/1/6
f 2655/1/6 2659/1/6 2661/1/6
f 2659/7/6 2660/7/6 2661/7/6
f 2660/1/6 2658/1/6 2662/1/6
f 2661/7/6 2660/7/6 2662/7/6
f 2655/1/6 2661/1/6 2664/1/6
f 2664/1/6 2661/1/6 2665/1/6
f 2662/1/6 2658/1/6 2666/1/6
f 2666/1/6 2658/1/6 2667/1/6
f 2663/1/6 2664/1/6 2669/1/6
f 2667/1/6 2668/1/6 2670/1/6
f 2663/1/6 2669/1/6 2671/1/6
f 2671/1/6 2669/1/6 2672/1/6
f 2670/1/6 2668/1/6 2673/1/6
f 2673/1/6 2668/1/6 2674/1/6
f 2675/2/6 2676/2/6 2683/2/6
f 2683/2/6 2676/2/6 2684/2/6
f 2681/2/6 2682/2/6 2685/2/6
f 2685/2/6 2682/2/6 2686/2/6
f 2683/1/6 2684/1/6 2687/1/6
f 2687/1/6 2684/1/6 2688/1/6
f 2685/1/6 2686/1/6 2689/1/6
f 2689/1/6 2686/1/6 2690/1/6
f 2677/7/6 2678/7/6 2691/7/6
f 2691/7/6 2678/7/6 2692/7/6
f 2679/7/6 2680/7/6 2693/7/6
f 2693/7/6 2680/7/6 2694/7/6
f 2688/1/6 2684/1/6 2695/1/6
f 2695/1/6 2684/1/6 2696/1/6
f 2691/6/6 2692/6/6 2697/6/6
f 2697/6/6 2692/6/6 2698/6/6
f 2693/6/6 2694/6/6 2699/6/6
f 2699/6/6 2694/6/6 2700/6/6
f 2685/1/6 2689/1/6 2701/1/6
f 2701/1/6 2689/1/6 2702/1/6
f 2683/1/6 2687/1/6 2707/1/6
f 2707/1/6 2687/1/6 2708/1/6
f 2688/1/6 2695/1/6 2709/1/6
f 2709/1/6 2695/1/6 2710/1/6
f 2702/1/6 2689/1/6 2711/1/6
f 2711/1/6 2689/1/6 2712/1/6
f 2690/1/6 2686/1/6 2713/1/6
f 2713/1/6 2686/1/6 2714/1/6
f 2703/7/6 2704/7/6 2715/7/6
f 2715/7/6 2704/7/6 2716/7/6
f 2705/7/6 2706/7/6 2717/7/6
f 2717/7/6 2706/7/6 2718/7/6
f 2688/1/6 2709/1/6 2719/1/6
f 2719/1/6 2709/1/6 2720/1/6
f 2712/1/6 2689/1/6 2725/1/6
f 2725/1/6 2689/1/6 2726/1/6
f 2721/7/6 2722/7/6 2727/7/6
f 2727/7/6 2722/7/6 2728/7/6
f 2723/7/6 2724/7/6 2729/7/6
f 2729/7/6 2724/7/6 2730/7/6
f 2728/7/6 2729/7/6 2731/7/6
f 2731/7/6 2729/7/6 2732/7/6
f 2733/7/6 2734/7/6 2736/7/6
f 2736/7/6 2734/7/6 2737/7/6
f 2735/1/6 2736/1/6 2739/1/6
f 2736/7/6 2737/7/6 2740/7/6
f 2739/1/6 2736/1/6 2740/1/6
f 2737/1/6 2738/1/6 2741/1/6
f 2740/7/6 2737/7/6 2741/7/6
f 2741/1/6 2738/1/6 2742/1/6
f 2739/7/6 2740/7/6 2743/7/6
f 2743/7/6 2740/7/6 2744/7/6
f 2741/7/6 2742/7/6 2745/7/6
f 2745/7/6 2742/7/6 2746/7/6
f 2747/7/6 2748/7/6 2755/7/6
f 2755/7/6 2748/7/6 2756/7/6
f 2749/7/6 2750/7/6 2757/7/6
f 2757/7/6 2750/7/6 2758/7/6
f 2755/6/6 2756/6/6 2759/6/6
f 2759/6/6 2756/6/6 2760/6/6
f 2757/6/6 2758/6/6 2761/6/6
f 2761/6/6 2758/6/6 2762/6/6
f 2751/1/6 2752/1/6 2763/1/6
f 2753/1/6 2754/1/6 2768/1/6
f 2764/7/6 2765/7/6 2769/7/6
f 2769/7/6 2765/7/6 2770/7/6
f 2766/7/6 2767/7/6 2771/7/6
f 2771/7/6 2767/7/6 2772/7/6
f 2769/6/6 2770/6/6 2773/6/6
f 2773/6/6 2770/6/6 2774/6/6
f 2771/6/6 2772/6/6 2775/6/6
f 2775/6/6 2772/6/6 2776/6/6
f 2773/7/6 2774/7/6 2779/7/6
f 2775/7/6 2776/7/6 2780/7/6
f 2763/1/6 2752/1/6 2783/1/6
f 2783/1/6 2752/1/6 2784/1/6
f 2777/7/6 2778/7/6 2785/7/6
f 2785/7/6 2778/7/6 2786/7/6
f 2779/7/6 2780/7/6 2787/7/6
f 2773/7/6 2779/7/6 2787/7/6
f 2787/7/6 2780/7/6 2788/7/6
f 2780/7/6 2776/7/6 2789/7/6
f 2788/7/6 2780/7/6 2789/7/6
f 2789/7/6 2776/7/6 2790/7/6
f 2781/7/6 2782/7/6 2791/7/6
f 2791/7/6 2782/7/6 2792/7/6
f 2753/1/6 2768/1/6 2793/1/6
f 2793/1/6 2768/1/6 2794/1/6
f 2788/7/6 2789/7/6 2795/7/6
f 2795/7/6 2789/7/6 2796/7/6
f 2797/4/6 2798/4/6 2800/4/6
f 2800/4/6 2798/4/6 2801/4/6
f 2799/4/6 2800/4/6 2804/4/6
f 2801/4/6 2802/4/6 2804/4/6
f 2800/4/6 2801/4/6 2804/4/6
f 2804/4/6 2802/4/6 2805/4/6
f 2805/4/6 2802/4/6 2806/4/6
f 2806/4/6 2802/4/6 2807/4/6
f 2803/7/6 2804/7/6 2809/7/6
f 2804/4/6 2805/4/6 2810/4/6
f 2809/7/6 2804/7/6 2810/7/6
f 2810/4/6 2805/4/6 2811/4/6
f 2806/4/6 2807/4/6 2812/4/6
f 2807/7/6 2808/7/6 2813/7/6
f 2812/4/6 2807/4/6 2813/4/6
f 2813/7/6 2808/7/6 2814/7/6
f 2815/7/6 2816/7/6 2819/7/6
f 2817/7/6 2818/7/6 2820/7/6
f 2815/7/6 2819/7/6 2821/7/6
f 2821/7/6 2819/7/6 2822/7/6
f 2820/7/6 2818/7/6 2823/7/6
f 2823/7/6 2818/7/6 2824/7/6
f 2821/6/6 2822/6/6 2825/6/6
f 2825/6/6 2822/6/6 2826/6/6
f 2823/6/6 2824/6/6 2827/6/6
f 2827/6/6 2824/6/6 2828/6/6
f 2825/7/6 2826/7/6 2831/7/6
f 2831/7/6 2826/7/6 2832/7/6
f 2827/7/6 2828/7/6 2833/7/6
f 2833/7/6 2828/7/6 2834/7/6
f 2829/1/6 2830/1/6 2837/1/6
f 2837/1/6 2830/1/6 2838/1/6
f 2832/7/6 2833/7/6 2839/7/6
f 2839/7/6 2833/7/6 2840/7/6
f 2835/1/6 2836/1/6 2841/1/6
f 2841/1/6 2836/1/6 2842/1/6
f 2839/6/6 2840/6/6 2843/6/6
f 2843/6/6 2840/6/6 2844/6/6
f 2843/7/6 2844/7/6 2845/7/6
f 2845/7/6 2844/7/6 2846/7/6
f 2847/6/6 2848/6/6 2851/6/6
f 2851/6/6 2848/6/6 2852/6/6
f 2849/6/6 2850/6/6 2853/6/6
f 2853/6/6 2850/6/6 2854/6/6
f 2855/4/6 2856/4/6 2859/4/6
f 2859/4/6 2856/4/6 2860/4/6
f 2857/7/6 2858/7/6 2863/7/6
f 2863/7/6 2858/7/6 2864/7/6
f 2861/7/6 2862/7/6 2867/7/6
f 2867/7/6 2862/7/6 2868/7/6
f 2865/4/6 2866/4/6 2869/4/6
f 2869/4/6 2866/4/6 2870/4/6
f 2869/7/6 2870/7/6 2872/7/6
f 2872/7/6 2870/7/6 2873/7/6
f 2872/7/6 2873/7/6 2875/7/6
f 2873/7/6 2874/7/6 2875/7/6
f 2871/7/6 2872/7/6 2875/7/6
f 2875/7/6 2874/7/6 2876/7/6
f 2875/6/6 2876/6/6 2877/6/6
f 2877/6/6 2876/6/6 2878/6/6
f 2877/7/6 2878/7/6 2879/7/6
f 2879/7/6 2878/7/6 2880/7/6
f 2881/1/6 2882/1/6 2885/1/6
f 2883/1/6 2884/1/6 2886/1/6
f 2885/1/6 2882/1/6 2887/1/6
f 2887/1/6 2882/1/6 2888/1/6
f 2883/1/6 2886/1/6 2889/1/6
f 2889/1/6 2886/1/6 2890/1/6
f 2891/7/6 2892/7/6 2893/7/6
f 2893/7/6 2892/7/6 2894/7/6
f 2891/7/6 2893/7/6 2895/7/6
f 2895/7/6 2893/7/6 2896/7/6
f 2894/7/6 2892/7/6 2897/7/6
f 2897/7/6 2892/7/6 2898/7/6
f 2899/1/6 2900/1/6 2903/1/6
f 2903/1/6 2900/1/6 2904/1/6
f 2901/1/6 2902/1/6 2905/1/6
f 2905/1/6 2902/1/6 2906/1/6
f 2907/1/6 2908/1/6 2911/1/6
f 2911/1/6 2908/1/6 2912/1/6
f 2909/1/6 2910/1/6 2913/1/6
f 2913/1/6 2910/1/6 2914/1/6
f 2915/2/6 2916/2/6 2919/2/6
f 2919/2/6 2916/2/6 2920/2/6
f 2917/2/6 2918/2/6 2921/2/6
f 2921/2/6 2918/2/6 2922/2/6
